cpu_name,cpu_performance_score,cpu_cores,cpu_threads,cpu_base_clock,cpu_boost_clock,cpu_cache,cpu_tdp,gpu_name,gpu_performance_score,gpu_vram,gpu_base_clock,gpu_boost_clock,gpu_tdp,gpu_memory_bus,resolution,resolution_weight,cpu_gpu_score_ratio,total_tdp,vram_bandwidth,bottleneck_percent,bottleneck_side,fps_estimate
AMD Ryzen 9 7950X,42000,16,32,4.5,5.7,80,170,AMD RX 6900 XT,26000,16,1825,2250,300,256,4K,2.5,1.6154,470,4096,51.6,CPU,27
Intel Core i5-12400F,19000,6,12,2.5,4.4,18,65,NVIDIA RTX 4070 Ti SUPER,29000,16,2340,2610,285,256,1440p,1.5,0.6552,350,4096,63.16,CPU,48
AMD Ryzen 5 7600X,27000,6,12,4.7,5.3,38,105,NVIDIA RTX 4090,38000,24,2235,2520,450,384,4K,2.5,0.7105,555,9216,76.4,CPU,31
AMD Ryzen 5 5500,18000,6,12,3.6,4.2,19,65,AMD RX 6900 XT,26000,16,1825,2250,300,256,4K,2.5,0.6923,365,4096,78.11,CPU,23
Intel Core i7-13700K,35000,16,24,3.4,5.4,30,125,AMD RX 6900 XT,26000,16,1825,2250,300,256,1080p,1.0,1.3462,425,4096,26.11,GPU,93
Intel Core i7-12700K,30000,12,20,3.6,5.0,25,125,AMD RX 7600,16000,8,1720,2655,165,128,1080p,1.0,1.875,290,1024,46.37,GPU,45
AMD Ryzen 7 5800X,26000,8,16,3.8,4.7,36,105,AMD RX 7700 XT,21000,12,1700,2544,245,192,1080p,1.0,1.2381,350,2304,20.29,GPU,78
Intel Core i7-13700K,35000,16,24,3.4,5.4,30,125,NVIDIA RTX 3080,25000,10,1440,1710,320,320,1440p,1.5,1.4,445,3200,16.31,CPU,60
Intel Core i3-10100F,10000,4,8,3.6,4.3,6,65,NVIDIA RTX 3060 Ti,19000,8,1410,1665,200,256,1080p,1.0,0.5263,265,2048,47.02,CPU,53
AMD Ryzen 5 7600,25000,6,12,3.8,5.1,38,65,NVIDIA RTX 4070 Ti,27000,12,2310,2610,285,192,1080p,1.0,0.9259,350,2304,8.04,CPU,98
AMD Ryzen 9 5950X,32000,16,32,3.4,4.9,72,105,NVIDIA RTX 4070 Ti SUPER,29000,16,2340,2610,285,256,1440p,1.5,1.1034,390,4096,34.54,CPU,59
AMD Ryzen 9 7950X,42000,16,32,4.5,5.7,80,170,AMD RX 6500 XT,8000,4,2310,2815,107,64,1080p,1.0,5.25,277,256,80.91,GPU,17
Intel Core i3-12100F,13000,4,8,3.3,4.3,12,58,NVIDIA GTX 1650,7000,4,1485,1665,75,128,1440p,1.5,1.8571,133,512,7.07,GPU,17
Intel Core i7-12700K,30000,12,20,3.6,5.0,25,125,NVIDIA RTX 3060 Ti,19000,8,1410,1665,200,256,1080p,1.0,1.5789,325,2048,38.26,GPU,63
Intel Core i9-12900K,35000,16,24,3.2,5.2,30,125,AMD RX 580,9000,8,1257,1340,185,256,1440p,1.5,3.8889,310,2048,57.99,GPU,16
Intel Core i9-13900K,40000,24,32,3.0,5.8,36,125,AMD RX 580,9000,8,1257,1340,185,256,1080p,1.0,4.4444,310,2048,75.88,GPU,19
AMD Ryzen 7 7800X3D,34000,8,16,4.2,5.0,104,120,AMD RX 580,9000,8,1257,1340,185,256,1440p,1.5,3.7778,305,2048,55.03,GPU,17
Intel Core i3-13100F,14000,4,8,3.4,4.5,12,58,NVIDIA RTX 4080,32000,16,2205,2505,320,256,1440p,1.5,0.4375,378,4096,77.28,CPU,44
Intel Core i9-14900K,41000,24,32,3.2,6.0,36,125,AMD RX 7600,16000,8,1720,2655,165,128,1440p,1.5,2.5625,290,1024,33.63,GPU,34
Intel Core i3-10100F,10000,4,8,3.6,4.3,6,65,AMD RX 6700 XT,18000,12,2321,2581,230,192,1440p,1.5,0.5556,295,2304,68.43,CPU,29
AMD Ryzen 7 5800X,26000,8,16,3.8,4.7,36,105,NVIDIA RTX 4070 SUPER,26000,12,1980,2475,220,192,1080p,1.0,1.0,325,2304,1.43,BALANCED,106
AMD Ryzen 9 7950X,42000,16,32,4.5,5.7,80,170,NVIDIA GT 1030,3000,2,1228,1468,30,64,1080p,1.0,14.0,200,128,92.85,GPU,6
Intel Core i5-12600K,25000,10,16,3.7,4.9,20,125,AMD RX 580,9000,8,1257,1340,185,256,4K,2.5,2.7778,310,2048,15.72,CPU,13
Intel Core i9-14900K,41000,24,32,3.2,6.0,36,125,NVIDIA RTX 3090,27000,24,1395,1695,350,384,1440p,1.5,1.5185,475,9216,13.4,CPU,68
AMD Ryzen 5 5600X,21000,6,12,3.7,4.6,35,65,AMD RX 6600,14000,8,1626,2491,132,128,4K,2.5,1.5,197,1024,50.98,CPU,16
AMD Ryzen 9 7950X,42000,16,32,4.5,5.7,80,170,NVIDIA RTX 3050,12000,8,1552,1777,130,128,1080p,1.0,3.5,300,1024,72.76,GPU,26
AMD Ryzen 9 7950X,42000,16,32,4.5,5.7,80,170,AMD RX 7600,16000,8,1720,2655,165,128,1440p,1.5,2.625,335,1024,39.31,GPU,32
AMD Ryzen 3 4100,11000,4,8,3.8,4.0,6,65,NVIDIA RTX 4080,32000,16,2205,2505,320,256,1440p,1.5,0.3438,385,4096,79.61,CPU,42
AMD Ryzen 5 5600,20000,6,12,3.5,4.4,35,65,NVIDIA RTX 3080,25000,10,1440,1710,320,320,1440p,1.5,0.8,385,3200,54.14,CPU,44
Intel Core i9-14900K,41000,24,32,3.2,6.0,36,125,NVIDIA GT 1030,3000,2,1228,1468,30,64,1080p,1.0,13.6667,155,128,92.27,GPU,6
AMD Ryzen 7 5700X,24000,8,16,3.4,4.6,36,65,NVIDIA RTX 4090,38000,24,2235,2520,450,384,1080p,1.0,0.6316,515,9216,36.29,CPU,120
AMD Ryzen 5 5500,18000,6,12,3.6,4.2,19,65,AMD RX 7900 XTX,34000,24,1855,2499,355,384,4K,2.5,0.5294,420,9216,83.91,CPU,27
Intel Core i7-13700K,35000,16,24,3.4,5.4,30,125,NVIDIA RTX 3060 Ti,19000,8,1410,1665,200,256,1440p,1.5,1.8421,325,2048,7.89,GPU,51
Intel Core i3-13100F,14000,4,8,3.4,4.5,12,58,AMD RX 7600,16000,8,1720,2655,165,128,4K,2.5,0.875,223,1024,72.11,CPU,15
AMD Ryzen 7 5800X,26000,8,16,3.8,4.7,36,105,NVIDIA RTX 4070 Ti,27000,12,2310,2610,285,192,1080p,1.0,0.963,390,2304,0,BALANCED,107
Intel Core i5-10400F,14000,6,12,2.9,4.3,12,65,AMD RX 580,9000,8,1257,1340,185,256,1080p,1.0,1.5556,250,2048,35.93,GPU,26
AMD Ryzen 7 7700X,32000,8,16,4.5,5.4,40,105,NVIDIA RTX 4070 Ti SUPER,29000,16,2340,2610,285,256,1080p,1.0,1.1034,390,4096,9.05,GPU,103
Intel Core i5-12600K,25000,10,16,3.7,4.9,20,125,AMD RX 6900 XT,26000,16,1825,2250,300,256,1080p,1.0,0.9615,425,4096,0,BALANCED,106
AMD Ryzen 5 5600,20000,6,12,3.5,4.4,35,65,NVIDIA RTX 3060 Ti,19000,8,1410,1665,200,256,1080p,1.0,1.0526,265,2048,0.33,BALANCED,76
AMD Ryzen 7 5700X,24000,8,16,3.4,4.6,36,65,NVIDIA RTX 4060 Ti,20000,8,2310,2535,160,128,1080p,1.0,1.2,225,1024,16.94,GPU,72
Intel Core i5-10400F,14000,6,12,2.9,4.3,12,65,NVIDIA GTX 1660 SUPER,10000,6,1530,1785,125,192,1440p,1.5,1.4,190,1152,19.33,CPU,22
AMD Ryzen 5 7600X,27000,6,12,4.7,5.3,38,105,NVIDIA RTX 4060,18000,8,1830,2460,115,128,1080p,1.0,1.5,220,1024,33.48,GPU,57
Intel Core i7-12700K,30000,12,20,3.6,5.0,25,125,NVIDIA RTX 4090,38000,24,2235,2520,450,384,1080p,1.0,0.7895,575,9216,18.36,CPU,126
Intel Core i3-12100F,13000,4,8,3.3,4.3,12,58,NVIDIA RTX 4060 Ti,20000,8,2310,2535,160,128,1080p,1.0,0.65,218,1024,35.61,CPU,67
AMD Ryzen 5 5500,18000,6,12,3.6,4.2,19,65,AMD RX 7800 XT,24000,16,1295,2430,263,256,4K,2.5,0.75,328,4096,78.2,CPU,21
AMD Ryzen 5 5600,20000,6,12,3.5,4.4,35,65,AMD RX 7900 XTX,34000,24,1855,2499,355,384,1440p,1.5,0.5882,420,9216,64.61,CPU,56
Intel Core i5-13400F,22000,10,16,2.5,4.6,20,65,AMD RX 7900 XTX,34000,24,1855,2499,355,384,4K,2.5,0.6471,420,9216,76.71,CPU,29
Intel Core i7-14700K,37000,20,28,3.4,5.6,33,125,NVIDIA RTX 4060,18000,8,1830,2460,115,128,1080p,1.0,2.0556,240,1024,47.47,GPU,48
Intel Core i3-13100F,14000,4,8,3.4,4.5,12,58,AMD RX 7600,16000,8,1720,2655,165,128,1440p,1.5,0.875,223,1024,46.64,CPU,29
Intel Core i3-13100F,14000,4,8,3.4,4.5,12,58,NVIDIA GTX 1650,7000,4,1485,1665,75,128,4K,2.5,2.0,133,512,35.6,CPU,8
Intel Core i5-10400F,14000,6,12,2.9,4.3,12,65,NVIDIA RTX 4070 Ti,27000,12,2310,2610,285,192,4K,2.5,0.5185,350,2304,87.18,CPU,22
Intel Core i9-12900K,35000,16,24,3.2,5.2,30,125,AMD RX 6900 XT,26000,16,1825,2250,300,256,1080p,1.0,1.3462,425,4096,25.36,GPU,86
Intel Core i5-12600K,25000,10,16,3.7,4.9,20,125,NVIDIA RTX 3080,25000,10,1440,1710,320,320,1080p,1.0,1.0,445,3200,0,BALANCED,107
Intel Core i3-10100F,10000,4,8,3.6,4.3,6,65,NVIDIA RTX 4080,32000,16,2205,2505,320,256,4K,2.5,0.3125,385,4096,88.24,CPU,24
AMD Ryzen 5 7600,25000,6,12,3.8,5.1,38,65,NVIDIA RTX 4070 Ti SUPER,29000,16,2340,2610,285,256,1440p,1.5,0.8621,350,4096,44.46,CPU,55
Intel Core i9-14900K,41000,24,32,3.2,6.0,36,125,NVIDIA RTX 4060 Ti,20000,8,2310,2535,160,128,4K,2.5,2.05,285,1024,33.78,CPU,25
Intel Core i9-13900K,40000,24,32,3.0,5.8,36,125,AMD RX 6800 XT,24000,16,1825,2250,300,256,1440p,1.5,1.6667,425,4096,0,BALANCED,64
AMD Ryzen 5 5600,20000,6,12,3.5,4.4,35,65,AMD RX 6700 XT,18000,12,2321,2581,230,192,1080p,1.0,1.1111,295,2304,14.52,GPU,66
Intel Core i3-13100F,14000,4,8,3.4,4.5,12,58,AMD RX 7600,16000,8,1720,2655,165,128,1080p,1.0,0.875,223,1024,12.84,CPU,57
AMD Ryzen 7 5800X,26000,8,16,3.8,4.7,36,105,NVIDIA RTX 3050,12000,8,1552,1777,130,128,1440p,1.5,2.1667,235,1024,24.56,GPU,27
AMD Ryzen 7 7800X3D,34000,8,16,4.2,5.0,104,120,AMD RX 7600,16000,8,1720,2655,165,128,4K,2.5,2.125,285,1024,40.29,CPU,19
Intel Core i3-10100F,10000,4,8,3.6,4.3,6,65,NVIDIA RTX 3060 Ti,19000,8,1410,1665,200,256,4K,2.5,0.5263,265,2048,84.53,CPU,15
AMD Ryzen 9 5950X,32000,16,32,3.4,4.9,72,105,AMD RX 6600,14000,8,1626,2491,132,128,1080p,1.0,2.2857,237,1024,60.22,GPU,39
Intel Core i5-14400F,24000,10,16,2.5,4.7,20,65,AMD RX 6700 XT,18000,12,2321,2581,230,192,1080p,1.0,1.3333,295,2304,25.27,GPU,61
AMD Ryzen 5 5600X,21000,6,12,3.7,4.6,35,65,AMD RX 7700 XT,21000,12,1700,2544,245,192,1440p,1.5,1.0,310,2304,43.29,CPU,40
Intel Core i5-12600K,25000,10,16,3.7,4.9,20,125,NVIDIA RTX 4070 Ti SUPER,29000,16,2340,2610,285,256,1080p,1.0,0.8621,410,4096,13.07,CPU,109
Intel Core i5-14400F,24000,10,16,2.5,4.7,20,65,AMD RX 6600,14000,8,1626,2491,132,128,4K,2.5,1.7143,197,1024,45.39,CPU,16
Intel Core i9-13900K,40000,24,32,3.0,5.8,36,125,NVIDIA RTX 3060,16000,12,1320,1777,170,192,4K,2.5,2.5,295,2304,24.71,CPU,22
AMD Ryzen 9 7950X,42000,16,32,4.5,5.7,80,170,NVIDIA GTX 1660 SUPER,10000,6,1530,1785,125,192,4K,2.5,4.2,295,1152,23.3,GPU,13
AMD Ryzen 5 7600X,27000,6,12,4.7,5.3,38,105,NVIDIA RTX 3050,12000,8,1552,1777,130,128,4K,2.5,2.25,235,1024,28.72,CPU,15
AMD Ryzen 9 7900X,38000,12,24,4.7,5.6,76,170,NVIDIA RTX 4080,32000,16,2205,2505,320,256,1080p,1.0,1.1875,490,4096,14.38,GPU,109
AMD Ryzen 5 5600X,21000,6,12,3.7,4.6,35,65,NVIDIA RTX 4070,23000,12,1920,2475,200,192,1080p,1.0,0.913,265,2304,9.91,CPU,90
AMD Ryzen 5 5600,20000,6,12,3.5,4.4,35,65,AMD RX 7700 XT,21000,12,1700,2544,245,192,1440p,1.5,0.9524,310,2304,43.04,CPU,43
Intel Core i9-14900K,41000,24,32,3.2,6.0,36,125,NVIDIA RTX 4060,18000,8,1830,2460,115,128,1080p,1.0,2.2778,240,1024,59.2,GPU,45
Intel Core i3-13100F,14000,4,8,3.4,4.5,12,58,NVIDIA RTX 4070 Ti SUPER,29000,16,2340,2610,285,256,1080p,1.0,0.4828,343,4096,51.03,CPU,81
AMD Ryzen 7 7700X,32000,8,16,4.5,5.4,40,105,NVIDIA RTX 3080,25000,10,1440,1710,320,320,1080p,1.0,1.28,425,3200,21.98,GPU,82
Intel Core i5-13600K,28000,14,20,3.5,5.1,24,125,NVIDIA RTX 4060,18000,8,1830,2460,115,128,1080p,1.0,1.5556,240,1024,37.05,GPU,58
Intel Core i9-14900K,41000,24,32,3.2,6.0,36,125,AMD RX 7700 XT,21000,12,1700,2544,245,192,4K,2.5,1.9524,370,2304,40.19,CPU,23
Intel Core i3-13100F,14000,4,8,3.4,4.5,12,58,AMD RX 580,9000,8,1257,1340,185,256,1440p,1.5,1.5556,243,2048,6.85,CPU,23
Intel Core i3-10100F,10000,4,8,3.6,4.3,6,65,AMD RX 580,9000,8,1257,1340,185,256,4K,2.5,1.1111,250,2048,67.81,CPU,8
AMD Ryzen 5 7600,25000,6,12,3.8,5.1,38,65,NVIDIA GTX 1660 SUPER,10000,6,1530,1785,125,192,4K,2.5,2.5,190,1152,24.14,CPU,14
AMD Ryzen 9 7900X,38000,12,24,4.7,5.6,76,170,AMD RX 6900 XT,26000,16,1825,2250,300,256,1440p,1.5,1.4615,470,4096,9.79,CPU,65
AMD Ryzen 3 4100,11000,4,8,3.8,4.0,6,65,AMD RX 6900 XT,26000,16,1825,2250,300,256,1080p,1.0,0.4231,365,4096,60.09,CPU,71
Intel Core i5-14600K,30000,14,20,3.5,5.3,24,125,AMD RX 7700 XT,21000,12,1700,2544,245,192,4K,2.5,1.4286,370,2304,54.18,CPU,21
Intel Core i5-10400F,14000,6,12,2.9,4.3,12,65,NVIDIA RTX 4070,23000,12,1920,2475,200,192,4K,2.5,0.6087,265,2304,82.3,CPU,20
AMD Ryzen 5 5600,20000,6,12,3.5,4.4,35,65,NVIDIA GTX 1650,7000,4,1485,1665,75,128,4K,2.5,2.8571,140,512,13.87,CPU,11
Intel Core i5-12400F,19000,6,12,2.5,4.4,18,65,NVIDIA RTX 3070,21000,8,1500,1730,220,256,1080p,1.0,0.9048,285,2048,4.93,CPU,80
AMD Ryzen 9 5900X,29000,12,24,3.7,4.8,70,105,NVIDIA RTX 3090,27000,24,1395,1695,350,384,1080p,1.0,1.0741,455,9216,1.96,BALANCED,110
AMD Ryzen 7 7700X,32000,8,16,4.5,5.4,40,105,NVIDIA RTX 4060,18000,8,1830,2460,115,128,1440p,1.5,1.7778,220,1024,3.16,BALANCED,49
Intel Core i5-10400F,14000,6,12,2.9,4.3,12,65,NVIDIA RTX 4080,32000,16,2205,2505,320,256,1440p,1.5,0.4375,385,4096,76.82,CPU,48
AMD Ryzen 9 7900X,38000,12,24,4.7,5.6,76,170,AMD RX 6500 XT,8000,4,2310,2815,107,64,4K,2.5,4.75,277,256,27.79,GPU,11
AMD Ryzen 5 5600X,21000,6,12,3.7,4.6,35,65,NVIDIA RTX 4070 Ti SUPER,29000,16,2340,2610,285,256,1080p,1.0,0.7241,350,4096,29.07,CPU,94
AMD Ryzen 3 4100,11000,4,8,3.8,4.0,6,65,NVIDIA RTX 4080,32000,16,2205,2505,320,256,4K,2.5,0.3438,385,4096,89.59,CPU,24
AMD Ryzen 9 7950X,42000,16,32,4.5,5.7,80,170,AMD RX 6500 XT,8000,4,2310,2815,107,64,4K,2.5,5.25,277,256,36.97,GPU,9
AMD Ryzen 9 5900X,29000,12,24,3.7,4.8,70,105,AMD RX 7900 XTX,34000,24,1855,2499,355,384,1080p,1.0,0.8529,460,9216,15.17,CPU,122
Intel Core i5-12400F,19000,6,12,2.5,4.4,18,65,AMD RX 6800 XT,24000,16,1825,2250,300,256,1440p,1.5,0.7917,365,4096,55.05,CPU,44
Intel Core i7-12700K,30000,12,20,3.6,5.0,25,125,AMD RX 7600,16000,8,1720,2655,165,128,1440p,1.5,1.875,290,1024,12.3,GPU,43
AMD Ryzen 7 7800X3D,34000,8,16,4.2,5.0,104,120,NVIDIA RTX 4080,32000,16,2205,2505,320,256,4K,2.5,1.0625,440,4096,68.4,CPU,31
AMD Ryzen 9 5900X,29000,12,24,3.7,4.8,70,105,NVIDIA RTX 3060 Ti,19000,8,1410,1665,200,256,1440p,1.5,1.5263,305,2048,9.96,CPU,49
Intel Core i3-12100F,13000,4,8,3.3,4.3,12,58,NVIDIA RTX 4070 Ti SUPER,29000,16,2340,2610,285,256,1440p,1.5,0.4483,343,4096,73.94,CPU,45
Intel Core i7-14700K,37000,20,28,3.4,5.6,33,125,AMD RX 6500 XT,8000,4,2310,2815,107,64,4K,2.5,4.625,232,256,29.59,GPU,11
AMD Ryzen 9 7950X,42000,16,32,4.5,5.7,80,170,NVIDIA RTX 4070 Ti,27000,12,2310,2610,285,192,4K,2.5,1.5556,455,2304,53.44,CPU,28
Intel Core i3-12100F,13000,4,8,3.3,4.3,12,58,AMD RX 6900 XT,26000,16,1825,2250,300,256,1440p,1.5,0.5,358,4096,70.74,CPU,40
AMD Ryzen 5 7600X,27000,6,12,4.7,5.3,38,105,NVIDIA RTX 4080 SUPER,33000,16,2295,2550,320,256,1440p,1.5,0.8182,425,4096,51.24,CPU,62
AMD Ryzen 5 7600X,27000,6,12,4.7,5.3,38,105,NVIDIA RTX 4060,18000,8,1830,2460,115,128,4K,2.5,1.5,220,1024,57.08,CPU,20
Intel Core i9-14900K,41000,24,32,3.2,6.0,36,125,NVIDIA RTX 3060,16000,12,1320,1777,170,192,4K,2.5,2.5625,295,2304,24.6,CPU,21
Intel Core i5-13400F,22000,10,16,2.5,4.6,20,65,AMD RX 6900 XT,26000,16,1825,2250,300,256,4K,2.5,0.8462,365,4096,74.55,CPU,24
AMD Ryzen 5 7600X,27000,6,12,4.7,5.3,38,105,NVIDIA RTX 4080,32000,16,2205,2505,320,256,1080p,1.0,0.8438,425,4096,12.4,CPU,124
Intel Core i5-13400F,22000,10,16,2.5,4.6,20,65,AMD RX 6700 XT,18000,12,2321,2581,230,192,1080p,1.0,1.2222,295,2304,16.04,GPU,61
AMD Ryzen 5 7600X,27000,6,12,4.7,5.3,38,105,NVIDIA GT 1030,3000,2,1228,1468,30,64,4K,2.5,9.0,135,128,65.02,GPU,5
AMD Ryzen 5 5500,18000,6,12,3.6,4.2,19,65,NVIDIA RTX 3080,25000,10,1440,1710,320,320,1080p,1.0,0.72,385,3200,28.32,CPU,77
Intel Core i3-12100F,13000,4,8,3.3,4.3,12,58,NVIDIA RTX 4070 Ti,27000,12,2310,2610,285,192,1080p,1.0,0.4815,343,2304,54.92,CPU,72
AMD Ryzen 9 7950X,42000,16,32,4.5,5.7,80,170,AMD RX 6600,14000,8,1626,2491,132,128,1440p,1.5,3.0,302,1024,42.91,GPU,26
AMD Ryzen 9 7900X,38000,12,24,4.7,5.6,76,170,AMD RX 580,9000,8,1257,1340,185,256,1080p,1.0,4.2222,355,2048,77.15,GPU,19
AMD Ryzen 9 5900X,29000,12,24,3.7,4.8,70,105,AMD RX 6900 XT,26000,16,1825,2250,300,256,1080p,1.0,1.1154,405,4096,11.17,GPU,94
Intel Core i5-12600K,25000,10,16,3.7,4.9,20,125,NVIDIA RTX 4070,23000,12,1920,2475,200,192,1440p,1.5,1.087,325,2304,37.31,CPU,48
AMD Ryzen 9 5950X,32000,16,32,3.4,4.9,72,105,NVIDIA RTX 3080,25000,10,1440,1710,320,320,4K,2.5,1.28,425,3200,60.15,CPU,26
AMD Ryzen 9 5900X,29000,12,24,3.7,4.8,70,105,NVIDIA RTX 4090,38000,24,2235,2520,450,384,4K,2.5,0.7632,555,9216,79.71,CPU,35
Intel Core i5-14600K,30000,14,20,3.5,5.3,24,125,NVIDIA RTX 4080,32000,16,2205,2505,320,256,1440p,1.5,0.9375,445,4096,42.25,CPU,63
AMD Ryzen 5 5600,20000,6,12,3.5,4.4,35,65,NVIDIA RTX 3080,25000,10,1440,1710,320,320,4K,2.5,0.8,385,3200,76.12,CPU,21
Intel Core i3-10100F,10000,4,8,3.6,4.3,6,65,NVIDIA GTX 1660 SUPER,10000,6,1530,1785,125,192,1080p,1.0,1.0,190,1152,0,BALANCED,44
AMD Ryzen 9 7950X,42000,16,32,4.5,5.7,80,170,NVIDIA RTX 3070,21000,8,1500,1730,220,256,1080p,1.0,2.0,390,2048,54.61,GPU,58
Intel Core i5-13400F,22000,10,16,2.5,4.6,20,65,NVIDIA GT 1030,3000,2,1228,1468,30,64,4K,2.5,7.3333,95,128,58.45,GPU,5
Intel Core i5-10400F,14000,6,12,2.9,4.3,12,65,AMD RX 7600,16000,8,1720,2655,165,128,1440p,1.5,0.875,230,1024,45.4,CPU,31
AMD Ryzen 5 5500,18000,6,12,3.6,4.2,19,65,NVIDIA GT 1030,3000,2,1228,1468,30,64,1080p,1.0,6.0,95,128,85.08,GPU,6
Intel Core i3-12100F,13000,4,8,3.3,4.3,12,58,NVIDIA RTX 4070,23000,12,1920,2475,200,192,1440p,1.5,0.5652,258,2304,68.74,CPU,34
Intel Core i5-10400F,14000,6,12,2.9,4.3,12,65,NVIDIA GT 1030,3000,2,1228,1468,30,64,4K,2.5,4.6667,95,128,29.74,GPU,5
AMD Ryzen 7 5700X,24000,8,16,3.4,4.6,36,65,AMD RX 7600,16000,8,1720,2655,165,128,4K,2.5,1.5,230,1024,56.74,CPU,18
Intel Core i7-13700K,35000,16,24,3.4,5.4,30,125,AMD RX 580,9000,8,1257,1340,185,256,1440p,1.5,3.8889,310,2048,56.25,GPU,16
Intel Core i7-13700K,35000,16,24,3.4,5.4,30,125,NVIDIA GTX 1650,7000,4,1485,1665,75,128,1080p,1.0,5.0,200,512,83.91,GPU,15
AMD Ryzen 7 5800X,26000,8,16,3.8,4.7,36,105,NVIDIA RTX 4080,32000,16,2205,2505,320,256,4K,2.5,0.8125,425,4096,72.64,CPU,29
Intel Core i5-10400F,14000,6,12,2.9,4.3,12,65,NVIDIA RTX 4090,38000,24,2235,2520,450,384,1080p,1.0,0.3684,515,9216,66.03,CPU,88
Intel Core i5-12600K,25000,10,16,3.7,4.9,20,125,AMD RX 7900 XTX,34000,24,1855,2499,355,384,1080p,1.0,0.7353,480,9216,24.77,CPU,119
AMD Ryzen 7 5700X,24000,8,16,3.4,4.6,36,65,NVIDIA RTX 3090,27000,24,1395,1695,350,384,4K,2.5,0.8889,415,9216,69.57,CPU,25
Intel Core i5-14400F,24000,10,16,2.5,4.7,20,65,NVIDIA GT 1030,3000,2,1228,1468,30,64,1080p,1.0,8.0,95,128,88.18,GPU,6
Intel Core i9-12900K,35000,16,24,3.2,5.2,30,125,NVIDIA GT 1030,3000,2,1228,1468,30,64,4K,2.5,11.6667,155,128,70.86,GPU,5
Intel Core i5-13600K,28000,14,20,3.5,5.1,24,125,AMD RX 6900 XT,26000,16,1825,2250,300,256,1440p,1.5,1.0769,425,4096,41.51,CPU,55
Intel Core i3-10100F,10000,4,8,3.6,4.3,6,65,AMD RX 7700 XT,21000,12,1700,2544,245,192,4K,2.5,0.4762,310,2304,85.91,CPU,17
Intel Core i5-13400F,22000,10,16,2.5,4.6,20,65,NVIDIA GTX 1660 SUPER,10000,6,1530,1785,125,192,1080p,1.0,2.2,190,1152,52.22,GPU,27
AMD Ryzen 5 7600X,27000,6,12,4.7,5.3,38,105,NVIDIA RTX 3080,25000,10,1440,1710,320,320,4K,2.5,1.08,425,3200,63.87,CPU,24
Intel Core i9-13900K,40000,24,32,3.0,5.8,36,125,AMD RX 6600,14000,8,1626,2491,132,128,1440p,1.5,2.8571,257,1024,43.02,GPU,26
AMD Ryzen 7 7700X,32000,8,16,4.5,5.4,40,105,NVIDIA RTX 3080,25000,10,1440,1710,320,320,1440p,1.5,1.28,425,3200,21.24,CPU,58
AMD Ryzen 7 7700X,32000,8,16,4.5,5.4,40,105,NVIDIA RTX 4070,23000,12,1920,2475,200,192,1080p,1.0,1.3913,305,2304,24.36,GPU,80
Intel Core i7-13700K,35000,16,24,3.4,5.4,30,125,AMD RX 580,9000,8,1257,1340,185,256,1080p,1.0,3.8889,310,2048,75.88,GPU,19
Intel Core i5-13600K,28000,14,20,3.5,5.1,24,125,NVIDIA RTX 4070,23000,12,1920,2475,200,192,1440p,1.5,1.2174,325,2304,28.78,CPU,53
Intel Core i7-13700K,35000,16,24,3.4,5.4,30,125,NVIDIA RTX 3050,12000,8,1552,1777,130,128,1440p,1.5,2.9167,255,1024,43.73,GPU,24
AMD Ryzen 5 5600X,21000,6,12,3.7,4.6,35,65,AMD RX 6500 XT,8000,4,2310,2815,107,64,4K,2.5,2.625,172,256,21.0,CPU,11
AMD Ryzen 5 7600,25000,6,12,3.8,5.1,38,65,NVIDIA RTX 4060 Ti,20000,8,2310,2535,160,128,1080p,1.0,1.25,225,1024,21.89,GPU,70
AMD Ryzen 7 5700X,24000,8,16,3.4,4.6,36,65,NVIDIA RTX 4070 Ti SUPER,29000,16,2340,2610,285,256,1080p,1.0,0.8276,350,4096,20.75,CPU,103
AMD Ryzen 9 7950X,42000,16,32,4.5,5.7,80,170,NVIDIA RTX 3060,16000,12,1320,1777,170,192,1440p,1.5,2.625,340,2304,36.92,GPU,33
AMD Ryzen 9 7900X,38000,12,24,4.7,5.6,76,170,NVIDIA RTX 3050,12000,8,1552,1777,130,128,1080p,1.0,3.1667,300,1024,68.6,GPU,26
Intel Core i9-13900K,40000,24,32,3.0,5.8,36,125,NVIDIA RTX 3060 Ti,19000,8,1410,1665,200,256,1440p,1.5,2.1053,325,2048,20.32,GPU,45
Intel Core i7-14700K,37000,20,28,3.4,5.6,33,125,NVIDIA GTX 1660 SUPER,10000,6,1530,1785,125,192,1080p,1.0,3.7,250,1152,74.13,GPU,22
AMD Ryzen 9 7950X,42000,16,32,4.5,5.7,80,170,NVIDIA RTX 3080,25000,10,1440,1710,320,320,1080p,1.0,1.68,490,3200,44.36,GPU,74
Intel Core i5-14400F,24000,10,16,2.5,4.7,20,65,NVIDIA RTX 3060,16000,12,1320,1777,170,192,1080p,1.0,1.5,235,2304,35.93,GPU,51
Intel Core i9-14900K,41000,24,32,3.2,6.0,36,125,AMD RX 7900 XTX,34000,24,1855,2499,355,384,4K,2.5,1.2059,480,9216,62.89,CPU,32
AMD Ryzen 7 5800X,26000,8,16,3.8,4.7,36,105,NVIDIA RTX 4070,23000,12,1920,2475,200,192,1080p,1.0,1.1304,305,2304,9.23,GPU,88
Intel Core i7-13700K,35000,16,24,3.4,5.4,30,125,NVIDIA RTX 3050,12000,8,1552,1777,130,128,1080p,1.0,2.9167,255,1024,68.05,GPU,28
Intel Core i3-10100F,10000,4,8,3.6,4.3,6,65,NVIDIA RTX 4060,18000,8,1830,2460,115,128,1440p,1.5,0.5556,180,1024,66.86,CPU,28
Intel Core i5-12600K,25000,10,16,3.7,4.9,20,125,AMD RX 7600,16000,8,1720,2655,165,128,1080p,1.0,1.5625,290,1024,36.46,GPU,52
Intel Core i5-14400F,24000,10,16,2.5,4.7,20,65,AMD RX 7800 XT,24000,16,1295,2430,263,256,4K,2.5,1.0,328,4096,70.64,CPU,21
AMD Ryzen 5 5600X,21000,6,12,3.7,4.6,35,65,NVIDIA RTX 4080,32000,16,2205,2505,320,256,1080p,1.0,0.6562,385,4096,36.86,CPU,102
AMD Ryzen 5 5500,18000,6,12,3.6,4.2,19,65,NVIDIA RTX 4070 Ti SUPER,29000,16,2340,2610,285,256,1440p,1.5,0.6207,350,4096,64.85,CPU,49
Intel Core i5-12400F,19000,6,12,2.5,4.4,18,65,AMD RX 7700 XT,21000,12,1700,2544,245,192,1080p,1.0,0.9048,310,2304,11.09,CPU,79
AMD Ryzen 9 5900X,29000,12,24,3.7,4.8,70,105,AMD RX 580,9000,8,1257,1340,185,256,4K,2.5,3.2222,290,2048,3.89,BALANCED,14
AMD Ryzen 5 5600X,21000,6,12,3.7,4.6,35,65,NVIDIA RTX 4090,38000,24,2235,2520,450,384,1440p,1.5,0.5526,515,9216,70.14,CPU,62
AMD Ryzen 5 7600,25000,6,12,3.8,5.1,38,65,AMD RX 7900 XTX,34000,24,1855,2499,355,384,1440p,1.5,0.7353,420,9216,54.69,CPU,57
Intel Core i3-10100F,10000,4,8,3.6,4.3,6,65,AMD RX 6500 XT,8000,4,2310,2815,107,64,4K,2.5,1.25,172,256,61.46,CPU,8
Intel Core i5-13600K,28000,14,20,3.5,5.1,24,125,AMD RX 6800 XT,24000,16,1825,2250,300,256,1440p,1.5,1.1667,425,4096,30.46,CPU,49
AMD Ryzen 7 5700X,24000,8,16,3.4,4.6,36,65,AMD RX 580,9000,8,1257,1340,185,256,1440p,1.5,2.6667,250,2048,33.28,GPU,19
AMD Ryzen 7 7800X3D,34000,8,16,4.2,5.0,104,120,AMD RX 7900 XTX,34000,24,1855,2499,355,384,1440p,1.5,1.0,475,9216,41.99,CPU,69
Intel Core i5-14400F,24000,10,16,2.5,4.7,20,65,NVIDIA GTX 1660 SUPER,10000,6,1530,1785,125,192,4K,2.5,2.4,190,1152,28.82,CPU,14
Intel Core i3-12100F,13000,4,8,3.3,4.3,12,58,AMD RX 580,9000,8,1257,1340,185,256,1080p,1.0,1.4444,243,2048,27.3,GPU,30
Intel Core i5-13400F,22000,10,16,2.5,4.6,20,65,AMD RX 7900 XTX,34000,24,1855,2499,355,384,1440p,1.5,0.6471,420,9216,63.21,CPU,56
AMD Ryzen 7 7800X3D,34000,8,16,4.2,5.0,104,120,NVIDIA RTX 4070 SUPER,26000,12,1980,2475,220,192,1080p,1.0,1.3077,340,2304,24.68,GPU,87
AMD Ryzen 9 5950X,32000,16,32,3.4,4.9,72,105,NVIDIA RTX 3090,27000,24,1395,1695,350,384,4K,2.5,1.1852,455,9216,63.58,CPU,27
Intel Core i5-10400F,14000,6,12,2.9,4.3,12,65,NVIDIA RTX 4080 SUPER,33000,16,2295,2550,320,256,1440p,1.5,0.4242,385,4096,72.97,CPU,46
Intel Core i3-10100F,10000,4,8,3.6,4.3,6,65,AMD RX 7900 XT,30000,20,1500,2394,315,320,1080p,1.0,0.3333,380,6400,66.46,CPU,74
Intel Core i7-13700K,35000,16,24,3.4,5.4,30,125,NVIDIA RTX 3070,21000,8,1500,1730,220,256,1080p,1.0,1.6667,345,2048,41.3,GPU,63
Intel Core i7-14700K,37000,20,28,3.4,5.6,33,125,AMD RX 7600,16000,8,1720,2655,165,128,1080p,1.0,2.3125,290,1024,56.52,GPU,41
Intel Core i5-10400F,14000,6,12,2.9,4.3,12,65,NVIDIA RTX 4080,32000,16,2205,2505,320,256,4K,2.5,0.4375,385,4096,88.98,CPU,25
AMD Ryzen 5 5500,18000,6,12,3.6,4.2,19,65,AMD RX 7700 XT,21000,12,1700,2544,245,192,1440p,1.5,0.8571,310,2304,50.09,CPU,39
Intel Core i5-12600K,25000,10,16,3.7,4.9,20,125,NVIDIA RTX 4090,38000,24,2235,2520,450,384,4K,2.5,0.6579,575,9216,79.86,CPU,33
AMD Ryzen 9 7900X,38000,12,24,4.7,5.6,76,170,AMD RX 7600,16000,8,1720,2655,165,128,4K,2.5,2.375,335,1024,29.29,CPU,21
AMD Ryzen 9 5950X,32000,16,32,3.4,4.9,72,105,NVIDIA RTX 4060,18000,8,1830,2460,115,128,1440p,1.5,1.7778,220,1024,2.83,BALANCED,52
Intel Core i3-10100F,10000,4,8,3.6,4.3,6,65,NVIDIA RTX 3070,21000,8,1500,1730,220,256,1440p,1.5,0.4762,285,2048,70.68,CPU,32
AMD Ryzen 5 7600,25000,6,12,3.8,5.1,38,65,NVIDIA RTX 3060,16000,12,1320,1777,170,192,1080p,1.0,1.5625,235,2304,34.02,GPU,46
Intel Core i7-13700K,35000,16,24,3.4,5.4,30,125,AMD RX 6500 XT,8000,4,2310,2815,107,64,1080p,1.0,4.375,232,256,82.12,GPU,17
Intel Core i3-10100F,10000,4,8,3.6,4.3,6,65,NVIDIA RTX 3080,25000,10,1440,1710,320,320,1440p,1.5,0.4,385,3200,75.9,CPU,38
AMD Ryzen 5 5500,18000,6,12,3.6,4.2,19,65,NVIDIA RTX 4070,23000,12,1920,2475,200,192,4K,2.5,0.7826,265,2304,80.68,CPU,19
AMD Ryzen 9 5900X,29000,12,24,3.7,4.8,70,105,AMD RX 580,9000,8,1257,1340,185,256,1440p,1.5,3.2222,290,2048,46.76,GPU,16
Intel Core i9-14900K,41000,24,32,3.2,6.0,36,125,AMD RX 580,9000,8,1257,1340,185,256,1080p,1.0,4.5556,310,2048,79.88,GPU,18
AMD Ryzen 7 5800X,26000,8,16,3.8,4.7,36,105,AMD RX 6800 XT,24000,16,1825,2250,300,256,4K,2.5,1.0833,405,4096,68.91,CPU,24
Intel Core i7-12700K,30000,12,20,3.6,5.0,25,125,AMD RX 7900 XT,30000,20,1500,2394,315,320,1080p,1.0,1.0,440,6400,0,BALANCED,122
Intel Core i5-14400F,24000,10,16,2.5,4.7,20,65,NVIDIA RTX 4070 SUPER,26000,12,1980,2475,220,192,1440p,1.5,0.9231,285,2304,50.19,CPU,48
AMD Ryzen 5 5500,18000,6,12,3.6,4.2,19,65,NVIDIA RTX 3090,27000,24,1395,1695,350,384,4K,2.5,0.6667,415,9216,80.09,CPU,23
Intel Core i9-14900K,41000,24,32,3.2,6.0,36,125,AMD RX 6800 XT,24000,16,1825,2250,300,256,1440p,1.5,1.7083,425,4096,0,BALANCED,64
Intel Core i5-12400F,19000,6,12,2.5,4.4,18,65,NVIDIA RTX 4070 SUPER,26000,12,1980,2475,220,192,1080p,1.0,0.7308,285,2304,28.86,CPU,83
AMD Ryzen 5 5500,18000,6,12,3.6,4.2,19,65,NVIDIA RTX 3080,25000,10,1440,1710,320,320,1440p,1.5,0.72,385,3200,58.37,CPU,44
Intel Core i5-13400F,22000,10,16,2.5,4.6,20,65,AMD RX 580,9000,8,1257,1340,185,256,1080p,1.0,2.4444,250,2048,59.71,GPU,23
Intel Core i3-12100F,13000,4,8,3.3,4.3,12,58,AMD RX 7600,16000,8,1720,2655,165,128,1440p,1.5,0.8125,223,1024,52.56,CPU,30
Intel Core i7-13700K,35000,16,24,3.4,5.4,30,125,AMD RX 7800 XT,24000,16,1295,2430,263,256,4K,2.5,1.4583,388,4096,51.85,CPU,27
Intel Core i7-14700K,37000,20,28,3.4,5.6,33,125,NVIDIA RTX 4070 SUPER,26000,12,1980,2475,220,192,1440p,1.5,1.4231,345,2304,15.06,CPU,67
AMD Ryzen 7 5700X,24000,8,16,3.4,4.6,36,65,AMD RX 7900 XTX,34000,24,1855,2499,355,384,1440p,1.5,0.7059,420,9216,60.41,CPU,56
Intel Core i5-13600K,28000,14,20,3.5,5.1,24,125,NVIDIA RTX 4080 SUPER,33000,16,2295,2550,320,256,1080p,1.0,0.8485,445,4096,14.02,CPU,121
Intel Core i9-12900K,35000,16,24,3.2,5.2,30,125,NVIDIA RTX 3090,27000,24,1395,1695,350,384,4K,2.5,1.2963,475,9216,60.94,CPU,26
AMD Ryzen 7 7800X3D,34000,8,16,4.2,5.0,104,120,AMD RX 6900 XT,26000,16,1825,2250,300,256,4K,2.5,1.3077,420,4096,58.55,CPU,28
Intel Core i5-14400F,24000,10,16,2.5,4.7,20,65,NVIDIA RTX 3060 Ti,19000,8,1410,1665,200,256,1440p,1.5,1.2632,265,2048,27.09,CPU,44
AMD Ryzen 5 7600,25000,6,12,3.8,5.1,38,65,NVIDIA GTX 1650,7000,4,1485,1665,75,128,4K,2.5,3.5714,140,512,10.36,GPU,11
AMD Ryzen 7 5700X,24000,8,16,3.4,4.6,36,65,AMD RX 7700 XT,21000,12,1700,2544,245,192,1440p,1.5,1.1429,310,2304,33.37,CPU,45
AMD Ryzen 3 4100,11000,4,8,3.8,4.0,6,65,NVIDIA RTX 3080,25000,10,1440,1710,320,320,1440p,1.5,0.44,385,3200,71.86,CPU,39
AMD Ryzen 5 5500,18000,6,12,3.6,4.2,19,65,AMD RX 7600,16000,8,1720,2655,165,128,1080p,1.0,1.125,230,1024,11.05,GPU,57
Intel Core i5-14400F,24000,10,16,2.5,4.7,20,65,AMD RX 6600,14000,8,1626,2491,132,128,1080p,1.0,1.7143,197,1024,43.14,GPU,42
AMD Ryzen 7 5700X,24000,8,16,3.4,4.6,36,65,NVIDIA RTX 4070 SUPER,26000,12,1980,2475,220,192,1440p,1.5,0.9231,285,2304,47.96,CPU,50
AMD Ryzen 9 5900X,29000,12,24,3.7,4.8,70,105,NVIDIA RTX 4060,18000,8,1830,2460,115,128,1440p,1.5,1.6111,220,1024,2.26,BALANCED,47
Intel Core i3-13100F,14000,4,8,3.4,4.5,12,58,NVIDIA RTX 4070 Ti,27000,12,2310,2610,285,192,1080p,1.0,0.5185,343,2304,50.23,CPU,80
Intel Core i5-12400F,19000,6,12,2.5,4.4,18,65,NVIDIA RTX 4070,23000,12,1920,2475,200,192,1440p,1.5,0.8261,265,2304,53.3,CPU,41
AMD Ryzen 5 5500,18000,6,12,3.6,4.2,19,65,AMD RX 6600,14000,8,1626,2491,132,128,1080p,1.0,1.2857,197,1024,23.52,GPU,46
Intel Core i9-14900K,41000,24,32,3.2,6.0,36,125,NVIDIA RTX 4070 SUPER,26000,12,1980,2475,220,192,1080p,1.0,1.5769,345,2304,34.17,GPU,76
Intel Core i5-12400F,19000,6,12,2.5,4.4,18,65,AMD RX 6700 XT,18000,12,2321,2581,230,192,1440p,1.5,1.0556,295,2304,36.55,CPU,34
Intel Core i5-12400F,19000,6,12,2.5,4.4,18,65,NVIDIA GT 1030,3000,2,1228,1468,30,64,4K,2.5,6.3333,95,128,47.04,GPU,5
AMD Ryzen 5 5600X,21000,6,12,3.7,4.6,35,65,NVIDIA RTX 4060 Ti,20000,8,2310,2535,160,128,4K,2.5,1.05,225,1024,68.84,CPU,19
Intel Core i3-13100F,14000,4,8,3.4,4.5,12,58,AMD RX 7900 XTX,34000,24,1855,2499,355,384,4K,2.5,0.4118,413,9216,84.46,CPU,26
Intel Core i3-10100F,10000,4,8,3.6,4.3,6,65,NVIDIA GTX 1660 SUPER,10000,6,1530,1785,125,192,1440p,1.5,1.0,190,1152,41.31,CPU,19
Intel Core i7-13700K,35000,16,24,3.4,5.4,30,125,NVIDIA RTX 4080 SUPER,33000,16,2295,2550,320,256,1080p,1.0,1.0606,445,4096,4.88,BALANCED,126
AMD Ryzen 7 7700X,32000,8,16,4.5,5.4,40,105,AMD RX 6900 XT,26000,16,1825,2250,300,256,1440p,1.5,1.2308,405,4096,26.5,CPU,56
Intel Core i5-14600K,30000,14,20,3.5,5.3,24,125,NVIDIA GTX 1660 SUPER,10000,6,1530,1785,125,192,1080p,1.0,3.0,250,1152,66.64,GPU,25
AMD Ryzen 5 7600X,27000,6,12,4.7,5.3,38,105,NVIDIA RTX 4070 SUPER,26000,12,1980,2475,220,192,4K,2.5,1.0385,325,2304,67.41,CPU,24
Intel Core i7-13700K,35000,16,24,3.4,5.4,30,125,AMD RX 6800 XT,24000,16,1825,2250,300,256,1440p,1.5,1.4583,425,4096,12.93,CPU,58
AMD Ryzen 9 5950X,32000,16,32,3.4,4.9,72,105,AMD RX 6800 XT,24000,16,1825,2250,300,256,1080p,1.0,1.3333,405,4096,27.83,GPU,81
AMD Ryzen 9 5950X,32000,16,32,3.4,4.9,72,105,AMD RX 7600,16000,8,1720,2655,165,128,4K,2.5,2.0,270,1024,40.08,CPU,20
Intel Core i3-10100F,10000,4,8,3.6,4.3,6,65,AMD RX 7800 XT,24000,16,1295,2430,263,256,1440p,1.5,0.4167,328,4096,74.32,CPU,34
Intel Core i3-12100F,13000,4,8,3.3,4.3,12,58,NVIDIA RTX 3080,25000,10,1440,1710,320,320,4K,2.5,0.52,378,3200,82.69,CPU,21
AMD Ryzen 9 7950X,42000,16,32,4.5,5.7,80,170,NVIDIA RTX 4060 Ti,20000,8,2310,2535,160,128,4K,2.5,2.1,330,1024,37.15,CPU,26
AMD Ryzen 5 7600,25000,6,12,3.8,5.1,38,65,NVIDIA RTX 4070,23000,12,1920,2475,200,192,4K,2.5,1.087,265,2304,65.52,CPU,21
Intel Core i3-13100F,14000,4,8,3.4,4.5,12,58,NVIDIA GT 1030,3000,2,1228,1468,30,64,4K,2.5,4.6667,88,128,30.66,GPU,5
Intel Core i7-14700K,37000,20,28,3.4,5.6,33,125,NVIDIA GTX 1650,7000,4,1485,1665,75,128,1080p,1.0,5.2857,200,512,82.62,GPU,15
Intel Core i5-14400F,24000,10,16,2.5,4.7,20,65,NVIDIA RTX 4070 Ti,27000,12,2310,2610,285,192,1080p,1.0,0.8889,350,2304,13.76,CPU,103
Intel Core i5-13400F,22000,10,16,2.5,4.6,20,65,NVIDIA RTX 4060,18000,8,1830,2460,115,128,1080p,1.0,1.2222,180,1024,17.76,GPU,64
Intel Core i5-13400F,22000,10,16,2.5,4.6,20,65,AMD RX 6500 XT,8000,4,2310,2815,107,64,4K,2.5,2.75,172,256,14.3,CPU,11
Intel Core i5-14400F,24000,10,16,2.5,4.7,20,65,NVIDIA RTX 4080,32000,16,2205,2505,320,256,1440p,1.5,0.75,385,4096,58.8,CPU,57
AMD Ryzen 5 7600,25000,6,12,3.8,5.1,38,65,NVIDIA RTX 4060 Ti,20000,8,2310,2535,160,128,4K,2.5,1.25,225,1024,60.6,CPU,19
AMD Ryzen 9 5900X,29000,12,24,3.7,4.8,70,105,NVIDIA GT 1030,3000,2,1228,1468,30,64,4K,2.5,9.6667,135,128,67.08,GPU,5
Intel Core i9-13900K,40000,24,32,3.0,5.8,36,125,AMD RX 6900 XT,26000,16,1825,2250,300,256,1080p,1.0,1.5385,425,4096,33.99,GPU,85
AMD Ryzen 7 7800X3D,34000,8,16,4.2,5.0,104,120,NVIDIA RTX 4080 SUPER,33000,16,2295,2550,320,256,1440p,1.5,1.0303,440,4096,43.55,CPU,64
AMD Ryzen 7 5700X,24000,8,16,3.4,4.6,36,65,AMD RX 7600,16000,8,1720,2655,165,128,1080p,1.0,1.5,230,1024,32.84,GPU,54
Intel Core i9-13900K,40000,24,32,3.0,5.8,36,125,AMD RX 6700 XT,18000,12,2321,2581,230,192,1440p,1.5,2.2222,355,2304,23.49,GPU,42
AMD Ryzen 9 7950X,42000,16,32,4.5,5.7,80,170,AMD RX 6700 XT,18000,12,2321,2581,230,192,1080p,1.0,2.3333,400,2304,59.58,GPU,50
AMD Ryzen 5 5500,18000,6,12,3.6,4.2,19,65,AMD RX 580,9000,8,1257,1340,185,256,1440p,1.5,2.0,250,2048,14.31,GPU,21
Intel Core i3-13100F,14000,4,8,3.4,4.5,12,58,AMD RX 6600,14000,8,1626,2491,132,128,1080p,1.0,1.0,190,1024,0,BALANCED,60
Intel Core i3-12100F,13000,4,8,3.3,4.3,12,58,NVIDIA RTX 4070 Ti,27000,12,2310,2610,285,192,4K,2.5,0.4815,343,2304,84.25,CPU,20
Intel Core i5-10400F,14000,6,12,2.9,4.3,12,65,AMD RX 7600,16000,8,1720,2655,165,128,4K,2.5,0.875,230,1024,76.07,CPU,14
AMD Ryzen 5 5600,20000,6,12,3.5,4.4,35,65,NVIDIA RTX 4070 Ti SUPER,29000,16,2340,2610,285,256,1080p,1.0,0.6897,350,4096,27.59,CPU,90
Intel Core i5-12400F,19000,6,12,2.5,4.4,18,65,NVIDIA GT 1030,3000,2,1228,1468,30,64,1080p,1.0,6.3333,95,128,82.18,GPU,6
AMD Ryzen 5 5600X,21000,6,12,3.7,4.6,35,65,NVIDIA RTX 4070 Ti SUPER,29000,16,2340,2610,285,256,4K,2.5,0.7241,350,4096,77.43,CPU,23
Intel Core i9-12900K,35000,16,24,3.2,5.2,30,125,NVIDIA RTX 4080,32000,16,2205,2505,320,256,4K,2.5,1.0938,445,4096,65.77,CPU,32
Intel Core i5-14400F,24000,10,16,2.5,4.7,20,65,AMD RX 6500 XT,8000,4,2310,2815,107,64,4K,2.5,3.0,172,256,6.63,CPU,12
Intel Core i5-14600K,30000,14,20,3.5,5.3,24,125,NVIDIA RTX 3050,12000,8,1552,1777,130,128,1440p,1.5,2.5,255,1024,32.58,GPU,26
AMD Ryzen 7 7800X3D,34000,8,16,4.2,5.0,104,120,NVIDIA RTX 3080,25000,10,1440,1710,320,320,1440p,1.5,1.36,440,3200,21.06,CPU,59
Intel Core i5-12600K,25000,10,16,3.7,4.9,20,125,NVIDIA RTX 4070,23000,12,1920,2475,200,192,1080p,1.0,1.087,325,2304,7.13,GPU,87
Intel Core i7-14700K,37000,20,28,3.4,5.6,33,125,NVIDIA RTX 4080 SUPER,33000,16,2295,2550,320,256,4K,2.5,1.1212,445,4096,64.66,CPU,32
AMD Ryzen 5 5500,18000,6,12,3.6,4.2,19,65,NVIDIA RTX 4090,38000,24,2235,2520,450,384,4K,2.5,0.4737,515,9216,86.41,CPU,28
Intel Core i3-12100F,13000,4,8,3.3,4.3,12,58,AMD RX 6900 XT,26000,16,1825,2250,300,256,1080p,1.0,0.5,358,4096,48.52,CPU,75
Intel Core i5-12600K,25000,10,16,3.7,4.9,20,125,NVIDIA RTX 3080,25000,10,1440,1710,320,320,1440p,1.5,1.0,445,3200,36.37,CPU,48
AMD Ryzen 7 7700X,32000,8,16,4.5,5.4,40,105,AMD RX 6700 XT,18000,12,2321,2581,230,192,1440p,1.5,1.7778,335,2304,0.1,BALANCED,52
Intel Core i9-12900K,35000,16,24,3.2,5.2,30,125,AMD RX 7900 XTX,34000,24,1855,2499,355,384,4K,2.5,1.0294,480,9216,68.01,CPU,33
Intel Core i3-13100F,14000,4,8,3.4,4.5,12,58,NVIDIA RTX 4060,18000,8,1830,2460,115,128,4K,2.5,0.7778,173,1024,77.84,CPU,16
Intel Core i5-14600K,30000,14,20,3.5,5.3,24,125,NVIDIA RTX 4080,32000,16,2205,2505,320,256,1080p,1.0,0.9375,445,4096,1.55,CPU,130
Intel Core i7-14700K,37000,20,28,3.4,5.6,33,125,NVIDIA RTX 4080,32000,16,2205,2505,320,256,4K,2.5,1.1562,445,4096,62.8,CPU,31
Intel Core i5-13600K,28000,14,20,3.5,5.1,24,125,NVIDIA RTX 4090,38000,24,2235,2520,450,384,4K,2.5,0.7368,575,9216,75.96,CPU,32
AMD Ryzen 7 5800X,26000,8,16,3.8,4.7,36,105,AMD RX 6900 XT,26000,16,1825,2250,300,256,1440p,1.5,1.0,405,4096,39.8,CPU,51
AMD Ryzen 9 7900X,38000,12,24,4.7,5.6,76,170,NVIDIA RTX 4080,32000,16,2205,2505,320,256,1440p,1.5,1.1875,490,4096,28.77,CPU,70
Intel Core i9-13900K,40000,24,32,3.0,5.8,36,125,AMD RX 6600,14000,8,1626,2491,132,128,4K,2.5,2.8571,257,1024,11.68,CPU,22
Intel Core i5-10400F,14000,6,12,2.9,4.3,12,65,AMD RX 7800 XT,24000,16,1295,2430,263,256,1080p,1.0,0.5833,328,4096,43.03,CPU,72
AMD Ryzen 7 5800X,26000,8,16,3.8,4.7,36,105,NVIDIA RTX 3060,16000,12,1320,1777,170,192,1440p,1.5,1.625,275,2304,0.38,BALANCED,44
Intel Core i5-13400F,22000,10,16,2.5,4.6,20,65,NVIDIA RTX 3060,16000,12,1320,1777,170,192,1440p,1.5,1.375,235,2304,19.25,CPU,36
AMD Ryzen 9 7950X,42000,16,32,4.5,5.7,80,170,NVIDIA RTX 3080,25000,10,1440,1710,320,320,4K,2.5,1.68,490,3200,46.68,CPU,26
Intel Core i9-13900K,40000,24,32,3.0,5.8,36,125,NVIDIA RTX 4070 SUPER,26000,12,1980,2475,220,192,1080p,1.0,1.5385,345,2304,34.24,GPU,79
AMD Ryzen 5 7600,25000,6,12,3.8,5.1,38,65,NVIDIA RTX 3050,12000,8,1552,1777,130,128,4K,2.5,2.0833,195,1024,36.18,CPU,15
AMD Ryzen 3 4100,11000,4,8,3.8,4.0,6,65,NVIDIA GT 1030,3000,2,1228,1468,30,64,1080p,1.0,3.6667,95,128,72.4,GPU,7
AMD Ryzen 5 5500,18000,6,12,3.6,4.2,19,65,NVIDIA GTX 1660 SUPER,10000,6,1530,1785,125,192,4K,2.5,1.8,190,1152,42.62,CPU,11
Intel Core i3-13100F,14000,4,8,3.4,4.5,12,58,AMD RX 6800 XT,24000,16,1825,2250,300,256,1440p,1.5,0.5833,358,4096,67.0,CPU,41
AMD Ryzen 9 5900X,29000,12,24,3.7,4.8,70,105,AMD RX 6700 XT,18000,12,2321,2581,230,192,1440p,1.5,1.6111,335,2304,3.05,BALANCED,51
AMD Ryzen 7 7800X3D,34000,8,16,4.2,5.0,104,120,NVIDIA RTX 4080,32000,16,2205,2505,320,256,1440p,1.5,1.0625,440,4096,37.72,CPU,64
AMD Ryzen 5 7600,25000,6,12,3.8,5.1,38,65,NVIDIA RTX 4060,18000,8,1830,2460,115,128,1440p,1.5,1.3889,180,1024,20.92,CPU,40
Intel Core i5-13600K,28000,14,20,3.5,5.1,24,125,NVIDIA GTX 1650,7000,4,1485,1665,75,128,1440p,1.5,4.0,200,512,58.22,GPU,13
Intel Core i7-14700K,37000,20,28,3.4,5.6,33,125,AMD RX 7900 XTX,34000,24,1855,2499,355,384,1080p,1.0,1.0882,480,9216,8.45,GPU,130
Intel Core i3-13100F,14000,4,8,3.4,4.5,12,58,AMD RX 6500 XT,8000,4,2310,2815,107,64,1440p,1.5,1.75,165,256,0.68,BALANCED,22
AMD Ryzen 7 5700X,24000,8,16,3.4,4.6,36,65,NVIDIA RTX 4080 SUPER,33000,16,2295,2550,320,256,4K,2.5,0.7273,385,4096,78.36,CPU,28
Intel Core i3-10100F,10000,4,8,3.6,4.3,6,65,NVIDIA RTX 4070,23000,12,1920,2475,200,192,1080p,1.0,0.4348,265,2304,59.66,CPU,61
AMD Ryzen 5 5600,20000,6,12,3.5,4.4,35,65,NVIDIA RTX 3090,27000,24,1395,1695,350,384,1440p,1.5,0.7407,415,9216,55.86,CPU,48
AMD Ryzen 5 7600X,27000,6,12,4.7,5.3,38,105,NVIDIA RTX 4080 SUPER,33000,16,2295,2550,320,256,1080p,1.0,0.8182,425,4096,19.6,CPU,123
Intel Core i7-14700K,37000,20,28,3.4,5.6,33,125,AMD RX 6500 XT,8000,4,2310,2815,107,64,1080p,1.0,4.625,232,256,77.18,GPU,16
Intel Core i3-13100F,14000,4,8,3.4,4.5,12,58,NVIDIA RTX 3050,12000,8,1552,1777,130,128,1080p,1.0,1.1667,188,1024,16.17,GPU,47
AMD Ryzen 9 5950X,32000,16,32,3.4,4.9,72,105,NVIDIA RTX 3060,16000,12,1320,1777,170,192,1440p,1.5,2.0,275,2304,15.8,GPU,38
AMD Ryzen 7 5700X,24000,8,16,3.4,4.6,36,65,NVIDIA RTX 3080,25000,10,1440,1710,320,320,1440p,1.5,0.96,385,3200,44.63,CPU,47
AMD Ryzen 3 4100,11000,4,8,3.8,4.0,6,65,NVIDIA RTX 3080,25000,10,1440,1710,320,320,1080p,1.0,0.44,385,3200,55.09,CPU,70
AMD Ryzen 7 5700X,24000,8,16,3.4,4.6,36,65,AMD RX 6600,14000,8,1626,2491,132,128,4K,2.5,1.7143,197,1024,48.35,CPU,16
AMD Ryzen 5 5600X,21000,6,12,3.7,4.6,35,65,NVIDIA RTX 4070,23000,12,1920,2475,200,192,1440p,1.5,0.913,265,2304,44.61,CPU,43
AMD Ryzen 9 5950X,32000,16,32,3.4,4.9,72,105,AMD RX 6600,14000,8,1626,2491,132,128,1440p,1.5,2.2857,237,1024,29.54,GPU,33
AMD Ryzen 3 4100,11000,4,8,3.8,4.0,6,65,NVIDIA GTX 1650,7000,4,1485,1665,75,128,1080p,1.0,1.5714,140,512,37.53,GPU,21
Intel Core i3-12100F,13000,4,8,3.3,4.3,12,58,NVIDIA GT 1030,3000,2,1228,1468,30,64,4K,2.5,4.3333,88,128,22.44,GPU,5
AMD Ryzen 9 5900X,29000,12,24,3.7,4.8,70,105,AMD RX 7700 XT,21000,12,1700,2544,245,192,1440p,1.5,1.381,350,2304,18.24,CPU,51
Intel Core i5-10400F,14000,6,12,2.9,4.3,12,65,AMD RX 7900 XT,30000,20,1500,2394,315,320,1080p,1.0,0.4667,380,6400,53.84,CPU,81
Intel Core i5-14600K,30000,14,20,3.5,5.3,24,125,AMD RX 6800 XT,24000,16,1825,2250,300,256,4K,2.5,1.25,425,4096,63.54,CPU,22
AMD Ryzen 7 5700X,24000,8,16,3.4,4.6,36,65,AMD RX 7900 XT,30000,20,1500,2394,315,320,1440p,1.5,0.8,380,6400,55.81,CPU,57
AMD Ryzen 5 7600,25000,6,12,3.8,5.1,38,65,NVIDIA RTX 4070,23000,12,1920,2475,200,192,1440p,1.5,1.087,265,2304,36.07,CPU,50
Intel Core i5-12600K,25000,10,16,3.7,4.9,20,125,AMD RX 7800 XT,24000,16,1295,2430,263,256,1080p,1.0,1.0417,388,4096,0,BALANCED,94
Intel Core i3-13100F,14000,4,8,3.4,4.5,12,58,AMD RX 6900 XT,26000,16,1825,2250,300,256,1080p,1.0,0.5385,358,4096,48.18,CPU,75
Intel Core i9-14900K,41000,24,32,3.2,6.0,36,125,NVIDIA RTX 4090,38000,24,2235,2520,450,384,1440p,1.5,1.0789,575,9216,36.21,CPU,82
AMD Ryzen 7 5800X,26000,8,16,3.8,4.7,36,105,NVIDIA RTX 4060 Ti,20000,8,2310,2535,160,128,1080p,1.0,1.3,265,1024,20.93,GPU,65
AMD Ryzen 9 5900X,29000,12,24,3.7,4.8,70,105,NVIDIA RTX 4070,23000,12,1920,2475,200,192,4K,2.5,1.2609,305,2304,63.65,CPU,22
Intel Core i5-14400F,24000,10,16,2.5,4.7,20,65,NVIDIA GT 1030,3000,2,1228,1468,30,64,1440p,1.5,8.0,95,128,79.33,GPU,5
AMD Ryzen 7 7700X,32000,8,16,4.5,5.4,40,105,AMD RX 6600,14000,8,1626,2491,132,128,1440p,1.5,2.2857,237,1024,28.41,GPU,32
AMD Ryzen 7 7800X3D,34000,8,16,4.2,5.0,104,120,NVIDIA RTX 4070 SUPER,26000,12,1980,2475,220,192,4K,2.5,1.3077,340,2304,61.26,CPU,27
Intel Core i5-14600K,30000,14,20,3.5,5.3,24,125,AMD RX 7600,16000,8,1720,2655,165,128,4K,2.5,1.875,290,1024,45.5,CPU,18
Intel Core i3-10100F,10000,4,8,3.6,4.3,6,65,NVIDIA RTX 4070 SUPER,26000,12,1980,2475,220,192,1440p,1.5,0.3846,285,2304,74.13,CPU,39
Intel Core i5-12600K,25000,10,16,3.7,4.9,20,125,AMD RX 580,9000,8,1257,1340,185,256,1080p,1.0,2.7778,310,2048,65.82,GPU,21
Intel Core i3-10100F,10000,4,8,3.6,4.3,6,65,NVIDIA RTX 4070 Ti SUPER,29000,16,2340,2610,285,256,1080p,1.0,0.3448,350,4096,65.71,CPU,71
Intel Core i5-12400F,19000,6,12,2.5,4.4,18,65,AMD RX 7900 XTX,34000,24,1855,2499,355,384,1080p,1.0,0.5588,420,9216,46.48,CPU,102
AMD Ryzen 5 5600,20000,6,12,3.5,4.4,35,65,NVIDIA RTX 4070 SUPER,26000,12,1980,2475,220,192,1080p,1.0,0.7692,285,2304,25.75,CPU,90
Intel Core i9-12900K,35000,16,24,3.2,5.2,30,125,NVIDIA RTX 4070 Ti SUPER,29000,16,2340,2610,285,256,1080p,1.0,1.2069,410,4096,17.11,GPU,107
AMD Ryzen 5 5500,18000,6,12,3.6,4.2,19,65,NVIDIA RTX 4070 Ti,27000,12,2310,2610,285,192,4K,2.5,0.6667,350,2304,79.3,CPU,24
Intel Core i3-10100F,10000,4,8,3.6,4.3,6,65,NVIDIA RTX 4080,32000,16,2205,2505,320,256,1440p,1.5,0.3125,385,4096,82.72,CPU,47
AMD Ryzen 7 5800X,26000,8,16,3.8,4.7,36,105,NVIDIA GTX 1650,7000,4,1485,1665,75,128,1080p,1.0,3.7143,180,512,69.28,GPU,17
AMD Ryzen 9 5950X,32000,16,32,3.4,4.9,72,105,NVIDIA RTX 4070 SUPER,26000,12,1980,2475,220,192,1080p,1.0,1.2308,325,2304,20.48,GPU,98
AMD Ryzen 7 5700X,24000,8,16,3.4,4.6,36,65,AMD RX 6600,14000,8,1626,2491,132,128,1080p,1.0,1.7143,197,1024,42.07,GPU,39
AMD Ryzen 9 5900X,29000,12,24,3.7,4.8,70,105,NVIDIA RTX 4060,18000,8,1830,2460,115,128,1080p,1.0,1.6111,220,1024,34.04,GPU,55
Intel Core i9-13900K,40000,24,32,3.0,5.8,36,125,AMD RX 7900 XTX,34000,24,1855,2499,355,384,4K,2.5,1.1765,480,9216,60.27,CPU,32
AMD Ryzen 5 5600X,21000,6,12,3.7,4.6,35,65,NVIDIA RTX 4070 Ti,27000,12,2310,2610,285,192,1440p,1.5,0.7778,350,2304,55.64,CPU,49
Intel Core i9-13900K,40000,24,32,3.0,5.8,36,125,NVIDIA GTX 1660 SUPER,10000,6,1530,1785,125,192,1440p,1.5,4.0,250,1152,54.45,GPU,16
Intel Core i5-12400F,19000,6,12,2.5,4.4,18,65,NVIDIA RTX 4060,18000,8,1830,2460,115,128,4K,2.5,1.0556,180,1024,67.88,CPU,16
Intel Core i3-13100F,14000,4,8,3.4,4.5,12,58,AMD RX 580,9000,8,1257,1340,185,256,4K,2.5,1.5556,243,2048,53.84,CPU,9
AMD Ryzen 5 7600,25000,6,12,3.8,5.1,38,65,NVIDIA RTX 4090,38000,24,2235,2520,450,384,4K,2.5,0.6579,515,9216,81.97,CPU,31
Intel Core i5-14600K,30000,14,20,3.5,5.3,24,125,NVIDIA RTX 3060,16000,12,1320,1777,170,192,4K,2.5,1.875,295,2304,46.15,CPU,19
AMD Ryzen 5 7600,25000,6,12,3.8,5.1,38,65,AMD RX 7900 XT,30000,20,1500,2394,315,320,1440p,1.5,0.8333,380,6400,49.97,CPU,51
Intel Core i5-14600K,30000,14,20,3.5,5.3,24,125,AMD RX 580,9000,8,1257,1340,185,256,1080p,1.0,3.3333,310,2048,67.9,GPU,21
AMD Ryzen 9 7900X,38000,12,24,4.7,5.6,76,170,NVIDIA RTX 4060 Ti,20000,8,2310,2535,160,128,1440p,1.5,1.9,330,1024,11.12,GPU,54
Intel Core i7-14700K,37000,20,28,3.4,5.6,33,125,AMD RX 580,9000,8,1257,1340,185,256,4K,2.5,4.1111,310,2048,18.47,GPU,13
AMD Ryzen 5 7600,25000,6,12,3.8,5.1,38,65,AMD RX 6900 XT,26000,16,1825,2250,300,256,4K,2.5,0.9615,365,4096,70.2,CPU,24
AMD Ryzen 7 5700X,24000,8,16,3.4,4.6,36,65,AMD RX 7700 XT,21000,12,1700,2544,245,192,4K,2.5,1.1429,310,2304,64.5,CPU,19
Intel Core i5-13600K,28000,14,20,3.5,5.1,24,125,AMD RX 6500 XT,8000,4,2310,2815,107,64,1080p,1.0,3.5,232,256,67.88,GPU,18
AMD Ryzen 9 5950X,32000,16,32,3.4,4.9,72,105,AMD RX 7600,16000,8,1720,2655,165,128,1440p,1.5,2.0,270,1024,9.8,GPU,39
Intel Core i9-12900K,35000,16,24,3.2,5.2,30,125,AMD RX 6700 XT,18000,12,2321,2581,230,192,4K,2.5,1.9444,355,2304,41.76,CPU,23
Intel Core i5-13400F,22000,10,16,2.5,4.6,20,65,NVIDIA RTX 4080,32000,16,2205,2505,320,256,4K,2.5,0.6875,385,4096,76.62,CPU,29
AMD Ryzen 9 5900X,29000,12,24,3.7,4.8,70,105,AMD RX 7900 XT,30000,20,1500,2394,315,320,1440p,1.5,0.9667,420,6400,42.62,CPU,62
Intel Core i7-13700K,35000,16,24,3.4,5.4,30,125,NVIDIA RTX 4070,23000,12,1920,2475,200,192,1080p,1.0,1.5217,325,2304,34.77,GPU,67
AMD Ryzen 5 5600,20000,6,12,3.5,4.4,35,65,AMD RX 6600,14000,8,1626,2491,132,128,1440p,1.5,1.4286,197,1024,15.96,CPU,35
Intel Core i5-10400F,14000,6,12,2.9,4.3,12,65,AMD RX 7900 XTX,34000,24,1855,2499,355,384,1080p,1.0,0.4118,420,9216,58.49,CPU,90
Intel Core i9-13900K,40000,24,32,3.0,5.8,36,125,NVIDIA GTX 1650,7000,4,1485,1665,75,128,1440p,1.5,5.7143,200,512,71.48,GPU,11
Intel Core i9-12900K,35000,16,24,3.2,5.2,30,125,AMD RX 6600,14000,8,1626,2491,132,128,1440p,1.5,2.5,257,1024,35.9,GPU,28
AMD Ryzen 7 5800X,26000,8,16,3.8,4.7,36,105,AMD RX 7600,16000,8,1720,2655,165,128,1080p,1.0,1.625,270,1024,38.5,GPU,45
Intel Core i3-12100F,13000,4,8,3.3,4.3,12,58,NVIDIA RTX 3060 Ti,19000,8,1410,1665,200,256,1080p,1.0,0.6842,258,2048,32.53,CPU,63
AMD Ryzen 9 7950X,42000,16,32,4.5,5.7,80,170,AMD RX 580,9000,8,1257,1340,185,256,4K,2.5,4.6667,355,2048,30.04,GPU,12
AMD Ryzen 9 5950X,32000,16,32,3.4,4.9,72,105,NVIDIA RTX 4090,38000,24,2235,2520,450,384,1440p,1.5,0.8421,555,9216,45.47,CPU,67
Intel Core i5-10400F,14000,6,12,2.9,4.3,12,65,NVIDIA RTX 4070 Ti SUPER,29000,16,2340,2610,285,256,4K,2.5,0.4828,350,4096,87.24,CPU,24
Intel Core i9-14900K,41000,24,32,3.2,6.0,36,125,AMD RX 6600,14000,8,1626,2491,132,128,1080p,1.0,2.9286,257,1024,69.12,GPU,33
AMD Ryzen 3 4100,11000,4,8,3.8,4.0,6,65,AMD RX 7900 XT,30000,20,1500,2394,315,320,1440p,1.5,0.3667,380,6400,78.9,CPU,45
AMD Ryzen 7 5700X,24000,8,16,3.4,4.6,36,65,NVIDIA RTX 3050,12000,8,1552,1777,130,128,1080p,1.0,2.0,195,1024,51.94,GPU,31
Intel Core i7-14700K,37000,20,28,3.4,5.6,33,125,AMD RX 6900 XT,26000,16,1825,2250,300,256,1440p,1.5,1.4231,425,4096,17.49,CPU,61
AMD Ryzen 7 7700X,32000,8,16,4.5,5.4,40,105,NVIDIA GTX 1660 SUPER,10000,6,1530,1785,125,192,1440p,1.5,3.2,230,1152,46.81,GPU,19
Intel Core i5-12400F,19000,6,12,2.5,4.4,18,65,AMD RX 7900 XTX,34000,24,1855,2499,355,384,1440p,1.5,0.5588,420,9216,69.83,CPU,51
Intel Core i5-12600K,25000,10,16,3.7,4.9,20,125,NVIDIA RTX 4070 Ti,27000,12,2310,2610,285,192,1080p,1.0,0.9259,410,2304,6.12,CPU,98
Intel Core i5-12400F,19000,6,12,2.5,4.4,18,65,AMD RX 6800 XT,24000,16,1825,2250,300,256,4K,2.5,0.7917,365,4096,73.41,CPU,22
AMD Ryzen 9 7900X,38000,12,24,4.7,5.6,76,170,NVIDIA GTX 1650,7000,4,1485,1665,75,128,1440p,1.5,5.4286,245,512,67.64,GPU,10
Intel Core i5-13400F,22000,10,16,2.5,4.6,20,65,AMD RX 6800 XT,24000,16,1825,2250,300,256,4K,2.5,0.9167,365,4096,70.08,CPU,23
Intel Core i9-12900K,35000,16,24,3.2,5.2,30,125,NVIDIA RTX 4070 Ti,27000,12,2310,2610,285,192,4K,2.5,1.2963,410,2304,59.51,CPU,25
Intel Core i3-10100F,10000,4,8,3.6,4.3,6,65,AMD RX 6900 XT,26000,16,1825,2250,300,256,1080p,1.0,0.3846,365,4096,64.16,CPU,67
Intel Core i5-12600K,25000,10,16,3.7,4.9,20,125,NVIDIA GTX 1650,7000,4,1485,1665,75,128,4K,2.5,3.5714,200,512,9.02,GPU,11
AMD Ryzen 9 5950X,32000,16,32,3.4,4.9,72,105,NVIDIA GTX 1660 SUPER,10000,6,1530,1785,125,192,4K,2.5,3.2,230,1152,0,BALANCED,16
AMD Ryzen 3 4100,11000,4,8,3.8,4.0,6,65,NVIDIA RTX 4090,38000,24,2235,2520,450,384,1080p,1.0,0.2895,515,9216,70.11,CPU,85
AMD Ryzen 5 7600X,27000,6,12,4.7,5.3,38,105,AMD RX 6900 XT,26000,16,1825,2250,300,256,1080p,1.0,1.0385,405,4096,4.54,BALANCED,109
Intel Core i9-14900K,41000,24,32,3.2,6.0,36,125,NVIDIA RTX 4080,32000,16,2205,2505,320,256,1080p,1.0,1.2812,445,4096,22.12,GPU,110
Intel Core i5-14400F,24000,10,16,2.5,4.7,20,65,AMD RX 6600,14000,8,1626,2491,132,128,1440p,1.5,1.7143,197,1024,1.19,BALANCED,37
AMD Ryzen 9 7950X,42000,16,32,4.5,5.7,80,170,NVIDIA RTX 4090,38000,24,2235,2520,450,384,1080p,1.0,1.1053,620,9216,11.04,GPU,135
AMD Ryzen 9 5900X,29000,12,24,3.7,4.8,70,105,AMD RX 6500 XT,8000,4,2310,2815,107,64,1080p,1.0,3.625,212,256,71.82,GPU,18
Intel Core i5-12600K,25000,10,16,3.7,4.9,20,125,NVIDIA RTX 4060 Ti,20000,8,2310,2535,160,128,4K,2.5,1.25,285,1024,60.79,CPU,20
Intel Core i3-10100F,10000,4,8,3.6,4.3,6,65,NVIDIA RTX 3050,12000,8,1552,1777,130,128,1080p,1.0,0.8333,195,1024,17.27,CPU,43
AMD Ryzen 9 5900X,29000,12,24,3.7,4.8,70,105,NVIDIA RTX 3090,27000,24,1395,1695,350,384,1440p,1.5,1.0741,455,9216,39.36,CPU,53
Intel Core i3-10100F,10000,4,8,3.6,4.3,6,65,NVIDIA GTX 1660 SUPER,10000,6,1530,1785,125,192,4K,2.5,1.0,190,1152,66.01,CPU,9
Intel Core i5-13600K,28000,14,20,3.5,5.1,24,125,AMD RX 7900 XT,30000,20,1500,2394,315,320,1080p,1.0,0.9333,440,6400,4.21,CPU,125
Intel Core i3-13100F,14000,4,8,3.4,4.5,12,58,AMD RX 6600,14000,8,1626,2491,132,128,1440p,1.5,1.0,190,1024,43.18,CPU,26
Intel Core i9-13900K,40000,24,32,3.0,5.8,36,125,NVIDIA RTX 4060 Ti,20000,8,2310,2535,160,128,4K,2.5,2.0,285,1024,43.22,CPU,25
Intel Core i3-12100F,13000,4,8,3.3,4.3,12,58,NVIDIA RTX 4070 Ti SUPER,29000,16,2340,2610,285,256,4K,2.5,0.4483,343,4096,89.49,CPU,24
Intel Core i3-10100F,10000,4,8,3.6,4.3,6,65,NVIDIA RTX 3060,16000,12,1320,1777,170,192,4K,2.5,0.625,235,2304,84.18,CPU,13
AMD Ryzen 5 7600,25000,6,12,3.8,5.1,38,65,AMD RX 7600,16000,8,1720,2655,165,128,1440p,1.5,1.5625,230,1024,3.46,CPU,43
Intel Core i3-12100F,13000,4,8,3.3,4.3,12,58,AMD RX 6600,14000,8,1626,2491,132,128,1080p,1.0,0.9286,190,1024,9.2,CPU,55
Intel Core i5-13400F,22000,10,16,2.5,4.6,20,65,NVIDIA RTX 3080,25000,10,1440,1710,320,320,1080p,1.0,0.88,385,3200,11.96,CPU,89
AMD Ryzen 9 5950X,32000,16,32,3.4,4.9,72,105,NVIDIA RTX 3060 Ti,19000,8,1410,1665,200,256,4K,2.5,1.6842,305,2048,43.69,CPU,22
AMD Ryzen 5 5600,20000,6,12,3.5,4.4,35,65,NVIDIA RTX 4070,23000,12,1920,2475,200,192,1440p,1.5,0.8696,265,2304,47.13,CPU,45
AMD Ryzen 9 5900X,29000,12,24,3.7,4.8,70,105,NVIDIA RTX 3070,21000,8,1500,1730,220,256,1440p,1.5,1.381,325,2048,17.92,CPU,53
AMD Ryzen 5 7600X,27000,6,12,4.7,5.3,38,105,AMD RX 6600,14000,8,1626,2491,132,128,4K,2.5,1.9286,237,1024,44.93,CPU,16
Intel Core i7-12700K,30000,12,20,3.6,5.0,25,125,NVIDIA RTX 4070 SUPER,26000,12,1980,2475,220,192,1440p,1.5,1.1538,345,2304,32.96,CPU,53
AMD Ryzen 9 7950X,42000,16,32,4.5,5.7,80,170,NVIDIA RTX 3060,16000,12,1320,1777,170,192,1080p,1.0,2.625,340,2304,66.01,GPU,39
Intel Core i5-13400F,22000,10,16,2.5,4.6,20,65,AMD RX 6600,14000,8,1626,2491,132,128,1440p,1.5,1.5714,197,1024,4.43,CPU,34
Intel Core i3-12100F,13000,4,8,3.3,4.3,12,58,NVIDIA RTX 3090,27000,24,1395,1695,350,384,1440p,1.5,0.4815,408,9216,72.21,CPU,39
Intel Core i7-14700K,37000,20,28,3.4,5.6,33,125,NVIDIA RTX 3070,21000,8,1500,1730,220,256,1440p,1.5,1.7619,345,2048,2.49,BALANCED,59
Intel Core i7-13700K,35000,16,24,3.4,5.4,30,125,NVIDIA RTX 3060,16000,12,1320,1777,170,192,4K,2.5,2.1875,295,2304,35.15,CPU,20
AMD Ryzen 5 7600,25000,6,12,3.8,5.1,38,65,NVIDIA RTX 4060,18000,8,1830,2460,115,128,1080p,1.0,1.3889,180,1024,32.55,GPU,58
Intel Core i9-13900K,40000,24,32,3.0,5.8,36,125,NVIDIA RTX 3080,25000,10,1440,1710,320,320,4K,2.5,1.6,445,3200,51.38,CPU,29
AMD Ryzen 5 7600,25000,6,12,3.8,5.1,38,65,NVIDIA RTX 4070 Ti SUPER,29000,16,2340,2610,285,256,1080p,1.0,0.8621,350,4096,16.38,CPU,102
AMD Ryzen 5 5600X,21000,6,12,3.7,4.6,35,65,AMD RX 6500 XT,8000,4,2310,2815,107,64,1440p,1.5,2.625,172,256,33.17,GPU,17
AMD Ryzen 7 7800X3D,34000,8,16,4.2,5.0,104,120,AMD RX 6700 XT,18000,12,2321,2581,230,192,4K,2.5,1.8889,350,2304,39.9,CPU,21
AMD Ryzen 5 5600,20000,6,12,3.5,4.4,35,65,NVIDIA RTX 4070 Ti,27000,12,2310,2610,285,192,1440p,1.5,0.7407,350,2304,58.07,CPU,45
AMD Ryzen 5 7600X,27000,6,12,4.7,5.3,38,105,NVIDIA RTX 3060 Ti,19000,8,1410,1665,200,256,1440p,1.5,1.4211,305,2048,16.24,CPU,43
Intel Core i5-13600K,28000,14,20,3.5,5.1,24,125,AMD RX 6800 XT,24000,16,1825,2250,300,256,1080p,1.0,1.1667,425,4096,16.87,GPU,82
AMD Ryzen 9 7900X,38000,12,24,4.7,5.6,76,170,NVIDIA RTX 3060 Ti,19000,8,1410,1665,200,256,4K,2.5,2.0,370,2048,38.9,CPU,23
AMD Ryzen 5 5600,20000,6,12,3.5,4.4,35,65,NVIDIA RTX 4060 Ti,20000,8,2310,2535,160,128,1440p,1.5,1.0,225,1024,42.33,CPU,41
AMD Ryzen 7 7800X3D,34000,8,16,4.2,5.0,104,120,NVIDIA RTX 3090,27000,24,1395,1695,350,384,1440p,1.5,1.2593,470,9216,26.1,CPU,58
Intel Core i7-12700K,30000,12,20,3.6,5.0,25,125,AMD RX 6600,14000,8,1626,2491,132,128,1080p,1.0,2.1429,257,1024,52.18,GPU,35
Intel Core i5-13600K,28000,14,20,3.5,5.1,24,125,NVIDIA RTX 4070 SUPER,26000,12,1980,2475,220,192,1080p,1.0,1.0769,345,2304,0.39,BALANCED,107
Intel Core i9-14900K,41000,24,32,3.2,6.0,36,125,NVIDIA RTX 4070 Ti,27000,12,2310,2610,285,192,1440p,1.5,1.5185,410,2304,12.37,CPU,67
AMD Ryzen 7 5800X,26000,8,16,3.8,4.7,36,105,AMD RX 7900 XT,30000,20,1500,2394,315,320,4K,2.5,0.8667,420,6400,73.28,CPU,28
Intel Core i3-13100F,14000,4,8,3.4,4.5,12,58,AMD RX 6700 XT,18000,12,2321,2581,230,192,1440p,1.5,0.7778,288,2304,55.91,CPU,32
Intel Core i7-14700K,37000,20,28,3.4,5.6,33,125,NVIDIA RTX 3050,12000,8,1552,1777,130,128,4K,2.5,3.0833,255,1024,3.47,CPU,20
Intel Core i5-10400F,14000,6,12,2.9,4.3,12,65,NVIDIA RTX 4060,18000,8,1830,2460,115,128,4K,2.5,0.7778,180,1024,77.86,CPU,17
AMD Ryzen 5 7600X,27000,6,12,4.7,5.3,38,105,NVIDIA GT 1030,3000,2,1228,1468,30,64,1080p,1.0,9.0,135,128,91.74,GPU,5
Intel Core i7-13700K,35000,16,24,3.4,5.4,30,125,NVIDIA RTX 4070 Ti,27000,12,2310,2610,285,192,4K,2.5,1.2963,410,2304,61.11,CPU,26
Intel Core i7-14700K,37000,20,28,3.4,5.6,33,125,NVIDIA RTX 4070 Ti SUPER,29000,16,2340,2610,285,256,1440p,1.5,1.2759,410,4096,23.82,CPU,68
Intel Core i5-10400F,14000,6,12,2.9,4.3,12,65,NVIDIA RTX 3080,25000,10,1440,1710,320,320,4K,2.5,0.56,385,3200,86.42,CPU,20
Intel Core i5-10400F,14000,6,12,2.9,4.3,12,65,NVIDIA RTX 4060 Ti,20000,8,2310,2535,160,128,1440p,1.5,0.7,225,1024,57.74,CPU,36
Intel Core i5-12600K,25000,10,16,3.7,4.9,20,125,NVIDIA RTX 4080,32000,16,2205,2505,320,256,1080p,1.0,0.7812,445,4096,22.46,CPU,117
Intel Core i5-13400F,22000,10,16,2.5,4.6,20,65,NVIDIA RTX 3090,27000,24,1395,1695,350,384,4K,2.5,0.8148,415,9216,78.01,CPU,23
Intel Core i9-13900K,40000,24,32,3.0,5.8,36,125,NVIDIA RTX 3060 Ti,19000,8,1410,1665,200,256,4K,2.5,2.1053,325,2048,33.45,CPU,25
Intel Core i5-12400F,19000,6,12,2.5,4.4,18,65,NVIDIA RTX 4070 SUPER,26000,12,1980,2475,220,192,1440p,1.5,0.7308,285,2304,54.83,CPU,47
Intel Core i3-12100F,13000,4,8,3.3,4.3,12,58,NVIDIA RTX 4090,38000,24,2235,2520,450,384,1440p,1.5,0.3421,508,9216,79.35,CPU,50
AMD Ryzen 7 5700X,24000,8,16,3.4,4.6,36,65,NVIDIA RTX 4080,32000,16,2205,2505,320,256,4K,2.5,0.75,385,4096,79.37,CPU,27
Intel Core i9-12900K,35000,16,24,3.2,5.2,30,125,NVIDIA RTX 4090,38000,24,2235,2520,450,384,4K,2.5,0.9211,575,9216,72.68,CPU,36
AMD Ryzen 9 7950X,42000,16,32,4.5,5.7,80,170,NVIDIA RTX 4080,32000,16,2205,2505,320,256,1080p,1.0,1.3125,490,4096,21.66,GPU,113
Intel Core i9-13900K,40000,24,32,3.0,5.8,36,125,NVIDIA RTX 4080,32000,16,2205,2505,320,256,4K,2.5,1.25,445,4096,58.14,CPU,33
AMD Ryzen 5 7600,25000,6,12,3.8,5.1,38,65,AMD RX 7800 XT,24000,16,1295,2430,263,256,4K,2.5,1.0417,328,4096,67.94,CPU,23
Intel Core i3-10100F,10000,4,8,3.6,4.3,6,65,AMD RX 6800 XT,24000,16,1825,2250,300,256,4K,2.5,0.4167,365,4096,88.12,CPU,18
Intel Core i7-14700K,37000,20,28,3.4,5.6,33,125,AMD RX 6800 XT,24000,16,1825,2250,300,256,1440p,1.5,1.5417,425,4096,9.61,CPU,61
Intel Core i9-12900K,35000,16,24,3.2,5.2,30,125,NVIDIA RTX 4080 SUPER,33000,16,2295,2550,320,256,4K,2.5,1.0606,445,4096,68.96,CPU,31
Intel Core i3-12100F,13000,4,8,3.3,4.3,12,58,AMD RX 6500 XT,8000,4,2310,2815,107,64,1440p,1.5,1.625,165,256,1.3,BALANCED,22
Intel Core i9-13900K,40000,24,32,3.0,5.8,36,125,NVIDIA GTX 1650,7000,4,1485,1665,75,128,4K,2.5,5.7143,200,512,42.76,GPU,8
Intel Core i7-12700K,30000,12,20,3.6,5.0,25,125,NVIDIA RTX 4070,23000,12,1920,2475,200,192,1440p,1.5,1.3043,325,2304,25.15,CPU,56
Intel Core i3-13100F,14000,4,8,3.4,4.5,12,58,NVIDIA RTX 4080 SUPER,33000,16,2295,2550,320,256,4K,2.5,0.4242,378,4096,86.57,CPU,27
AMD Ryzen 9 5900X,29000,12,24,3.7,4.8,70,105,NVIDIA RTX 3070,21000,8,1500,1730,220,256,1080p,1.0,1.381,325,2048,26.83,GPU,72
Intel Core i9-13900K,40000,24,32,3.0,5.8,36,125,NVIDIA RTX 4060 Ti,20000,8,2310,2535,160,128,1080p,1.0,2.0,285,1024,53.26,GPU,56
AMD Ryzen 7 7800X3D,34000,8,16,4.2,5.0,104,120,AMD RX 6800 XT,24000,16,1825,2250,300,256,1440p,1.5,1.4167,420,4096,17.51,CPU,59
Intel Core i3-10100F,10000,4,8,3.6,4.3,6,65,NVIDIA RTX 3090,27000,24,1395,1695,350,384,1080p,1.0,0.3704,415,9216,66.22,CPU,66
AMD Ryzen 7 5800X,26000,8,16,3.8,4.7,36,105,AMD RX 7700 XT,21000,12,1700,2544,245,192,1440p,1.5,1.2381,350,2304,28.85,CPU,47
Intel Core i5-14600K,30000,14,20,3.5,5.3,24,125,NVIDIA GT 1030,3000,2,1228,1468,30,64,1080p,1.0,10.0,155,128,91.57,GPU,6
Intel Core i9-12900K,35000,16,24,3.2,5.2,30,125,AMD RX 7900 XT,30000,20,1500,2394,315,320,4K,2.5,1.1667,440,6400,63.73,CPU,31
Intel Core i5-13600K,28000,14,20,3.5,5.1,24,125,AMD RX 7600,16000,8,1720,2655,165,128,4K,2.5,1.75,290,1024,45.25,CPU,17
AMD Ryzen 7 7800X3D,34000,8,16,4.2,5.0,104,120,AMD RX 6900 XT,26000,16,1825,2250,300,256,1440p,1.5,1.3077,420,4096,20.29,CPU,63
AMD Ryzen 5 5600,20000,6,12,3.5,4.4,35,65,NVIDIA RTX 4060 Ti,20000,8,2310,2535,160,128,1080p,1.0,1.0,225,1024,1.53,BALANCED,84
AMD Ryzen 5 5500,18000,6,12,3.6,4.2,19,65,AMD RX 6500 XT,8000,4,2310,2815,107,64,1440p,1.5,2.25,172,256,25.72,GPU,18
AMD Ryzen 9 7900X,38000,12,24,4.7,5.6,76,170,AMD RX 6700 XT,18000,12,2321,2581,230,192,1440p,1.5,2.1111,400,2304,21.71,GPU,43
AMD Ryzen 9 5900X,29000,12,24,3.7,4.8,70,105,AMD RX 6700 XT,18000,12,2321,2581,230,192,1080p,1.0,1.6111,335,2304,36.59,GPU,58
Intel Core i5-13400F,22000,10,16,2.5,4.6,20,65,NVIDIA RTX 4060,18000,8,1830,2460,115,128,1440p,1.5,1.2222,180,1024,22.87,CPU,40
AMD Ryzen 9 7900X,38000,12,24,4.7,5.6,76,170,AMD RX 7900 XT,30000,20,1500,2394,315,320,1080p,1.0,1.2667,485,6400,20.13,GPU,108
AMD Ryzen 9 7900X,38000,12,24,4.7,5.6,76,170,AMD RX 6800 XT,24000,16,1825,2250,300,256,4K,2.5,1.5833,470,4096,51.29,CPU,27
AMD Ryzen 5 7600X,27000,6,12,4.7,5.3,38,105,NVIDIA RTX 4080,32000,16,2205,2505,320,256,4K,2.5,0.8438,425,4096,77.32,CPU,29
Intel Core i5-10400F,14000,6,12,2.9,4.3,12,65,NVIDIA GTX 1660 SUPER,10000,6,1530,1785,125,192,4K,2.5,1.4,190,1152,56.91,CPU,10
Intel Core i5-12600K,25000,10,16,3.7,4.9,20,125,NVIDIA RTX 3070,21000,8,1500,1730,220,256,1440p,1.5,1.1905,345,2048,30.21,CPU,44
Intel Core i5-14400F,24000,10,16,2.5,4.7,20,65,AMD RX 7600,16000,8,1720,2655,165,128,1440p,1.5,1.5,230,1024,13.19,CPU,40
Intel Core i7-14700K,37000,20,28,3.4,5.6,33,125,AMD RX 7800 XT,24000,16,1295,2430,263,256,4K,2.5,1.5417,388,4096,56.27,CPU,27
AMD Ryzen 7 7700X,32000,8,16,4.5,5.4,40,105,NVIDIA GT 1030,3000,2,1228,1468,30,64,1080p,1.0,10.6667,135,128,89.96,GPU,6
Intel Core i5-13400F,22000,10,16,2.5,4.6,20,65,NVIDIA RTX 3060 Ti,19000,8,1410,1665,200,256,1440p,1.5,1.1579,265,2048,33.17,CPU,41
Intel Core i7-13700K,35000,16,24,3.4,5.4,30,125,AMD RX 7800 XT,24000,16,1295,2430,263,256,1440p,1.5,1.4583,388,4096,13.96,CPU,63
Intel Core i5-13600K,28000,14,20,3.5,5.1,24,125,AMD RX 6600,14000,8,1626,2491,132,128,1440p,1.5,2.0,257,1024,15.41,GPU,35
Intel Core i5-13400F,22000,10,16,2.5,4.6,20,65,NVIDIA RTX 4060 Ti,20000,8,2310,2535,160,128,1080p,1.0,1.1,225,1024,6.06,GPU,75
AMD Ryzen 7 7700X,32000,8,16,4.5,5.4,40,105,AMD RX 6500 XT,8000,4,2310,2815,107,64,1080p,1.0,4.0,212,256,76.25,GPU,17
Intel Core i9-13900K,40000,24,32,3.0,5.8,36,125,NVIDIA GTX 1660 SUPER,10000,6,1530,1785,125,192,4K,2.5,4.0,250,1152,15.64,GPU,15
Intel Core i5-14600K,30000,14,20,3.5,5.3,24,125,NVIDIA RTX 3080,25000,10,1440,1710,320,320,4K,2.5,1.2,445,3200,64.15,CPU,25
Intel Core i9-14900K,41000,24,32,3.2,6.0,36,125,AMD RX 7700 XT,21000,12,1700,2544,245,192,1080p,1.0,1.9524,370,2304,53.72,GPU,61
Intel Core i9-12900K,35000,16,24,3.2,5.2,30,125,NVIDIA RTX 3060,16000,12,1320,1777,170,192,1080p,1.0,2.1875,295,2304,51.22,GPU,41
AMD Ryzen 5 5600,20000,6,12,3.5,4.4,35,65,NVIDIA RTX 4090,38000,24,2235,2520,450,384,1440p,1.5,0.5263,515,9216,67.5,CPU,55
Intel Core i5-14600K,30000,14,20,3.5,5.3,24,125,NVIDIA RTX 3070,21000,8,1500,1730,220,256,1440p,1.5,1.4286,345,2048,16.89,CPU,53
AMD Ryzen 5 7600,25000,6,12,3.8,5.1,38,65,NVIDIA RTX 3060 Ti,19000,8,1410,1665,200,256,4K,2.5,1.3158,265,2048,61.7,CPU,20
AMD Ryzen 9 7900X,38000,12,24,4.7,5.6,76,170,NVIDIA RTX 3070,21000,8,1500,1730,220,256,4K,2.5,1.8095,390,2048,43.28,CPU,23
AMD Ryzen 5 7600,25000,6,12,3.8,5.1,38,65,NVIDIA RTX 4070 Ti,27000,12,2310,2610,285,192,1440p,1.5,0.9259,350,2304,44.62,CPU,49
Intel Core i5-13400F,22000,10,16,2.5,4.6,20,65,AMD RX 6700 XT,18000,12,2321,2581,230,192,1440p,1.5,1.2222,295,2304,24.65,CPU,38
Intel Core i5-14400F,24000,10,16,2.5,4.7,20,65,AMD RX 7800 XT,24000,16,1295,2430,263,256,1080p,1.0,1.0,328,4096,0,BALANCED,99
AMD Ryzen 7 5700X,24000,8,16,3.4,4.6,36,65,NVIDIA RTX 3060,16000,12,1320,1777,170,192,1080p,1.0,1.5,235,2304,34.07,GPU,49
Intel Core i9-13900K,40000,24,32,3.0,5.8,36,125,NVIDIA RTX 4060,18000,8,1830,2460,115,128,1440p,1.5,2.2222,240,1024,23.39,GPU,40
AMD Ryzen 5 5600,20000,6,12,3.5,4.4,35,65,NVIDIA RTX 4070,23000,12,1920,2475,200,192,4K,2.5,0.8696,265,2304,71.51,CPU,20
AMD Ryzen 9 5950X,32000,16,32,3.4,4.9,72,105,AMD RX 7900 XTX,34000,24,1855,2499,355,384,1440p,1.5,0.9412,460,9216,46.44,CPU,68
Intel Core i7-13700K,35000,16,24,3.4,5.4,30,125,AMD RX 7800 XT,24000,16,1295,2430,263,256,1080p,1.0,1.4583,388,4096,33.48,GPU,79
AMD Ryzen 9 5900X,29000,12,24,3.7,4.8,70,105,AMD RX 6600,14000,8,1626,2491,132,128,1080p,1.0,2.0714,237,1024,49.01,GPU,38
AMD Ryzen 9 7900X,38000,12,24,4.7,5.6,76,170,NVIDIA RTX 3090,27000,24,1395,1695,350,384,4K,2.5,1.4074,520,9216,59.3,CPU,28
Intel Core i5-13600K,28000,14,20,3.5,5.1,24,125,AMD RX 7900 XTX,34000,24,1855,2499,355,384,1440p,1.5,0.8235,480,9216,50.02,CPU,66
AMD Ryzen 5 7600,25000,6,12,3.8,5.1,38,65,NVIDIA RTX 3050,12000,8,1552,1777,130,128,1440p,1.5,2.0833,195,1024,18.92,GPU,26
Intel Core i7-12700K,30000,12,20,3.6,5.0,25,125,AMD RX 6700 XT,18000,12,2321,2581,230,192,1080p,1.0,1.6667,355,2304,41.53,GPU,50
Intel Core i5-13400F,22000,10,16,2.5,4.6,20,65,AMD RX 6800 XT,24000,16,1825,2250,300,256,1440p,1.5,0.9167,365,4096,44.48,CPU,48
AMD Ryzen 5 5600,20000,6,12,3.5,4.4,35,65,NVIDIA RTX 4070 Ti SUPER,29000,16,2340,2610,285,256,4K,2.5,0.6897,350,4096,83.08,CPU,23
Intel Core i9-13900K,40000,24,32,3.0,5.8,36,125,NVIDIA RTX 4080 SUPER,33000,16,2295,2550,320,256,1080p,1.0,1.2121,445,4096,15.12,GPU,110
Intel Core i7-13700K,35000,16,24,3.4,5.4,30,125,NVIDIA RTX 4070,23000,12,1920,2475,200,192,1440p,1.5,1.5217,325,2304,12.79,CPU,60
AMD Ryzen 9 7900X,38000,12,24,4.7,5.6,76,170,AMD RX 6700 XT,18000,12,2321,2581,230,192,1080p,1.0,2.1111,400,2304,50.04,GPU,48
AMD Ryzen 7 5700X,24000,8,16,3.4,4.6,36,65,NVIDIA RTX 3090,27000,24,1395,1695,350,384,1080p,1.0,0.8889,415,9216,10.19,CPU,109
AMD Ryzen 3 4100,11000,4,8,3.8,4.0,6,65,AMD RX 7600,16000,8,1720,2655,165,128,1080p,1.0,0.6875,230,1024,29.6,CPU,51
Intel Core i7-13700K,35000,16,24,3.4,5.4,30,125,AMD RX 6700 XT,18000,12,2321,2581,230,192,1440p,1.5,1.9444,355,2304,12.51,GPU,45
Intel Core i5-12400F,19000,6,12,2.5,4.4,18,65,NVIDIA RTX 3080,25000,10,1440,1710,320,320,4K,2.5,0.76,385,3200,76.56,CPU,23
AMD Ryzen 9 7900X,38000,12,24,4.7,5.6,76,170,NVIDIA RTX 4080,32000,16,2205,2505,320,256,4K,2.5,1.1875,490,4096,60.67,CPU,32
Intel Core i5-14400F,24000,10,16,2.5,4.7,20,65,NVIDIA RTX 3080,25000,10,1440,1710,320,320,1440p,1.5,0.96,385,3200,43.34,CPU,50
Intel Core i5-14600K,30000,14,20,3.5,5.3,24,125,NVIDIA RTX 3050,12000,8,1552,1777,130,128,1080p,1.0,2.5,255,1024,57.74,GPU,28
AMD Ryzen 9 7950X,42000,16,32,4.5,5.7,80,170,NVIDIA RTX 4080 SUPER,33000,16,2295,2550,320,256,4K,2.5,1.2727,490,4096,63.25,CPU,35
Intel Core i5-13600K,28000,14,20,3.5,5.1,24,125,NVIDIA RTX 4060,18000,8,1830,2460,115,128,4K,2.5,1.5556,240,1024,51.78,CPU,21
Intel Core i5-10400F,14000,6,12,2.9,4.3,12,65,AMD RX 7900 XT,30000,20,1500,2394,315,320,4K,2.5,0.4667,380,6400,85.78,CPU,25
Intel Core i5-12400F,19000,6,12,2.5,4.4,18,65,NVIDIA RTX 3060 Ti,19000,8,1410,1665,200,256,1080p,1.0,1.0,265,2048,0,BALANCED,85
AMD Ryzen 9 7900X,38000,12,24,4.7,5.6,76,170,NVIDIA RTX 4070 Ti,27000,12,2310,2610,285,192,4K,2.5,1.4074,455,2304,59.43,CPU,27
Intel Core i9-14900K,41000,24,32,3.2,6.0,36,125,AMD RX 7900 XT,30000,20,1500,2394,315,320,1080p,1.0,1.3667,440,6400,24.92,GPU,98
AMD Ryzen 7 7800X3D,34000,8,16,4.2,5.0,104,120,NVIDIA RTX 3060 Ti,19000,8,1410,1665,200,256,4K,2.5,1.7895,320,2048,44.25,CPU,21
Intel Core i5-13600K,28000,14,20,3.5,5.1,24,125,NVIDIA RTX 4060 Ti,20000,8,2310,2535,160,128,4K,2.5,1.4,285,1024,58.0,CPU,22
AMD Ryzen 7 5700X,24000,8,16,3.4,4.6,36,65,NVIDIA GT 1030,3000,2,1228,1468,30,64,1080p,1.0,8.0,95,128,84.6,GPU,6
Intel Core i7-12700K,30000,12,20,3.6,5.0,25,125,NVIDIA GTX 1650,7000,4,1485,1665,75,128,4K,2.5,4.2857,200,512,22.37,GPU,10
Intel Core i5-14400F,24000,10,16,2.5,4.7,20,65,NVIDIA RTX 4060 Ti,20000,8,2310,2535,160,128,4K,2.5,1.2,225,1024,66.34,CPU,19
Intel Core i5-14400F,24000,10,16,2.5,4.7,20,65,AMD RX 6700 XT,18000,12,2321,2581,230,192,4K,2.5,1.3333,295,2304,63.14,CPU,18
Intel Core i7-13700K,35000,16,24,3.4,5.4,30,125,AMD RX 6600,14000,8,1626,2491,132,128,1080p,1.0,2.5,257,1024,60.83,GPU,37
Intel Core i3-12100F,13000,4,8,3.3,4.3,12,58,AMD RX 6800 XT,24000,16,1825,2250,300,256,4K,2.5,0.5417,358,4096,85.18,CPU,20
Intel Core i5-12600K,25000,10,16,3.7,4.9,20,125,NVIDIA GTX 1660 SUPER,10000,6,1530,1785,125,192,1080p,1.0,2.5,250,1152,60.27,GPU,25
Intel Core i9-13900K,40000,24,32,3.0,5.8,36,125,AMD RX 6500 XT,8000,4,2310,2815,107,64,4K,2.5,5.0,232,256,31.4,GPU,10
AMD Ryzen 5 5600,20000,6,12,3.5,4.4,35,65,AMD RX 6800 XT,24000,16,1825,2250,300,256,4K,2.5,0.8333,365,4096,74.76,CPU,22
AMD Ryzen 7 5800X,26000,8,16,3.8,4.7,36,105,NVIDIA RTX 4090,38000,24,2235,2520,450,384,1440p,1.5,0.6842,555,9216,56.99,CPU,64
Intel Core i5-14600K,30000,14,20,3.5,5.3,24,125,AMD RX 6600,14000,8,1626,2491,132,128,1080p,1.0,2.1429,257,1024,55.04,GPU,39
Intel Core i3-12100F,13000,4,8,3.3,4.3,12,58,NVIDIA RTX 4090,38000,24,2235,2520,450,384,4K,2.5,0.3421,508,9216,89.42,CPU,31
AMD Ryzen 9 5900X,29000,12,24,3.7,4.8,70,105,AMD RX 7900 XTX,34000,24,1855,2499,355,384,4K,2.5,0.8529,460,9216,74.33,CPU,30
Intel Core i9-14900K,41000,24,32,3.2,6.0,36,125,AMD RX 6900 XT,26000,16,1825,2250,300,256,4K,2.5,1.5769,425,4096,54.88,CPU,28
AMD Ryzen 7 5800X,26000,8,16,3.8,4.7,36,105,AMD RX 580,9000,8,1257,1340,185,256,4K,2.5,2.8889,290,2048,10.59,CPU,14
Intel Core i3-13100F,14000,4,8,3.4,4.5,12,58,NVIDIA RTX 4060 Ti,20000,8,2310,2535,160,128,1440p,1.5,0.7,218,1024,60.24,CPU,32
Intel Core i5-12400F,19000,6,12,2.5,4.4,18,65,NVIDIA GTX 1650,7000,4,1485,1665,75,128,1080p,1.0,2.7143,140,512,62.85,GPU,17
Intel Core i9-14900K,41000,24,32,3.2,6.0,36,125,NVIDIA RTX 3070,21000,8,1500,1730,220,256,1080p,1.0,1.9524,345,2048,46.21,GPU,59
Intel Core i3-10100F,10000,4,8,3.6,4.3,6,65,NVIDIA RTX 3070,21000,8,1500,1730,220,256,4K,2.5,0.4762,285,2048,80.72,CPU,16
AMD Ryzen 5 7600X,27000,6,12,4.7,5.3,38,105,NVIDIA RTX 3060,16000,12,1320,1777,170,192,4K,2.5,1.6875,275,2304,50.66,CPU,18
Intel Core i9-13900K,40000,24,32,3.0,5.8,36,125,NVIDIA RTX 4090,38000,24,2235,2520,450,384,1080p,1.0,1.0526,575,9216,3.41,BALANCED,163
AMD Ryzen 9 7950X,42000,16,32,4.5,5.7,80,170,NVIDIA RTX 3060 Ti,19000,8,1410,1665,200,256,1080p,1.0,2.2105,370,2048,55.17,GPU,52
AMD Ryzen 7 5800X,26000,8,16,3.8,4.7,36,105,NVIDIA RTX 4070 Ti SUPER,29000,16,2340,2610,285,256,4K,2.5,0.8966,390,4096,74.78,CPU,26
Intel Core i7-13700K,35000,16,24,3.4,5.4,30,125,AMD RX 7900 XT,30000,20,1500,2394,315,320,1440p,1.5,1.1667,440,6400,29.06,CPU,64
AMD Ryzen 5 7600X,27000,6,12,4.7,5.3,38,105,NVIDIA RTX 3060 Ti,19000,8,1410,1665,200,256,4K,2.5,1.4211,305,2048,57.16,CPU,19
AMD Ryzen 5 5500,18000,6,12,3.6,4.2,19,65,NVIDIA RTX 3060 Ti,19000,8,1410,1665,200,256,1080p,1.0,0.9474,265,2048,3.81,CPU,74
AMD Ryzen 7 5800X,26000,8,16,3.8,4.7,36,105,NVIDIA RTX 3090,27000,24,1395,1695,350,384,1080p,1.0,0.963,455,9216,2.08,BALANCED,110
AMD Ryzen 5 5600X,21000,6,12,3.7,4.6,35,65,NVIDIA RTX 4060,18000,8,1830,2460,115,128,1080p,1.0,1.1667,180,1024,11.54,GPU,67
Intel Core i3-13100F,14000,4,8,3.4,4.5,12,58,NVIDIA RTX 3070,21000,8,1500,1730,220,256,1440p,1.5,0.6667,278,2048,62.6,CPU,36
AMD Ryzen 7 7700X,32000,8,16,4.5,5.4,40,105,NVIDIA RTX 4070,23000,12,1920,2475,200,192,1440p,1.5,1.3913,305,2304,19.05,CPU,54
AMD Ryzen 3 4100,11000,4,8,3.8,4.0,6,65,AMD RX 7800 XT,24000,16,1295,2430,263,256,1080p,1.0,0.4583,328,4096,52.34,CPU,68
AMD Ryzen 7 7700X,32000,8,16,4.5,5.4,40,105,NVIDIA GT 1030,3000,2,1228,1468,30,64,1440p,1.5,10.6667,135,128,88.1,GPU,5
AMD Ryzen 7 7700X,32000,8,16,4.5,5.4,40,105,NVIDIA RTX 4070 Ti,27000,12,2310,2610,285,192,1440p,1.5,1.1852,390,2304,33.24,CPU,59
Intel Core i7-12700K,30000,12,20,3.6,5.0,25,125,NVIDIA RTX 4060,18000,8,1830,2460,115,128,4K,2.5,1.6667,240,1024,51.46,CPU,21
AMD Ryzen 5 5600,20000,6,12,3.5,4.4,35,65,AMD RX 7600,16000,8,1720,2655,165,128,1080p,1.0,1.25,230,1024,19.14,GPU,57
AMD Ryzen 5 5600X,21000,6,12,3.7,4.6,35,65,AMD RX 7900 XT,30000,20,1500,2394,315,320,1440p,1.5,0.7,380,6400,58.57,CPU,54
Intel Core i3-12100F,13000,4,8,3.3,4.3,12,58,NVIDIA RTX 3070,21000,8,1500,1730,220,256,1080p,1.0,0.619,278,2048,38.72,CPU,62
AMD Ryzen 5 5600X,21000,6,12,3.7,4.6,35,65,AMD RX 7900 XT,30000,20,1500,2394,315,320,1080p,1.0,0.7,380,6400,26.15,CPU,93
Intel Core i5-14400F,24000,10,16,2.5,4.7,20,65,AMD RX 7900 XT,30000,20,1500,2394,315,320,1440p,1.5,0.8,380,6400,54.46,CPU,51
Intel Core i9-13900K,40000,24,32,3.0,5.8,36,125,AMD RX 6500 XT,8000,4,2310,2815,107,64,1440p,1.5,5.0,232,256,66.05,GPU,13
AMD Ryzen 7 7700X,32000,8,16,4.5,5.4,40,105,AMD RX 580,9000,8,1257,1340,185,256,4K,2.5,3.5556,290,2048,5.81,GPU,15
Intel Core i5-13400F,22000,10,16,2.5,4.6,20,65,AMD RX 6500 XT,8000,4,2310,2815,107,64,1080p,1.0,2.75,172,256,60.97,GPU,19
Intel Core i9-12900K,35000,16,24,3.2,5.2,30,125,NVIDIA GTX 1660 SUPER,10000,6,1530,1785,125,192,1440p,1.5,3.5,250,1152,51.93,GPU,19
Intel Core i5-12600K,25000,10,16,3.7,4.9,20,125,NVIDIA RTX 4090,38000,24,2235,2520,450,384,1080p,1.0,0.6579,575,9216,35.14,CPU,118
AMD Ryzen 5 7600,25000,6,12,3.8,5.1,38,65,NVIDIA RTX 3080,25000,10,1440,1710,320,320,1080p,1.0,1.0,385,3200,0.62,BALANCED,110
AMD Ryzen 9 5950X,32000,16,32,3.4,4.9,72,105,AMD RX 7900 XT,30000,20,1500,2394,315,320,4K,2.5,1.0667,420,6400,67.38,CPU,29
AMD Ryzen 3 4100,11000,4,8,3.8,4.0,6,65,NVIDIA RTX 4070 Ti,27000,12,2310,2610,285,192,1080p,1.0,0.4074,350,2304,56.75,CPU,65
Intel Core i3-10100F,10000,4,8,3.6,4.3,6,65,NVIDIA RTX 4060 Ti,20000,8,2310,2535,160,128,1440p,1.5,0.5,225,1024,72.16,CPU,30
AMD Ryzen 7 7800X3D,34000,8,16,4.2,5.0,104,120,NVIDIA GTX 1660 SUPER,10000,6,1530,1785,125,192,4K,2.5,3.4,245,1152,4.35,BALANCED,16
Intel Core i5-12400F,19000,6,12,2.5,4.4,18,65,AMD RX 7700 XT,21000,12,1700,2544,245,192,1440p,1.5,0.9048,310,2304,45.45,CPU,39
AMD Ryzen 5 5600X,21000,6,12,3.7,4.6,35,65,NVIDIA RTX 4080,32000,16,2205,2505,320,256,4K,2.5,0.6562,385,4096,80.82,CPU,28
Intel Core i9-14900K,41000,24,32,3.2,6.0,36,125,AMD RX 7900 XTX,34000,24,1855,2499,355,384,1440p,1.5,1.2059,480,9216,28.04,CPU,71
Intel Core i7-14700K,37000,20,28,3.4,5.6,33,125,AMD RX 7800 XT,24000,16,1295,2430,263,256,1440p,1.5,1.5417,388,4096,8.02,CPU,65
Intel Core i9-13900K,40000,24,32,3.0,5.8,36,125,AMD RX 6600,14000,8,1626,2491,132,128,1080p,1.0,2.8571,257,1024,67.7,GPU,32
Intel Core i9-12900K,35000,16,24,3.2,5.2,30,125,AMD RX 6800 XT,24000,16,1825,2250,300,256,1080p,1.0,1.4583,425,4096,30.5,GPU,81
Intel Core i5-14600K,30000,14,20,3.5,5.3,24,125,NVIDIA RTX 3050,12000,8,1552,1777,130,128,4K,2.5,2.5,255,1024,23.76,CPU,17
Intel Core i7-13700K,35000,16,24,3.4,5.4,30,125,NVIDIA GTX 1650,7000,4,1485,1665,75,128,1440p,1.5,5.0,200,512,67.08,GPU,12
AMD Ryzen 9 7900X,38000,12,24,4.7,5.6,76,170,AMD RX 6600,14000,8,1626,2491,132,128,1440p,1.5,2.7143,302,1024,38.87,GPU,29
AMD Ryzen 5 5600,20000,6,12,3.5,4.4,35,65,AMD RX 7900 XTX,34000,24,1855,2499,355,384,1080p,1.0,0.5882,420,9216,42.13,CPU,100
Intel Core i5-12600K,25000,10,16,3.7,4.9,20,125,NVIDIA RTX 3060,16000,12,1320,1777,170,192,1080p,1.0,1.5625,295,2304,34.12,GPU,51
AMD Ryzen 7 7800X3D,34000,8,16,4.2,5.0,104,120,NVIDIA RTX 4060,18000,8,1830,2460,115,128,1440p,1.5,1.8889,235,1024,7.09,GPU,45
AMD Ryzen 9 5950X,32000,16,32,3.4,4.9,72,105,AMD RX 6700 XT,18000,12,2321,2581,230,192,1440p,1.5,1.7778,335,2304,0,BALANCED,46
AMD Ryzen 9 5950X,32000,16,32,3.4,4.9,72,105,NVIDIA RTX 3060,16000,12,1320,1777,170,192,4K,2.5,2.0,275,2304,42.78,CPU,18
AMD Ryzen 9 5950X,32000,16,32,3.4,4.9,72,105,AMD RX 7700 XT,21000,12,1700,2544,245,192,1440p,1.5,1.5238,350,2304,5.79,CPU,51
AMD Ryzen 3 4100,11000,4,8,3.8,4.0,6,65,NVIDIA RTX 4080 SUPER,33000,16,2295,2550,320,256,1440p,1.5,0.3333,385,4096,77.94,CPU,46
AMD Ryzen 9 7950X,42000,16,32,4.5,5.7,80,170,AMD RX 7800 XT,24000,16,1295,2430,263,256,1080p,1.0,1.75,433,4096,45.36,GPU,74
AMD Ryzen 5 5500,18000,6,12,3.6,4.2,19,65,AMD RX 7900 XTX,34000,24,1855,2499,355,384,1080p,1.0,0.5294,420,9216,47.89,CPU,97
Intel Core i3-13100F,14000,4,8,3.4,4.5,12,58,NVIDIA RTX 3060 Ti,19000,8,1410,1665,200,256,4K,2.5,0.7368,258,2048,79.41,CPU,16
Intel Core i9-13900K,40000,24,32,3.0,5.8,36,125,AMD RX 6900 XT,26000,16,1825,2250,300,256,1440p,1.5,1.5385,425,4096,9.07,CPU,66
Intel Core i5-12600K,25000,10,16,3.7,4.9,20,125,AMD RX 7700 XT,21000,12,1700,2544,245,192,1440p,1.5,1.1905,370,2304,28.34,CPU,48
Intel Core i9-14900K,41000,24,32,3.2,6.0,36,125,AMD RX 6700 XT,18000,12,2321,2581,230,192,1080p,1.0,2.2778,355,2304,58.41,GPU,50
Intel Core i7-13700K,35000,16,24,3.4,5.4,30,125,AMD RX 7700 XT,21000,12,1700,2544,245,192,1440p,1.5,1.6667,370,2304,0.86,BALANCED,57
Intel Core i7-14700K,37000,20,28,3.4,5.6,33,125,NVIDIA RTX 3070,21000,8,1500,1730,220,256,4K,2.5,1.7619,345,2048,49.29,CPU,22
AMD Ryzen 5 7600X,27000,6,12,4.7,5.3,38,105,AMD RX 7800 XT,24000,16,1295,2430,263,256,1080p,1.0,1.125,368,4096,13.59,GPU,87
AMD Ryzen 5 7600,25000,6,12,3.8,5.1,38,65,NVIDIA RTX 4060,18000,8,1830,2460,115,128,4K,2.5,1.3889,180,1024,57.67,CPU,18
Intel Core i7-12700K,30000,12,20,3.6,5.0,25,125,AMD RX 6600,14000,8,1626,2491,132,128,4K,2.5,2.1429,257,1024,34.88,CPU,18
AMD Ryzen 7 7800X3D,34000,8,16,4.2,5.0,104,120,NVIDIA RTX 4090,38000,24,2235,2520,450,384,1440p,1.5,0.8947,570,9216,51.29,CPU,69
Intel Core i5-13400F,22000,10,16,2.5,4.6,20,65,NVIDIA RTX 3050,12000,8,1552,1777,130,128,1440p,1.5,1.8333,195,1024,5.37,GPU,29
AMD Ryzen 7 7700X,32000,8,16,4.5,5.4,40,105,NVIDIA RTX 4060 Ti,20000,8,2310,2535,160,128,4K,2.5,1.6,265,1024,57.66,CPU,21
Intel Core i3-13100F,14000,4,8,3.4,4.5,12,58,NVIDIA RTX 4080,32000,16,2205,2505,320,256,1080p,1.0,0.4375,378,4096,57.36,CPU,84
AMD Ryzen 5 5600X,21000,6,12,3.7,4.6,35,65,AMD RX 7700 XT,21000,12,1700,2544,245,192,1080p,1.0,1.0,310,2304,0,BALANCED,94
AMD Ryzen 5 7600X,27000,6,12,4.7,5.3,38,105,AMD RX 7900 XT,30000,20,1500,2394,315,320,4K,2.5,0.9,420,6400,71.89,CPU,28
AMD Ryzen 5 7600X,27000,6,12,4.7,5.3,38,105,NVIDIA GTX 1650,7000,4,1485,1665,75,128,1440p,1.5,3.8571,180,512,55.8,GPU,12
Intel Core i5-13600K,28000,14,20,3.5,5.1,24,125,NVIDIA RTX 4090,38000,24,2235,2520,450,384,1080p,1.0,0.7368,575,9216,23.28,CPU,127
AMD Ryzen 5 7600,25000,6,12,3.8,5.1,38,65,AMD RX 7700 XT,21000,12,1700,2544,245,192,1440p,1.5,1.1905,310,2304,32.84,CPU,44
Intel Core i9-12900K,35000,16,24,3.2,5.2,30,125,NVIDIA RTX 3070,21000,8,1500,1730,220,256,1440p,1.5,1.6667,345,2048,2.21,BALANCED,61
AMD Ryzen 9 7950X,42000,16,32,4.5,5.7,80,170,NVIDIA RTX 4060,18000,8,1830,2460,115,128,4K,2.5,2.3333,285,1024,30.01,CPU,24
AMD Ryzen 9 5950X,32000,16,32,3.4,4.9,72,105,NVIDIA GTX 1660 SUPER,10000,6,1530,1785,125,192,1440p,1.5,3.2,230,1152,47.28,GPU,18
AMD Ryzen 7 5700X,24000,8,16,3.4,4.6,36,65,AMD RX 7800 XT,24000,16,1295,2430,263,256,1440p,1.5,1.0,328,4096,39.73,CPU,50
Intel Core i9-13900K,40000,24,32,3.0,5.8,36,125,NVIDIA GT 1030,3000,2,1228,1468,30,64,1440p,1.5,13.3333,155,128,88.6,GPU,5
Intel Core i9-13900K,40000,24,32,3.0,5.8,36,125,AMD RX 580,9000,8,1257,1340,185,256,4K,2.5,4.4444,310,2048,27.45,GPU,11
AMD Ryzen 5 5500,18000,6,12,3.6,4.2,19,65,NVIDIA RTX 4060,18000,8,1830,2460,115,128,1440p,1.5,1.0,180,1024,40.06,CPU,36
AMD Ryzen 9 5950X,32000,16,32,3.4,4.9,72,105,NVIDIA GTX 1650,7000,4,1485,1665,75,128,4K,2.5,4.5714,180,512,25.93,GPU,9
AMD Ryzen 7 7700X,32000,8,16,4.5,5.4,40,105,NVIDIA RTX 3060 Ti,19000,8,1410,1665,200,256,1440p,1.5,1.6842,305,2048,0,BALANCED,51
Intel Core i5-13400F,22000,10,16,2.5,4.6,20,65,NVIDIA RTX 3050,12000,8,1552,1777,130,128,1080p,1.0,1.8333,195,1024,42.36,GPU,35
Intel Core i5-10400F,14000,6,12,2.9,4.3,12,65,NVIDIA RTX 4070 Ti,27000,12,2310,2610,285,192,1080p,1.0,0.5185,350,2304,45.41,CPU,76
AMD Ryzen 3 4100,11000,4,8,3.8,4.0,6,65,NVIDIA GTX 1650,7000,4,1485,1665,75,128,4K,2.5,1.5714,140,512,52.04,CPU,7
Intel Core i5-14600K,30000,14,20,3.5,5.3,24,125,NVIDIA RTX 4060,18000,8,1830,2460,115,128,1440p,1.5,1.6667,240,1024,1.49,BALANCED,50
AMD Ryzen 5 5500,18000,6,12,3.6,4.2,19,65,NVIDIA RTX 4060,18000,8,1830,2460,115,128,4K,2.5,1.0,180,1024,71.26,CPU,17
Intel Core i5-14400F,24000,10,16,2.5,4.7,20,65,NVIDIA RTX 4060 Ti,20000,8,2310,2535,160,128,1080p,1.0,1.2,225,1024,17.23,GPU,75
Intel Core i7-14700K,37000,20,28,3.4,5.6,33,125,NVIDIA RTX 3050,12000,8,1552,1777,130,128,1080p,1.0,3.0833,255,1024,65.23,GPU,29
AMD Ryzen 5 5500,18000,6,12,3.6,4.2,19,65,NVIDIA RTX 4070 SUPER,26000,12,1980,2475,220,192,4K,2.5,0.6923,285,2304,81.17,CPU,21
AMD Ryzen 5 5600,20000,6,12,3.5,4.4,35,65,NVIDIA RTX 3060 Ti,19000,8,1410,1665,200,256,4K,2.5,1.0526,265,2048,67.66,CPU,17
AMD Ryzen 9 5950X,32000,16,32,3.4,4.9,72,105,NVIDIA RTX 3070,21000,8,1500,1730,220,256,4K,2.5,1.5238,325,2048,52.87,CPU,21
Intel Core i5-14600K,30000,14,20,3.5,5.3,24,125,AMD RX 6800 XT,24000,16,1825,2250,300,256,1440p,1.5,1.25,425,4096,26.02,CPU,57
AMD Ryzen 7 5800X,26000,8,16,3.8,4.7,36,105,NVIDIA RTX 3070,21000,8,1500,1730,220,256,4K,2.5,1.2381,325,2048,63.68,CPU,19
AMD Ryzen 9 7900X,38000,12,24,4.7,5.6,76,170,AMD RX 580,9000,8,1257,1340,185,256,1440p,1.5,4.2222,355,2048,58.68,GPU,15
Intel Core i9-12900K,35000,16,24,3.2,5.2,30,125,AMD RX 7900 XT,30000,20,1500,2394,315,320,1080p,1.0,1.1667,440,6400,11.61,GPU,104
Intel Core i5-13600K,28000,14,20,3.5,5.1,24,125,NVIDIA GTX 1650,7000,4,1485,1665,75,128,4K,2.5,4.0,200,512,19.14,GPU,11
AMD Ryzen 3 4100,11000,4,8,3.8,4.0,6,65,NVIDIA RTX 4070,23000,12,1920,2475,200,192,1440p,1.5,0.4783,265,2304,67.64,CPU,34
AMD Ryzen 7 5800X,26000,8,16,3.8,4.7,36,105,AMD RX 580,9000,8,1257,1340,185,256,1080p,1.0,2.8889,290,2048,65.11,GPU,23
AMD Ryzen 7 5700X,24000,8,16,3.4,4.6,36,65,NVIDIA GTX 1660 SUPER,10000,6,1530,1785,125,192,4K,2.5,2.4,190,1152,25.82,CPU,13
AMD Ryzen 5 7600X,27000,6,12,4.7,5.3,38,105,AMD RX 6600,14000,8,1626,2491,132,128,1080p,1.0,1.9286,237,1024,48.14,GPU,37
Intel Core i7-13700K,35000,16,24,3.4,5.4,30,125,AMD RX 6800 XT,24000,16,1825,2250,300,256,1080p,1.0,1.4583,425,4096,31.34,GPU,80
Intel Core i5-14400F,24000,10,16,2.5,4.7,20,65,NVIDIA RTX 4080,32000,16,2205,2505,320,256,1080p,1.0,0.75,385,4096,24.52,CPU,104
AMD Ryzen 9 7950X,42000,16,32,4.5,5.7,80,170,NVIDIA RTX 4090,38000,24,2235,2520,450,384,1440p,1.5,1.1053,620,9216,34.94,CPU,85
AMD Ryzen 9 5900X,29000,12,24,3.7,4.8,70,105,NVIDIA RTX 4090,38000,24,2235,2520,450,384,1080p,1.0,0.7632,555,9216,20.23,CPU,128
Intel Core i5-12400F,19000,6,12,2.5,4.4,18,65,AMD RX 580,9000,8,1257,1340,185,256,1440p,1.5,2.1111,250,2048,20.63,GPU,22
AMD Ryzen 3 4100,11000,4,8,3.8,4.0,6,65,NVIDIA GT 1030,3000,2,1228,1468,30,64,1440p,1.5,3.6667,95,128,54.59,GPU,5
Intel Core i9-13900K,40000,24,32,3.0,5.8,36,125,NVIDIA RTX 3060,16000,12,1320,1777,170,192,1440p,1.5,2.5,295,2304,29.61,GPU,32
AMD Ryzen 9 5900X,29000,12,24,3.7,4.8,70,105,NVIDIA RTX 3060,16000,12,1320,1777,170,192,1440p,1.5,1.8125,275,2304,0,BALANCED,42
Intel Core i9-12900K,35000,16,24,3.2,5.2,30,125,NVIDIA RTX 3050,12000,8,1552,1777,130,128,4K,2.5,2.9167,255,1024,10.37,CPU,18
Intel Core i5-12600K,25000,10,16,3.7,4.9,20,125,AMD RX 6500 XT,8000,4,2310,2815,107,64,1440p,1.5,3.125,232,256,50.92,GPU,15
AMD Ryzen 9 5900X,29000,12,24,3.7,4.8,70,105,NVIDIA RTX 4070 Ti SUPER,29000,16,2340,2610,285,256,1440p,1.5,1.0,390,4096,40.98,CPU,59
AMD Ryzen 5 7600X,27000,6,12,4.7,5.3,38,105,NVIDIA RTX 3060,16000,12,1320,1777,170,192,1440p,1.5,1.6875,275,2304,1.35,BALANCED,44
Intel Core i9-13900K,40000,24,32,3.0,5.8,36,125,NVIDIA GT 1030,3000,2,1228,1468,30,64,4K,2.5,13.3333,155,128,72.46,GPU,5
AMD Ryzen 9 5900X,29000,12,24,3.7,4.8,70,105,AMD RX 7600,16000,8,1720,2655,165,128,4K,2.5,1.8125,270,1024,46.21,CPU,18
Intel Core i9-14900K,41000,24,32,3.2,6.0,36,125,NVIDIA RTX 4080,32000,16,2205,2505,320,256,4K,2.5,1.2812,445,4096,56.49,CPU,31
AMD Ryzen 5 5600,20000,6,12,3.5,4.4,35,65,AMD RX 7900 XT,30000,20,1500,2394,315,320,1080p,1.0,0.6667,380,6400,32.07,CPU,93
Intel Core i5-10400F,14000,6,12,2.9,4.3,12,65,NVIDIA GTX 1660 SUPER,10000,6,1530,1785,125,192,1080p,1.0,1.4,190,1152,27.81,GPU,34
Intel Core i5-12600K,25000,10,16,3.7,4.9,20,125,NVIDIA RTX 4060,18000,8,1830,2460,115,128,1440p,1.5,1.3889,240,1024,18.3,CPU,42
Intel Core i3-10100F,10000,4,8,3.6,4.3,6,65,NVIDIA RTX 4070,23000,12,1920,2475,200,192,1440p,1.5,0.4348,265,2304,76.49,CPU,35
AMD Ryzen 7 5700X,24000,8,16,3.4,4.6,36,65,AMD RX 6800 XT,24000,16,1825,2250,300,256,4K,2.5,1.0,365,4096,68.62,CPU,22
Intel Core i5-13400F,22000,10,16,2.5,4.6,20,65,NVIDIA RTX 4070 SUPER,26000,12,1980,2475,220,192,4K,2.5,0.8462,285,2304,75.87,CPU,23
AMD Ryzen 5 5600X,21000,6,12,3.7,4.6,35,65,NVIDIA RTX 4080,32000,16,2205,2505,320,256,1440p,1.5,0.6562,385,4096,60.0,CPU,50
Intel Core i7-12700K,30000,12,20,3.6,5.0,25,125,AMD RX 7900 XT,30000,20,1500,2394,315,320,1440p,1.5,1.0,440,6400,44.53,CPU,62
Intel Core i9-14900K,41000,24,32,3.2,6.0,36,125,AMD RX 7800 XT,24000,16,1295,2430,263,256,1080p,1.0,1.7083,388,4096,41.13,GPU,70
Intel Core i9-14900K,41000,24,32,3.2,6.0,36,125,NVIDIA RTX 4060,18000,8,1830,2460,115,128,4K,2.5,2.2778,240,1024,29.3,CPU,23
Intel Core i5-12600K,25000,10,16,3.7,4.9,20,125,NVIDIA RTX 4080 SUPER,33000,16,2295,2550,320,256,1080p,1.0,0.7576,445,4096,22.42,CPU,118
AMD Ryzen 5 5600,20000,6,12,3.5,4.4,35,65,NVIDIA RTX 4060,18000,8,1830,2460,115,128,1440p,1.5,1.1111,180,1024,33.86,CPU,37
Intel Core i5-14600K,30000,14,20,3.5,5.3,24,125,NVIDIA GT 1030,3000,2,1228,1468,30,64,1440p,1.5,10.0,155,128,80.61,GPU,5
AMD Ryzen 7 7700X,32000,8,16,4.5,5.4,40,105,NVIDIA RTX 3070,21000,8,1500,1730,220,256,1080p,1.0,1.5238,325,2048,35.51,GPU,67
Intel Core i7-12700K,30000,12,20,3.6,5.0,25,125,NVIDIA RTX 4070,23000,12,1920,2475,200,192,1080p,1.0,1.3043,325,2304,24.1,GPU,74
Intel Core i7-14700K,37000,20,28,3.4,5.6,33,125,NVIDIA GT 1030,3000,2,1228,1468,30,64,1080p,1.0,12.3333,155,128,93.47,GPU,6
AMD Ryzen 7 5700X,24000,8,16,3.4,4.6,36,65,NVIDIA GT 1030,3000,2,1228,1468,30,64,1440p,1.5,8.0,95,128,78.02,GPU,5
AMD Ryzen 7 7700X,32000,8,16,4.5,5.4,40,105,NVIDIA RTX 3060,16000,12,1320,1777,170,192,4K,2.5,2.0,275,2304,41.01,CPU,20
Intel Core i3-12100F,13000,4,8,3.3,4.3,12,58,AMD RX 6700 XT,18000,12,2321,2581,230,192,4K,2.5,0.7222,288,2304,78.86,CPU,16
AMD Ryzen 9 7900X,38000,12,24,4.7,5.6,76,170,NVIDIA RTX 4070 Ti SUPER,29000,16,2340,2610,285,256,1080p,1.0,1.3103,455,4096,25.07,GPU,102
AMD Ryzen 5 5600,20000,6,12,3.5,4.4,35,65,AMD RX 580,9000,8,1257,1340,185,256,1080p,1.0,2.2222,250,2048,57.72,GPU,24
Intel Core i3-12100F,13000,4,8,3.3,4.3,12,58,NVIDIA GTX 1660 SUPER,10000,6,1530,1785,125,192,4K,2.5,1.3,183,1152,64.09,CPU,10
Intel Core i5-14400F,24000,10,16,2.5,4.7,20,65,NVIDIA RTX 3050,12000,8,1552,1777,130,128,1080p,1.0,2.0,195,1024,49.87,GPU,35
AMD Ryzen 7 5800X,26000,8,16,3.8,4.7,36,105,NVIDIA RTX 4080,32000,16,2205,2505,320,256,1080p,1.0,0.8125,425,4096,16.41,CPU,106
Intel Core i7-12700K,30000,12,20,3.6,5.0,25,125,NVIDIA RTX 3080,25000,10,1440,1710,320,320,1440p,1.5,1.2,445,3200,28.61,CPU,56
AMD Ryzen 9 7950X,42000,16,32,4.5,5.7,80,170,AMD RX 6700 XT,18000,12,2321,2581,230,192,4K,2.5,2.3333,400,2304,30.43,CPU,23
AMD Ryzen 9 7900X,38000,12,24,4.7,5.6,76,170,NVIDIA GTX 1660 SUPER,10000,6,1530,1785,125,192,4K,2.5,3.8,295,1152,14.07,GPU,15
Intel Core i3-13100F,14000,4,8,3.4,4.5,12,58,NVIDIA GTX 1660 SUPER,10000,6,1530,1785,125,192,1440p,1.5,1.4,183,1152,14.92,CPU,25
AMD Ryzen 5 5600X,21000,6,12,3.7,4.6,35,65,NVIDIA RTX 4090,38000,24,2235,2520,450,384,4K,2.5,0.5526,515,9216,85.24,CPU,31
Intel Core i5-14600K,30000,14,20,3.5,5.3,24,125,NVIDIA GTX 1660 SUPER,10000,6,1530,1785,125,192,4K,2.5,3.0,250,1152,8.11,CPU,15
AMD Ryzen 7 5700X,24000,8,16,3.4,4.6,36,65,NVIDIA RTX 4090,38000,24,2235,2520,450,384,1440p,1.5,0.6316,515,9216,59.6,CPU,62
AMD Ryzen 9 7900X,38000,12,24,4.7,5.6,76,170,NVIDIA RTX 4070 SUPER,26000,12,1980,2475,220,192,1080p,1.0,1.4615,390,2304,31.37,GPU,87
Intel Core i3-13100F,14000,4,8,3.4,4.5,12,58,NVIDIA RTX 4070,23000,12,1920,2475,200,192,1080p,1.0,0.6087,258,2304,40.97,CPU,70
AMD Ryzen 9 7950X,42000,16,32,4.5,5.7,80,170,NVIDIA RTX 4070,23000,12,1920,2475,200,192,1440p,1.5,1.8261,370,2304,2.84,BALANCED,62
Intel Core i5-13400F,22000,10,16,2.5,4.6,20,65,NVIDIA RTX 3090,27000,24,1395,1695,350,384,1440p,1.5,0.8148,415,9216,53.05,CPU,48
Intel Core i5-13600K,28000,14,20,3.5,5.1,24,125,AMD RX 7700 XT,21000,12,1700,2544,245,192,1440p,1.5,1.3333,370,2304,22.95,CPU,48
AMD Ryzen 9 7950X,42000,16,32,4.5,5.7,80,170,NVIDIA RTX 3090,27000,24,1395,1695,350,384,1440p,1.5,1.5556,520,9216,9.35,CPU,71
AMD Ryzen 9 7900X,38000,12,24,4.7,5.6,76,170,NVIDIA RTX 3070,21000,8,1500,1730,220,256,1440p,1.5,1.8095,390,2048,1.64,BALANCED,56
Intel Core i5-13400F,22000,10,16,2.5,4.6,20,65,AMD RX 7700 XT,21000,12,1700,2544,245,192,4K,2.5,1.0476,310,2304,71.1,CPU,21
Intel Core i5-12400F,19000,6,12,2.5,4.4,18,65,AMD RX 7800 XT,24000,16,1295,2430,263,256,1440p,1.5,0.7917,328,4096,53.83,CPU,42
AMD Ryzen 5 7600X,27000,6,12,4.7,5.3,38,105,NVIDIA RTX 4060,18000,8,1830,2460,115,128,1440p,1.5,1.5,220,1024,12.06,CPU,46
AMD Ryzen 7 5800X,26000,8,16,3.8,4.7,36,105,AMD RX 7900 XT,30000,20,1500,2394,315,320,1440p,1.5,0.8667,420,6400,50.96,CPU,58
Intel Core i5-14400F,24000,10,16,2.5,4.7,20,65,NVIDIA RTX 3080,25000,10,1440,1710,320,320,4K,2.5,0.96,385,3200,72.66,CPU,22
Intel Core i5-13600K,28000,14,20,3.5,5.1,24,125,NVIDIA RTX 3090,27000,24,1395,1695,350,384,1440p,1.5,1.037,475,9216,36.46,CPU,54
Intel Core i5-12400F,19000,6,12,2.5,4.4,18,65,AMD RX 6900 XT,26000,16,1825,2250,300,256,1080p,1.0,0.7308,365,4096,22.55,CPU,82
Intel Core i5-12600K,25000,10,16,3.7,4.9,20,125,NVIDIA RTX 3090,27000,24,1395,1695,350,384,1440p,1.5,0.9259,475,9216,45.33,CPU,54
AMD Ryzen 9 7900X,38000,12,24,4.7,5.6,76,170,AMD RX 6500 XT,8000,4,2310,2815,107,64,1080p,1.0,4.75,277,256,80.64,GPU,18
Intel Core i5-12400F,19000,6,12,2.5,4.4,18,65,AMD RX 6700 XT,18000,12,2321,2581,230,192,4K,2.5,1.0556,295,2304,66.56,CPU,16
AMD Ryzen 5 5500,18000,6,12,3.6,4.2,19,65,AMD RX 7900 XTX,34000,24,1855,2499,355,384,1440p,1.5,0.5294,420,9216,66.49,CPU,50
Intel Core i7-14700K,37000,20,28,3.4,5.6,33,125,NVIDIA GT 1030,3000,2,1228,1468,30,64,1440p,1.5,12.3333,155,128,87.02,GPU,5
AMD Ryzen 7 5800X,26000,8,16,3.8,4.7,36,105,AMD RX 7800 XT,24000,16,1295,2430,263,256,4K,2.5,1.0833,368,4096,70.86,CPU,23
AMD Ryzen 7 5800X,26000,8,16,3.8,4.7,36,105,NVIDIA RTX 4070 SUPER,26000,12,1980,2475,220,192,4K,2.5,1.0,325,2304,68.2,CPU,25
Intel Core i5-14600K,30000,14,20,3.5,5.3,24,125,AMD RX 7800 XT,24000,16,1295,2430,263,256,1440p,1.5,1.25,388,4096,27.61,CPU,55
Intel Core i7-12700K,30000,12,20,3.6,5.0,25,125,NVIDIA RTX 3050,12000,8,1552,1777,130,128,4K,2.5,2.5,255,1024,21.2,CPU,16
AMD Ryzen 5 5600X,21000,6,12,3.7,4.6,35,65,NVIDIA RTX 4090,38000,24,2235,2520,450,384,1080p,1.0,0.5526,515,9216,44.49,CPU,107
AMD Ryzen 7 5700X,24000,8,16,3.4,4.6,36,65,NVIDIA RTX 4080,32000,16,2205,2505,320,256,1440p,1.5,0.75,385,4096,53.69,CPU,60
AMD Ryzen 9 7950X,42000,16,32,4.5,5.7,80,170,AMD RX 580,9000,8,1257,1340,185,256,1440p,1.5,4.6667,355,2048,61.22,GPU,15
AMD Ryzen 7 5800X,26000,8,16,3.8,4.7,36,105,NVIDIA RTX 4070,23000,12,1920,2475,200,192,1440p,1.5,1.1304,305,2304,38.15,CPU,47
Intel Core i9-12900K,35000,16,24,3.2,5.2,30,125,NVIDIA RTX 4060 Ti,20000,8,2310,2535,160,128,1080p,1.0,1.75,285,1024,39.26,GPU,61
AMD Ryzen 7 5800X,26000,8,16,3.8,4.7,36,105,NVIDIA RTX 3090,27000,24,1395,1695,350,384,1440p,1.5,0.963,455,9216,43.35,CPU,56
Intel Core i5-13600K,28000,14,20,3.5,5.1,24,125,NVIDIA RTX 3050,12000,8,1552,1777,130,128,1080p,1.0,2.3333,255,1024,58.45,GPU,29
Intel Core i3-13100F,14000,4,8,3.4,4.5,12,58,AMD RX 7800 XT,24000,16,1295,2430,263,256,1440p,1.5,0.5833,321,4096,65.29,CPU,36
AMD Ryzen 3 4100,11000,4,8,3.8,4.0,6,65,AMD RX 7900 XT,30000,20,1500,2394,315,320,4K,2.5,0.3667,380,6400,87.43,CPU,23
AMD Ryzen 7 5800X,26000,8,16,3.8,4.7,36,105,AMD RX 6700 XT,18000,12,2321,2581,230,192,4K,2.5,1.4444,335,2304,56.08,CPU,18
Intel Core i7-13700K,35000,16,24,3.4,5.4,30,125,NVIDIA RTX 4060,18000,8,1830,2460,115,128,1440p,1.5,1.9444,240,1024,13.37,GPU,47
Intel Core i3-13100F,14000,4,8,3.4,4.5,12,58,NVIDIA RTX 3050,12000,8,1552,1777,130,128,4K,2.5,1.1667,188,1024,64.43,CPU,12
Intel Core i5-13600K,28000,14,20,3.5,5.1,24,125,NVIDIA RTX 4070,23000,12,1920,2475,200,192,4K,2.5,1.2174,325,2304,63.43,CPU,22
Intel Core i9-14900K,41000,24,32,3.2,6.0,36,125,NVIDIA RTX 4070 SUPER,26000,12,1980,2475,220,192,4K,2.5,1.5769,345,2304,53.78,CPU,27
AMD Ryzen 7 7800X3D,34000,8,16,4.2,5.0,104,120,NVIDIA RTX 4070 Ti SUPER,29000,16,2340,2610,285,256,1440p,1.5,1.1724,405,4096,31.5,CPU,59
AMD Ryzen 5 7600X,27000,6,12,4.7,5.3,38,105,AMD RX 7900 XTX,34000,24,1855,2499,355,384,1080p,1.0,0.7941,460,9216,20.05,CPU,115
Intel Core i3-12100F,13000,4,8,3.3,4.3,12,58,NVIDIA RTX 3060,16000,12,1320,1777,170,192,4K,2.5,0.8125,228,2304,75.83,CPU,15
AMD Ryzen 9 5900X,29000,12,24,3.7,4.8,70,105,AMD RX 6800 XT,24000,16,1825,2250,300,256,1440p,1.5,1.2083,405,4096,28.69,CPU,55
Intel Core i3-12100F,13000,4,8,3.3,4.3,12,58,NVIDIA RTX 4060,18000,8,1830,2460,115,128,4K,2.5,0.7222,173,1024,77.76,CPU,15
Intel Core i9-13900K,40000,24,32,3.0,5.8,36,125,NVIDIA RTX 3090,27000,24,1395,1695,350,384,1440p,1.5,1.4815,475,9216,14.36,CPU,68
AMD Ryzen 9 5950X,32000,16,32,3.4,4.9,72,105,NVIDIA RTX 4070 Ti,27000,12,2310,2610,285,192,4K,2.5,1.1852,390,2304,64.33,CPU,25
AMD Ryzen 9 5950X,32000,16,32,3.4,4.9,72,105,NVIDIA RTX 4090,38000,24,2235,2520,450,384,4K,2.5,0.8421,555,9216,73.26,CPU,35
Intel Core i9-14900K,41000,24,32,3.2,6.0,36,125,NVIDIA GTX 1650,7000,4,1485,1665,75,128,1440p,1.5,5.8571,200,512,69.89,GPU,11
Intel Core i3-10100F,10000,4,8,3.6,4.3,6,65,NVIDIA RTX 4060 Ti,20000,8,2310,2535,160,128,4K,2.5,0.5,225,1024,88.03,CPU,16
AMD Ryzen 5 5600,20000,6,12,3.5,4.4,35,65,NVIDIA RTX 4060,18000,8,1830,2460,115,128,4K,2.5,1.1111,180,1024,65.79,CPU,18
Intel Core i5-14600K,30000,14,20,3.5,5.3,24,125,AMD RX 6900 XT,26000,16,1825,2250,300,256,1440p,1.5,1.1538,425,4096,30.84,CPU,54
AMD Ryzen 7 7800X3D,34000,8,16,4.2,5.0,104,120,NVIDIA GT 1030,3000,2,1228,1468,30,64,1440p,1.5,11.3333,150,128,82.62,GPU,5
AMD Ryzen 7 5800X,26000,8,16,3.8,4.7,36,105,AMD RX 6700 XT,18000,12,2321,2581,230,192,1440p,1.5,1.4444,335,2304,17.21,CPU,46
Intel Core i3-10100F,10000,4,8,3.6,4.3,6,65,AMD RX 7900 XTX,34000,24,1855,2499,355,384,1080p,1.0,0.2941,420,9216,69.1,CPU,77
Intel Core i5-12400F,19000,6,12,2.5,4.4,18,65,NVIDIA RTX 3090,27000,24,1395,1695,350,384,4K,2.5,0.7037,415,9216,79.19,CPU,22
Intel Core i9-12900K,35000,16,24,3.2,5.2,30,125,NVIDIA RTX 4060 Ti,20000,8,2310,2535,160,128,4K,2.5,1.75,285,1024,47.99,CPU,23
Intel Core i5-13400F,22000,10,16,2.5,4.6,20,65,AMD RX 6500 XT,8000,4,2310,2815,107,64,1440p,1.5,2.75,172,256,36.98,GPU,15
Intel Core i5-14400F,24000,10,16,2.5,4.7,20,65,NVIDIA RTX 4080,32000,16,2205,2505,320,256,4K,2.5,0.75,385,4096,79.63,CPU,27
AMD Ryzen 3 4100,11000,4,8,3.8,4.0,6,65,NVIDIA GTX 1660 SUPER,10000,6,1530,1785,125,192,1080p,1.0,1.1,190,1152,7.65,GPU,40
Intel Core i3-12100F,13000,4,8,3.3,4.3,12,58,NVIDIA RTX 3070,21000,8,1500,1730,220,256,4K,2.5,0.619,278,2048,82.06,CPU,18
AMD Ryzen 7 7700X,32000,8,16,4.5,5.4,40,105,NVIDIA RTX 3060,16000,12,1320,1777,170,192,1440p,1.5,2.0,275,2304,17.26,GPU,37
AMD Ryzen 5 7600X,27000,6,12,4.7,5.3,38,105,NVIDIA RTX 3050,12000,8,1552,1777,130,128,1440p,1.5,2.25,235,1024,22.56,GPU,26
AMD Ryzen 7 7700X,32000,8,16,4.5,5.4,40,105,NVIDIA RTX 4080,32000,16,2205,2505,320,256,1440p,1.5,1.0,425,4096,37.22,CPU,64
Intel Core i3-13100F,14000,4,8,3.4,4.5,12,58,NVIDIA RTX 4080 SUPER,33000,16,2295,2550,320,256,1440p,1.5,0.4242,378,4096,78.93,CPU,51
AMD Ryzen 3 4100,11000,4,8,3.8,4.0,6,65,NVIDIA RTX 3060,16000,12,1320,1777,170,192,1080p,1.0,0.6875,235,2304,27.61,CPU,50
Intel Core i7-14700K,37000,20,28,3.4,5.6,33,125,NVIDIA RTX 3060 Ti,19000,8,1410,1665,200,256,1080p,1.0,1.9474,325,2048,49.47,GPU,50
Intel Core i5-13400F,22000,10,16,2.5,4.6,20,65,NVIDIA RTX 4090,38000,24,2235,2520,450,384,1080p,1.0,0.5789,515,9216,38.28,CPU,117
AMD Ryzen 5 5600X,21000,6,12,3.7,4.6,35,65,NVIDIA RTX 3060,16000,12,1320,1777,170,192,1080p,1.0,1.3125,235,2304,22.24,GPU,57
Intel Core i9-13900K,40000,24,32,3.0,5.8,36,125,NVIDIA RTX 4070 Ti SUPER,29000,16,2340,2610,285,256,4K,2.5,1.3793,410,4096,56.26,CPU,31
Intel Core i5-13600K,28000,14,20,3.5,5.1,24,125,AMD RX 6900 XT,26000,16,1825,2250,300,256,4K,2.5,1.0769,425,4096,72.91,CPU,23
AMD Ryzen 5 7600X,27000,6,12,4.7,5.3,38,105,NVIDIA RTX 4070 SUPER,26000,12,1980,2475,220,192,1080p,1.0,1.0385,325,2304,0,BALANCED,110
Intel Core i3-12100F,13000,4,8,3.3,4.3,12,58,NVIDIA RTX 4080 SUPER,33000,16,2295,2550,320,256,1080p,1.0,0.3939,378,4096,63.71,CPU,89
Intel Core i3-12100F,13000,4,8,3.3,4.3,12,58,NVIDIA RTX 3060,16000,12,1320,1777,170,192,1440p,1.5,0.8125,228,2304,53.99,CPU,30
Intel Core i3-10100F,10000,4,8,3.6,4.3,6,65,AMD RX 7900 XT,30000,20,1500,2394,315,320,4K,2.5,0.3333,380,6400,87.58,CPU,24
Intel Core i5-13600K,28000,14,20,3.5,5.1,24,125,NVIDIA RTX 4080,32000,16,2205,2505,320,256,4K,2.5,0.875,445,4096,71.96,CPU,27
Intel Core i7-12700K,30000,12,20,3.6,5.0,25,125,AMD RX 580,9000,8,1257,1340,185,256,4K,2.5,3.3333,310,2048,0.0,BALANCED,15
AMD Ryzen 9 5900X,29000,12,24,3.7,4.8,70,105,AMD RX 7900 XT,30000,20,1500,2394,315,320,1080p,1.0,0.9667,420,6400,2.4,BALANCED,127
AMD Ryzen 5 7600X,27000,6,12,4.7,5.3,38,105,NVIDIA GT 1030,3000,2,1228,1468,30,64,1440p,1.5,9.0,135,128,78.76,GPU,5
Intel Core i7-12700K,30000,12,20,3.6,5.0,25,125,NVIDIA RTX 4060 Ti,20000,8,2310,2535,160,128,4K,2.5,1.5,285,1024,55.5,CPU,20
AMD Ryzen 7 5700X,24000,8,16,3.4,4.6,36,65,AMD RX 7600,16000,8,1720,2655,165,128,1440p,1.5,1.5,230,1024,10.28,CPU,40
Intel Core i5-12600K,25000,10,16,3.7,4.9,20,125,AMD RX 6900 XT,26000,16,1825,2250,300,256,4K,2.5,0.9615,425,4096,72.47,CPU,23
AMD Ryzen 5 5600X,21000,6,12,3.7,4.6,35,65,NVIDIA RTX 3060 Ti,19000,8,1410,1665,200,256,1440p,1.5,1.1053,265,2048,32.56,CPU,42
Intel Core i5-10400F,14000,6,12,2.9,4.3,12,65,NVIDIA RTX 3050,12000,8,1552,1777,130,128,1440p,1.5,1.1667,195,1024,32.06,CPU,27
AMD Ryzen 5 5600X,21000,6,12,3.7,4.6,35,65,NVIDIA RTX 4080 SUPER,33000,16,2295,2550,320,256,1080p,1.0,0.6364,385,4096,35.09,CPU,101
Intel Core i5-10400F,14000,6,12,2.9,4.3,12,65,NVIDIA RTX 4090,38000,24,2235,2520,450,384,4K,2.5,0.3684,515,9216,87.28,CPU,30
AMD Ryzen 3 4100,11000,4,8,3.8,4.0,6,65,NVIDIA RTX 4070 Ti SUPER,29000,16,2340,2610,285,256,4K,2.5,0.3793,350,4096,87.27,CPU,24
AMD Ryzen 5 5500,18000,6,12,3.6,4.2,19,65,NVIDIA RTX 3060,16000,12,1320,1777,170,192,1080p,1.0,1.125,235,2304,12.47,GPU,61
AMD Ryzen 7 5700X,24000,8,16,3.4,4.6,36,65,NVIDIA RTX 3050,12000,8,1552,1777,130,128,1440p,1.5,2.0,195,1024,17.65,GPU,28
Intel Core i3-12100F,13000,4,8,3.3,4.3,12,58,NVIDIA GTX 1660 SUPER,10000,6,1530,1785,125,192,1440p,1.5,1.3,183,1152,22.04,CPU,23
Intel Core i3-13100F,14000,4,8,3.4,4.5,12,58,NVIDIA RTX 4070 SUPER,26000,12,1980,2475,220,192,1080p,1.0,0.5385,278,2304,48.75,CPU,69
Intel Core i5-13400F,22000,10,16,2.5,4.6,20,65,AMD RX 6800 XT,24000,16,1825,2250,300,256,1080p,1.0,0.9167,365,4096,10.39,CPU,93
Intel Core i9-12900K,35000,16,24,3.2,5.2,30,125,NVIDIA RTX 4060 Ti,20000,8,2310,2535,160,128,1440p,1.5,1.75,285,1024,1.53,BALANCED,52
AMD Ryzen 9 7900X,38000,12,24,4.7,5.6,76,170,NVIDIA RTX 3080,25000,10,1440,1710,320,320,1080p,1.0,1.52,490,3200,31.45,GPU,82
AMD Ryzen 7 5800X,26000,8,16,3.8,4.7,36,105,NVIDIA GT 1030,3000,2,1228,1468,30,64,1440p,1.5,8.6667,135,128,79.94,GPU,5
Intel Core i5-13600K,28000,14,20,3.5,5.1,24,125,AMD RX 580,9000,8,1257,1340,185,256,4K,2.5,3.1111,310,2048,5.77,CPU,14
Intel Core i9-12900K,35000,16,24,3.2,5.2,30,125,NVIDIA RTX 4070 SUPER,26000,12,1980,2475,220,192,1080p,1.0,1.3462,345,2304,27.2,GPU,91
AMD Ryzen 9 7950X,42000,16,32,4.5,5.7,80,170,AMD RX 6800 XT,24000,16,1825,2250,300,256,1080p,1.0,1.75,470,4096,40.76,GPU,70
AMD Ryzen 7 5800X,26000,8,16,3.8,4.7,36,105,AMD RX 7800 XT,24000,16,1295,2430,263,256,1080p,1.0,1.0833,368,4096,8.58,GPU,92
AMD Ryzen 5 5500,18000,6,12,3.6,4.2,19,65,NVIDIA RTX 4080,32000,16,2205,2505,320,256,4K,2.5,0.5625,385,4096,83.35,CPU,27
Intel Core i5-13400F,22000,10,16,2.5,4.6,20,65,AMD RX 7600,16000,8,1720,2655,165,128,1440p,1.5,1.375,230,1024,21.5,CPU,39
AMD Ryzen 5 5500,18000,6,12,3.6,4.2,19,65,NVIDIA RTX 3090,27000,24,1395,1695,350,384,1440p,1.5,0.6667,415,9216,60.2,CPU,45
Intel Core i3-12100F,13000,4,8,3.3,4.3,12,58,NVIDIA RTX 4090,38000,24,2235,2520,450,384,1080p,1.0,0.3421,508,9216,62.77,CPU,93
Intel Core i5-12600K,25000,10,16,3.7,4.9,20,125,AMD RX 6500 XT,8000,4,2310,2815,107,64,4K,2.5,3.125,232,256,2.89,CPU,13
Intel Core i3-12100F,13000,4,8,3.3,4.3,12,58,NVIDIA RTX 4080,32000,16,2205,2505,320,256,1440p,1.5,0.4062,378,4096,77.98,CPU,49
Intel Core i3-13100F,14000,4,8,3.4,4.5,12,58,NVIDIA RTX 4060 Ti,20000,8,2310,2535,160,128,4K,2.5,0.7,218,1024,78.26,CPU,16
Intel Core i5-14400F,24000,10,16,2.5,4.7,20,65,NVIDIA RTX 4060,18000,8,1830,2460,115,128,1440p,1.5,1.3333,180,1024,19.11,CPU,39
AMD Ryzen 7 7700X,32000,8,16,4.5,5.4,40,105,NVIDIA RTX 4060,18000,8,1830,2460,115,128,4K,2.5,1.7778,220,1024,47.59,CPU,22
AMD Ryzen 7 7800X3D,34000,8,16,4.2,5.0,104,120,NVIDIA RTX 4090,38000,24,2235,2520,450,384,1080p,1.0,0.8947,570,9216,5.09,CPU,136
Intel Core i3-10100F,10000,4,8,3.6,4.3,6,65,NVIDIA RTX 3090,27000,24,1395,1695,350,384,1440p,1.5,0.3704,415,9216,77.58,CPU,41
Intel Core i5-10400F,14000,6,12,2.9,4.3,12,65,NVIDIA RTX 4060 Ti,20000,8,2310,2535,160,128,4K,2.5,0.7,225,1024,77.17,CPU,17
Intel Core i9-12900K,35000,16,24,3.2,5.2,30,125,NVIDIA GTX 1650,7000,4,1485,1665,75,128,1080p,1.0,5.0,200,512,81.1,GPU,14
Intel Core i9-14900K,41000,24,32,3.2,6.0,36,125,AMD RX 7900 XTX,34000,24,1855,2499,355,384,1080p,1.0,1.2059,480,9216,14.95,GPU,124
AMD Ryzen 5 5600,20000,6,12,3.5,4.4,35,65,NVIDIA RTX 3080,25000,10,1440,1710,320,320,1080p,1.0,0.8,385,3200,19.75,CPU,93
AMD Ryzen 9 7950X,42000,16,32,4.5,5.7,80,170,NVIDIA RTX 4080 SUPER,33000,16,2295,2550,320,256,1440p,1.5,1.2727,490,4096,24.64,CPU,73
Intel Core i7-13700K,35000,16,24,3.4,5.4,30,125,NVIDIA RTX 3060,16000,12,1320,1777,170,192,1440p,1.5,2.1875,295,2304,23.18,GPU,35
Intel Core i3-12100F,13000,4,8,3.3,4.3,12,58,NVIDIA RTX 3090,27000,24,1395,1695,350,384,4K,2.5,0.4815,408,9216,81.61,CPU,22
AMD Ryzen 7 5800X,26000,8,16,3.8,4.7,36,105,NVIDIA RTX 3050,12000,8,1552,1777,130,128,1080p,1.0,2.1667,235,1024,51.57,GPU,33
Intel Core i3-10100F,10000,4,8,3.6,4.3,6,65,AMD RX 6600,14000,8,1626,2491,132,128,1440p,1.5,0.7143,197,1024,57.21,CPU,24
AMD Ryzen 5 5600X,21000,6,12,3.7,4.6,35,65,AMD RX 7800 XT,24000,16,1295,2430,263,256,1080p,1.0,0.875,328,4096,10.55,CPU,95
Intel Core i5-12400F,19000,6,12,2.5,4.4,18,65,NVIDIA RTX 4090,38000,24,2235,2520,450,384,4K,2.5,0.5,515,9216,83.49,CPU,32
AMD Ryzen 7 5700X,24000,8,16,3.4,4.6,36,65,AMD RX 7900 XT,30000,20,1500,2394,315,320,4K,2.5,0.8,380,6400,76.0,CPU,25
AMD Ryzen 7 7700X,32000,8,16,4.5,5.4,40,105,NVIDIA GTX 1660 SUPER,10000,6,1530,1785,125,192,1080p,1.0,3.2,230,1152,69.7,GPU,22
Intel Core i7-12700K,30000,12,20,3.6,5.0,25,125,NVIDIA GT 1030,3000,2,1228,1468,30,64,1440p,1.5,10.0,155,128,84.85,GPU,5
Intel Core i5-12600K,25000,10,16,3.7,4.9,20,125,NVIDIA GTX 1660 SUPER,10000,6,1530,1785,125,192,1440p,1.5,2.5,250,1152,29.0,GPU,20
AMD Ryzen 3 4100,11000,4,8,3.8,4.0,6,65,NVIDIA GTX 1660 SUPER,10000,6,1530,1785,125,192,4K,2.5,1.1,190,1152,69.01,CPU,9
AMD Ryzen 5 5600,20000,6,12,3.5,4.4,35,65,NVIDIA RTX 3070,21000,8,1500,1730,220,256,1440p,1.5,0.9524,285,2048,43.99,CPU,43
AMD Ryzen 5 7600X,27000,6,12,4.7,5.3,38,105,NVIDIA GTX 1650,7000,4,1485,1665,75,128,1080p,1.0,3.8571,180,512,73.96,GPU,15
Intel Core i5-14600K,30000,14,20,3.5,5.3,24,125,NVIDIA RTX 4070 Ti SUPER,29000,16,2340,2610,285,256,1080p,1.0,1.0345,410,4096,0,BALANCED,119
Intel Core i3-10100F,10000,4,8,3.6,4.3,6,65,NVIDIA RTX 4080,32000,16,2205,2505,320,256,1080p,1.0,0.3125,385,4096,67.44,CPU,76
AMD Ryzen 5 5600X,21000,6,12,3.7,4.6,35,65,AMD RX 6900 XT,26000,16,1825,2250,300,256,1440p,1.5,0.8077,365,4096,52.3,CPU,49
Intel Core i5-14400F,24000,10,16,2.5,4.7,20,65,AMD RX 6900 XT,26000,16,1825,2250,300,256,4K,2.5,0.9231,365,4096,68.69,CPU,24
AMD Ryzen 5 7600X,27000,6,12,4.7,5.3,38,105,NVIDIA RTX 3070,21000,8,1500,1730,220,256,1440p,1.5,1.2857,325,2048,24.88,CPU,47
AMD Ryzen 5 7600,25000,6,12,3.8,5.1,38,65,NVIDIA RTX 3090,27000,24,1395,1695,350,384,1440p,1.5,0.9259,415,9216,46.19,CPU,54
AMD Ryzen 7 7800X3D,34000,8,16,4.2,5.0,104,120,NVIDIA RTX 4070 Ti,27000,12,2310,2610,285,192,4K,2.5,1.2593,405,2304,57.46,CPU,29
Intel Core i5-10400F,14000,6,12,2.9,4.3,12,65,AMD RX 6800 XT,24000,16,1825,2250,300,256,1080p,1.0,0.5833,365,4096,42.5,CPU,74
Intel Core i5-12600K,25000,10,16,3.7,4.9,20,125,AMD RX 6800 XT,24000,16,1825,2250,300,256,4K,2.5,1.0417,425,4096,69.0,CPU,23
AMD Ryzen 9 5950X,32000,16,32,3.4,4.9,72,105,AMD RX 6500 XT,8000,4,2310,2815,107,64,1080p,1.0,4.0,212,256,76.67,GPU,18
Intel Core i5-13600K,28000,14,20,3.5,5.1,24,125,NVIDIA RTX 3090,27000,24,1395,1695,350,384,4K,2.5,1.037,475,9216,69.54,CPU,26
Intel Core i5-12400F,19000,6,12,2.5,4.4,18,65,AMD RX 6500 XT,8000,4,2310,2815,107,64,1080p,1.0,2.375,172,256,57.26,GPU,20
Intel Core i3-10100F,10000,4,8,3.6,4.3,6,65,NVIDIA RTX 3080,25000,10,1440,1710,320,320,4K,2.5,0.4,385,3200,87.07,CPU,18
AMD Ryzen 5 7600X,27000,6,12,4.7,5.3,38,105,AMD RX 7900 XT,30000,20,1500,2394,315,320,1440p,1.5,0.9,420,6400,42.98,CPU,60
AMD Ryzen 9 7900X,38000,12,24,4.7,5.6,76,170,AMD RX 6900 XT,26000,16,1825,2250,300,256,4K,2.5,1.4615,470,4096,54.87,CPU,27
AMD Ryzen 7 7700X,32000,8,16,4.5,5.4,40,105,AMD RX 7600,16000,8,1720,2655,165,128,1080p,1.0,2.0,270,1024,48.47,GPU,46
AMD Ryzen 5 5600X,21000,6,12,3.7,4.6,35,65,NVIDIA GT 1030,3000,2,1228,1468,30,64,4K,2.5,7.0,95,128,51.89,GPU,5
AMD Ryzen 5 5600X,21000,6,12,3.7,4.6,35,65,AMD RX 6600,14000,8,1626,2491,132,128,1080p,1.0,1.5,197,1024,37.07,GPU,41
Intel Core i9-13900K,40000,24,32,3.0,5.8,36,125,NVIDIA RTX 3090,27000,24,1395,1695,350,384,4K,2.5,1.4815,475,9216,54.95,CPU,28
Intel Core i5-13600K,28000,14,20,3.5,5.1,24,125,NVIDIA RTX 4060 Ti,20000,8,2310,2535,160,128,1440p,1.5,1.4,285,1024,13.68,CPU,46
AMD Ryzen 5 5600X,21000,6,12,3.7,4.6,35,65,NVIDIA RTX 3070,21000,8,1500,1730,220,256,1080p,1.0,1.0,285,2048,1.73,BALANCED,84
Intel Core i5-12600K,25000,10,16,3.7,4.9,20,125,NVIDIA GTX 1650,7000,4,1485,1665,75,128,1440p,1.5,3.5714,200,512,50.39,GPU,12
Intel Core i5-12400F,19000,6,12,2.5,4.4,18,65,NVIDIA RTX 4070 Ti,27000,12,2310,2610,285,192,4K,2.5,0.7037,350,2304,76.85,CPU,24
AMD Ryzen 3 4100,11000,4,8,3.8,4.0,6,65,NVIDIA RTX 4070 SUPER,26000,12,1980,2475,220,192,1080p,1.0,0.4231,285,2304,56.11,CPU,70
Intel Core i5-12600K,25000,10,16,3.7,4.9,20,125,NVIDIA RTX 3060 Ti,19000,8,1410,1665,200,256,1080p,1.0,1.3158,325,2048,26.25,GPU,65
AMD Ryzen 9 7900X,38000,12,24,4.7,5.6,76,170,NVIDIA RTX 3070,21000,8,1500,1730,220,256,1080p,1.0,1.8095,390,2048,42.45,GPU,62
Intel Core i7-12700K,30000,12,20,3.6,5.0,25,125,AMD RX 580,9000,8,1257,1340,185,256,1440p,1.5,3.3333,310,2048,49.43,GPU,17
AMD Ryzen 9 5900X,29000,12,24,3.7,4.8,70,105,NVIDIA GTX 1660 SUPER,10000,6,1530,1785,125,192,1080p,1.0,2.9,230,1152,65.28,GPU,26
AMD Ryzen 7 5700X,24000,8,16,3.4,4.6,36,65,NVIDIA RTX 3070,21000,8,1500,1730,220,256,1440p,1.5,1.1429,285,2048,35.04,CPU,44
AMD Ryzen 3 4100,11000,4,8,3.8,4.0,6,65,AMD RX 7900 XTX,34000,24,1855,2499,355,384,1080p,1.0,0.3235,420,9216,67.81,CPU,85
Intel Core i5-10400F,14000,6,12,2.9,4.3,12,65,NVIDIA RTX 3060 Ti,19000,8,1410,1665,200,256,4K,2.5,0.7368,265,2048,78.55,CPU,16
AMD Ryzen 9 7950X,42000,16,32,4.5,5.7,80,170,NVIDIA RTX 3070,21000,8,1500,1730,220,256,4K,2.5,2.0,390,2048,40.06,CPU,25
Intel Core i7-14700K,37000,20,28,3.4,5.6,33,125,NVIDIA GT 1030,3000,2,1228,1468,30,64,4K,2.5,12.3333,155,128,77.13,GPU,5
AMD Ryzen 9 5900X,29000,12,24,3.7,4.8,70,105,NVIDIA RTX 4080 SUPER,33000,16,2295,2550,320,256,1440p,1.5,0.8788,425,4096,46.13,CPU,58
AMD Ryzen 9 5900X,29000,12,24,3.7,4.8,70,105,NVIDIA RTX 3070,21000,8,1500,1730,220,256,4K,2.5,1.381,325,2048,54.82,CPU,21
AMD Ryzen 5 5600,20000,6,12,3.5,4.4,35,65,NVIDIA RTX 4090,38000,24,2235,2520,450,384,4K,2.5,0.5263,515,9216,87.32,CPU,30
Intel Core i5-13600K,28000,14,20,3.5,5.1,24,125,AMD RX 7700 XT,21000,12,1700,2544,245,192,4K,2.5,1.3333,370,2304,57.66,CPU,20
AMD Ryzen 7 5700X,24000,8,16,3.4,4.6,36,65,AMD RX 7800 XT,24000,16,1295,2430,263,256,4K,2.5,1.0,328,4096,69.62,CPU,22
Intel Core i5-12400F,19000,6,12,2.5,4.4,18,65,AMD RX 6800 XT,24000,16,1825,2250,300,256,1080p,1.0,0.7917,365,4096,20.46,CPU,87
AMD Ryzen 9 5900X,29000,12,24,3.7,4.8,70,105,NVIDIA RTX 4080,32000,16,2205,2505,320,256,1080p,1.0,0.9062,425,4096,7.54,CPU,127
Intel Core i5-13600K,28000,14,20,3.5,5.1,24,125,AMD RX 6500 XT,8000,4,2310,2815,107,64,4K,2.5,3.5,232,256,0.63,BALANCED,12
Intel Core i7-12700K,30000,12,20,3.6,5.0,25,125,NVIDIA RTX 4070 Ti SUPER,29000,16,2340,2610,285,256,4K,2.5,1.0345,410,4096,68.68,CPU,26
Intel Core i9-13900K,40000,24,32,3.0,5.8,36,125,AMD RX 580,9000,8,1257,1340,185,256,1440p,1.5,4.4444,310,2048,61.72,GPU,15
Intel Core i3-12100F,13000,4,8,3.3,4.3,12,58,AMD RX 6900 XT,26000,16,1825,2250,300,256,4K,2.5,0.5,358,4096,84.18,CPU,21
Intel Core i5-13600K,28000,14,20,3.5,5.1,24,125,NVIDIA RTX 4080 SUPER,33000,16,2295,2550,320,256,4K,2.5,0.8485,445,4096,73.64,CPU,28
AMD Ryzen 3 4100,11000,4,8,3.8,4.0,6,65,NVIDIA RTX 3090,27000,24,1395,1695,350,384,4K,2.5,0.4074,415,9216,90.12,CPU,21
AMD Ryzen 9 7900X,38000,12,24,4.7,5.6,76,170,NVIDIA RTX 4070 Ti,27000,12,2310,2610,285,192,1080p,1.0,1.4074,455,2304,29.76,GPU,89
Intel Core i5-12400F,19000,6,12,2.5,4.4,18,65,NVIDIA GTX 1650,7000,4,1485,1665,75,128,1440p,1.5,2.7143,140,512,36.57,GPU,13
Intel Core i5-13600K,28000,14,20,3.5,5.1,24,125,NVIDIA RTX 3070,21000,8,1500,1730,220,256,1080p,1.0,1.3333,345,2048,25.03,GPU,70
Intel Core i7-12700K,30000,12,20,3.6,5.0,25,125,AMD RX 6500 XT,8000,4,2310,2815,107,64,4K,2.5,3.75,232,256,11.67,GPU,12
AMD Ryzen 9 5900X,29000,12,24,3.7,4.8,70,105,NVIDIA RTX 4070 Ti,27000,12,2310,2610,285,192,1440p,1.5,1.0741,390,2304,37.55,CPU,53
Intel Core i5-14600K,30000,14,20,3.5,5.3,24,125,NVIDIA RTX 4060,18000,8,1830,2460,115,128,4K,2.5,1.6667,240,1024,48.18,CPU,19
AMD Ryzen 7 5800X,26000,8,16,3.8,4.7,36,105,AMD RX 7900 XT,30000,20,1500,2394,315,320,1080p,1.0,0.8667,420,6400,8.05,CPU,104
Intel Core i5-13400F,22000,10,16,2.5,4.6,20,65,AMD RX 7600,16000,8,1720,2655,165,128,4K,2.5,1.375,230,1024,59.69,CPU,16
Intel Core i9-12900K,35000,16,24,3.2,5.2,30,125,AMD RX 7700 XT,21000,12,1700,2544,245,192,1080p,1.0,1.6667,370,2304,43.06,GPU,66
AMD Ryzen 5 5600,20000,6,12,3.5,4.4,35,65,AMD RX 7900 XTX,34000,24,1855,2499,355,384,4K,2.5,0.5882,420,9216,82.87,CPU,27
Intel Core i3-10100F,10000,4,8,3.6,4.3,6,65,NVIDIA GTX 1650,7000,4,1485,1665,75,128,1440p,1.5,1.4286,140,512,18.21,CPU,17
Intel Core i3-10100F,10000,4,8,3.6,4.3,6,65,AMD RX 7700 XT,21000,12,1700,2544,245,192,1440p,1.5,0.4762,310,2304,73.32,CPU,30
Intel Core i3-13100F,14000,4,8,3.4,4.5,12,58,NVIDIA GTX 1660 SUPER,10000,6,1530,1785,125,192,4K,2.5,1.4,183,1152,58.7,CPU,11
Intel Core i5-13400F,22000,10,16,2.5,4.6,20,65,AMD RX 7900 XT,30000,20,1500,2394,315,320,1080p,1.0,0.7333,380,6400,26.76,CPU,107
Intel Core i5-13400F,22000,10,16,2.5,4.6,20,65,NVIDIA RTX 3060 Ti,19000,8,1410,1665,200,256,4K,2.5,1.1579,265,2048,62.18,CPU,19
Intel Core i5-13600K,28000,14,20,3.5,5.1,24,125,NVIDIA RTX 4090,38000,24,2235,2520,450,384,1440p,1.5,0.7368,575,9216,56.32,CPU,67
AMD Ryzen 5 7600,25000,6,12,3.8,5.1,38,65,NVIDIA RTX 3060,16000,12,1320,1777,170,192,4K,2.5,1.5625,235,2304,52.19,CPU,18
AMD Ryzen 3 4100,11000,4,8,3.8,4.0,6,65,NVIDIA RTX 4080 SUPER,33000,16,2295,2550,320,256,4K,2.5,0.3333,385,4096,90.02,CPU,24
AMD Ryzen 9 5900X,29000,12,24,3.7,4.8,70,105,NVIDIA GTX 1660 SUPER,10000,6,1530,1785,125,192,4K,2.5,2.9,230,1152,12.63,CPU,14
AMD Ryzen 7 7800X3D,34000,8,16,4.2,5.0,104,120,NVIDIA RTX 3070,21000,8,1500,1730,220,256,1080p,1.0,1.619,340,2048,36.55,GPU,65
AMD Ryzen 5 7600X,27000,6,12,4.7,5.3,38,105,AMD RX 6700 XT,18000,12,2321,2581,230,192,4K,2.5,1.5,335,2304,56.01,CPU,19
AMD Ryzen 9 7950X,42000,16,32,4.5,5.7,80,170,NVIDIA RTX 4070 SUPER,26000,12,1980,2475,220,192,4K,2.5,1.6154,390,2304,53.29,CPU,28
Intel Core i5-12600K,25000,10,16,3.7,4.9,20,125,NVIDIA RTX 4060,18000,8,1830,2460,115,128,1080p,1.0,1.3889,240,1024,29.57,GPU,63
Intel Core i3-12100F,13000,4,8,3.3,4.3,12,58,NVIDIA RTX 3070,21000,8,1500,1730,220,256,1440p,1.5,0.619,278,2048,61.89,CPU,37
AMD Ryzen 5 5600,20000,6,12,3.5,4.4,35,65,NVIDIA RTX 4070 SUPER,26000,12,1980,2475,220,192,1440p,1.5,0.7692,285,2304,54.55,CPU,47
AMD Ryzen 7 7700X,32000,8,16,4.5,5.4,40,105,AMD RX 7700 XT,21000,12,1700,2544,245,192,1440p,1.5,1.5238,350,2304,11.39,CPU,55
AMD Ryzen 5 5600X,21000,6,12,3.7,4.6,35,65,NVIDIA RTX 3060,16000,12,1320,1777,170,192,1440p,1.5,1.3125,235,2304,22.44,CPU,36
AMD Ryzen 5 5500,18000,6,12,3.6,4.2,19,65,NVIDIA RTX 3050,12000,8,1552,1777,130,128,4K,2.5,1.5,195,1024,53.86,CPU,13
Intel Core i5-10400F,14000,6,12,2.9,4.3,12,65,AMD RX 7900 XT,30000,20,1500,2394,315,320,1440p,1.5,0.4667,380,6400,73.49,CPU,48
Intel Core i3-10100F,10000,4,8,3.6,4.3,6,65,NVIDIA RTX 4070 Ti,27000,12,2310,2610,285,192,1080p,1.0,0.3704,350,2304,66.61,CPU,70
AMD Ryzen 5 7600X,27000,6,12,4.7,5.3,38,105,AMD RX 7600,16000,8,1720,2655,165,128,4K,2.5,1.6875,270,1024,51.39,CPU,19
Intel Core i9-14900K,41000,24,32,3.2,6.0,36,125,NVIDIA RTX 3050,12000,8,1552,1777,130,128,1080p,1.0,3.4167,255,1024,71.36,GPU,28
Intel Core i7-14700K,37000,20,28,3.4,5.6,33,125,AMD RX 6600,14000,8,1626,2491,132,128,4K,2.5,2.6429,257,1024,21.05,CPU,19
Intel Core i7-14700K,37000,20,28,3.4,5.6,33,125,AMD RX 7700 XT,21000,12,1700,2544,245,192,1080p,1.0,1.7619,370,2304,41.07,GPU,58
AMD Ryzen 5 7600X,27000,6,12,4.7,5.3,38,105,AMD RX 6500 XT,8000,4,2310,2815,107,64,1440p,1.5,3.375,212,256,50.78,GPU,15
AMD Ryzen 7 5800X,26000,8,16,3.8,4.7,36,105,NVIDIA GTX 1650,7000,4,1485,1665,75,128,4K,2.5,3.7143,180,512,12.95,GPU,11
AMD Ryzen 7 7700X,32000,8,16,4.5,5.4,40,105,NVIDIA RTX 4080,32000,16,2205,2505,320,256,1080p,1.0,1.0,425,4096,1.47,BALANCED,133
AMD Ryzen 5 5600,20000,6,12,3.5,4.4,35,65,NVIDIA RTX 4080 SUPER,33000,16,2295,2550,320,256,4K,2.5,0.6061,385,4096,82.75,CPU,26
Intel Core i5-14400F,24000,10,16,2.5,4.7,20,65,AMD RX 6500 XT,8000,4,2310,2815,107,64,1080p,1.0,3.0,172,256,65.45,GPU,20
AMD Ryzen 5 7600X,27000,6,12,4.7,5.3,38,105,NVIDIA RTX 4060 Ti,20000,8,2310,2535,160,128,1080p,1.0,1.35,265,1024,21.93,GPU,64
Intel Core i9-12900K,35000,16,24,3.2,5.2,30,125,NVIDIA RTX 4070 Ti SUPER,29000,16,2340,2610,285,256,4K,2.5,1.2069,410,4096,61.88,CPU,27
Intel Core i3-13100F,14000,4,8,3.4,4.5,12,58,AMD RX 6900 XT,26000,16,1825,2250,300,256,1440p,1.5,0.5385,358,4096,67.03,CPU,41
Intel Core i7-12700K,30000,12,20,3.6,5.0,25,125,NVIDIA GT 1030,3000,2,1228,1468,30,64,4K,2.5,10.0,155,128,66.82,GPU,5
Intel Core i5-12600K,25000,10,16,3.7,4.9,20,125,AMD RX 7700 XT,21000,12,1700,2544,245,192,4K,2.5,1.1905,370,2304,63.67,CPU,21
AMD Ryzen 9 5900X,29000,12,24,3.7,4.8,70,105,NVIDIA RTX 3060,16000,12,1320,1777,170,192,1080p,1.0,1.8125,275,2304,44.3,GPU,47
AMD Ryzen 9 7950X,42000,16,32,4.5,5.7,80,170,AMD RX 7900 XT,30000,20,1500,2394,315,320,4K,2.5,1.4,485,6400,54.72,CPU,29
Intel Core i5-13600K,28000,14,20,3.5,5.1,24,125,AMD RX 7800 XT,24000,16,1295,2430,263,256,1440p,1.5,1.1667,388,4096,34.08,CPU,50
AMD Ryzen 9 7950X,42000,16,32,4.5,5.7,80,170,NVIDIA RTX 4070 Ti,27000,12,2310,2610,285,192,1080p,1.0,1.5556,455,2304,29.13,GPU,86
Intel Core i5-12600K,25000,10,16,3.7,4.9,20,125,NVIDIA GTX 1660 SUPER,10000,6,1530,1785,125,192,4K,2.5,2.5,250,1152,26.76,CPU,14
Intel Core i5-10400F,14000,6,12,2.9,4.3,12,65,NVIDIA RTX 4060,18000,8,1830,2460,115,128,1080p,1.0,0.7778,180,1024,21.39,CPU,64
Intel Core i5-13400F,22000,10,16,2.5,4.6,20,65,NVIDIA GTX 1650,7000,4,1485,1665,75,128,1080p,1.0,3.1429,140,512,67.49,GPU,16
Intel Core i5-14400F,24000,10,16,2.5,4.7,20,65,AMD RX 6900 XT,26000,16,1825,2250,300,256,1440p,1.5,0.9231,365,4096,44.0,CPU,49
Intel Core i5-10400F,14000,6,12,2.9,4.3,12,65,NVIDIA RTX 3080,25000,10,1440,1710,320,320,1080p,1.0,0.56,385,3200,46.83,CPU,76
Intel Core i9-14900K,41000,24,32,3.2,6.0,36,125,NVIDIA GT 1030,3000,2,1228,1468,30,64,1440p,1.5,13.6667,155,128,89.42,GPU,5
Intel Core i5-14400F,24000,10,16,2.5,4.7,20,65,NVIDIA RTX 4070,23000,12,1920,2475,200,192,1080p,1.0,1.0435,265,2304,1.29,BALANCED,100
AMD Ryzen 3 4100,11000,4,8,3.8,4.0,6,65,NVIDIA RTX 4080,32000,16,2205,2505,320,256,1080p,1.0,0.3438,385,4096,66.36,CPU,78
Intel Core i7-13700K,35000,16,24,3.4,5.4,30,125,NVIDIA RTX 4070 Ti SUPER,29000,16,2340,2610,285,256,1080p,1.0,1.2069,410,4096,17.89,GPU,112
Intel Core i9-12900K,35000,16,24,3.2,5.2,30,125,NVIDIA RTX 4080,32000,16,2205,2505,320,256,1440p,1.5,1.0938,445,4096,37.86,CPU,70
Intel Core i3-12100F,13000,4,8,3.3,4.3,12,58,AMD RX 7700 XT,21000,12,1700,2544,245,192,4K,2.5,0.619,303,2304,82.13,CPU,18
AMD Ryzen 3 4100,11000,4,8,3.8,4.0,6,65,AMD RX 580,9000,8,1257,1340,185,256,4K,2.5,1.2222,250,2048,65.06,CPU,9
AMD Ryzen 7 5800X,26000,8,16,3.8,4.7,36,105,NVIDIA RTX 4060 Ti,20000,8,2310,2535,160,128,4K,2.5,1.3,265,1024,59.23,CPU,21
Intel Core i3-10100F,10000,4,8,3.6,4.3,6,65,NVIDIA RTX 4060,18000,8,1830,2460,115,128,1080p,1.0,0.5556,180,1024,46.29,CPU,55
Intel Core i5-10400F,14000,6,12,2.9,4.3,12,65,AMD RX 6900 XT,26000,16,1825,2250,300,256,1440p,1.5,0.5385,365,4096,69.65,CPU,44
Intel Core i9-14900K,41000,24,32,3.2,6.0,36,125,NVIDIA RTX 4070 Ti SUPER,29000,16,2340,2610,285,256,1440p,1.5,1.4138,410,4096,13.88,CPU,74
AMD Ryzen 5 5600X,21000,6,12,3.7,4.6,35,65,NVIDIA RTX 4070 Ti SUPER,29000,16,2340,2610,285,256,1440p,1.5,0.7241,350,4096,55.64,CPU,52
Intel Core i9-13900K,40000,24,32,3.0,5.8,36,125,AMD RX 6800 XT,24000,16,1825,2250,300,256,4K,2.5,1.6667,425,4096,49.08,CPU,26
AMD Ryzen 9 7900X,38000,12,24,4.7,5.6,76,170,NVIDIA RTX 3060,16000,12,1320,1777,170,192,4K,2.5,2.375,340,2304,28.01,CPU,22
Intel Core i3-12100F,13000,4,8,3.3,4.3,12,58,NVIDIA GTX 1650,7000,4,1485,1665,75,128,1080p,1.0,1.8571,133,512,43.14,GPU,21
AMD Ryzen 5 5500,18000,6,12,3.6,4.2,19,65,NVIDIA GT 1030,3000,2,1228,1468,30,64,1440p,1.5,6.0,95,128,74.18,GPU,5
Intel Core i7-13700K,35000,16,24,3.4,5.4,30,125,NVIDIA RTX 3060 Ti,19000,8,1410,1665,200,256,4K,2.5,1.8421,325,2048,42.33,CPU,21
AMD Ryzen 5 5600,20000,6,12,3.5,4.4,35,65,AMD RX 7700 XT,21000,12,1700,2544,245,192,4K,2.5,0.9524,310,2304,67.97,CPU,19
Intel Core i7-13700K,35000,16,24,3.4,5.4,30,125,NVIDIA RTX 4070 Ti,27000,12,2310,2610,285,192,1080p,1.0,1.2963,410,2304,21.74,GPU,90
Intel Core i5-12600K,25000,10,16,3.7,4.9,20,125,NVIDIA GTX 1650,7000,4,1485,1665,75,128,1080p,1.0,3.5714,200,512,69.91,GPU,17
Intel Core i5-10400F,14000,6,12,2.9,4.3,12,65,NVIDIA RTX 4090,38000,24,2235,2520,450,384,1440p,1.5,0.3684,515,9216,80.49,CPU,56
Intel Core i9-13900K,40000,24,32,3.0,5.8,36,125,AMD RX 6800 XT,24000,16,1825,2250,300,256,1080p,1.0,1.6667,425,4096,37.02,GPU,70
AMD Ryzen 5 7600X,27000,6,12,4.7,5.3,38,105,AMD RX 6900 XT,26000,16,1825,2250,300,256,4K,2.5,1.0385,405,4096,64.9,CPU,25
AMD Ryzen 5 5600,20000,6,12,3.5,4.4,35,65,NVIDIA GT 1030,3000,2,1228,1468,30,64,1080p,1.0,6.6667,95,128,86.98,GPU,6
Intel Core i5-12400F,19000,6,12,2.5,4.4,18,65,NVIDIA RTX 4060 Ti,20000,8,2310,2535,160,128,4K,2.5,0.95,225,1024,72.78,CPU,17
AMD Ryzen 5 5600,20000,6,12,3.5,4.4,35,65,NVIDIA RTX 3060,16000,12,1320,1777,170,192,1440p,1.5,1.25,235,2304,26.34,CPU,34
AMD Ryzen 7 7700X,32000,8,16,4.5,5.4,40,105,AMD RX 7800 XT,24000,16,1295,2430,263,256,1080p,1.0,1.3333,368,4096,29.37,GPU,85
AMD Ryzen 9 5950X,32000,16,32,3.4,4.9,72,105,AMD RX 6800 XT,24000,16,1825,2250,300,256,1440p,1.5,1.3333,405,4096,22.98,CPU,57
Intel Core i5-14400F,24000,10,16,2.5,4.7,20,65,AMD RX 6500 XT,8000,4,2310,2815,107,64,1440p,1.5,3.0,172,256,39.92,GPU,16
Intel Core i5-13600K,28000,14,20,3.5,5.1,24,125,NVIDIA RTX 4080,32000,16,2205,2505,320,256,1080p,1.0,0.875,445,4096,13.74,CPU,113
AMD Ryzen 7 7800X3D,34000,8,16,4.2,5.0,104,120,AMD RX 7700 XT,21000,12,1700,2544,245,192,1080p,1.0,1.619,365,2304,39.59,GPU,68
Intel Core i5-13600K,28000,14,20,3.5,5.1,24,125,NVIDIA GTX 1660 SUPER,10000,6,1530,1785,125,192,1440p,1.5,2.8,250,1152,40.0,GPU,21
Intel Core i7-12700K,30000,12,20,3.6,5.0,25,125,NVIDIA GT 1030,3000,2,1228,1468,30,64,1080p,1.0,10.0,155,128,88.75,GPU,5
Intel Core i5-10400F,14000,6,12,2.9,4.3,12,65,NVIDIA RTX 4070,23000,12,1920,2475,200,192,1440p,1.5,0.6087,265,2304,63.58,CPU,38
Intel Core i5-13400F,22000,10,16,2.5,4.6,20,65,NVIDIA RTX 4060,18000,8,1830,2460,115,128,4K,2.5,1.2222,180,1024,62.69,CPU,18
AMD Ryzen 3 4100,11000,4,8,3.8,4.0,6,65,AMD RX 7700 XT,21000,12,1700,2544,245,192,1080p,1.0,0.5238,310,2304,45.47,CPU,62
AMD Ryzen 3 4100,11000,4,8,3.8,4.0,6,65,AMD RX 7800 XT,24000,16,1295,2430,263,256,4K,2.5,0.4583,328,4096,88.09,CPU,20
AMD Ryzen 7 7800X3D,34000,8,16,4.2,5.0,104,120,NVIDIA RTX 3060,16000,12,1320,1777,170,192,1440p,1.5,2.125,290,2304,22.17,GPU,38
Intel Core i3-10100F,10000,4,8,3.6,4.3,6,65,NVIDIA RTX 3070,21000,8,1500,1730,220,256,1080p,1.0,0.4762,285,2048,55.57,CPU,53
AMD Ryzen 7 7800X3D,34000,8,16,4.2,5.0,104,120,AMD RX 7900 XT,30000,20,1500,2394,315,320,1440p,1.5,1.1333,435,6400,33.64,CPU,59
Intel Core i9-14900K,41000,24,32,3.2,6.0,36,125,AMD RX 6600,14000,8,1626,2491,132,128,4K,2.5,2.9286,257,1024,14.83,CPU,21
AMD Ryzen 5 5600X,21000,6,12,3.7,4.6,35,65,NVIDIA RTX 3080,25000,10,1440,1710,320,320,4K,2.5,0.84,385,3200,75.96,CPU,22
AMD Ryzen 5 5600X,21000,6,12,3.7,4.6,35,65,NVIDIA RTX 3080,25000,10,1440,1710,320,320,1440p,1.5,0.84,385,3200,51.78,CPU,48
Intel Core i5-12400F,19000,6,12,2.5,4.4,18,65,NVIDIA RTX 3060 Ti,19000,8,1410,1665,200,256,4K,2.5,1.0,265,2048,70.34,CPU,18
AMD Ryzen 7 7700X,32000,8,16,4.5,5.4,40,105,NVIDIA RTX 3090,27000,24,1395,1695,350,384,4K,2.5,1.1852,455,9216,63.43,CPU,25
AMD Ryzen 7 7800X3D,34000,8,16,4.2,5.0,104,120,AMD RX 6800 XT,24000,16,1825,2250,300,256,4K,2.5,1.4167,420,4096,57.49,CPU,24
AMD Ryzen 3 4100,11000,4,8,3.8,4.0,6,65,NVIDIA RTX 3090,27000,24,1395,1695,350,384,1440p,1.5,0.4074,415,9216,75.03,CPU,42
Intel Core i5-14400F,24000,10,16,2.5,4.7,20,65,NVIDIA RTX 4070 Ti SUPER,29000,16,2340,2610,285,256,1080p,1.0,0.8276,350,4096,16.13,CPU,97
Intel Core i9-13900K,40000,24,32,3.0,5.8,36,125,NVIDIA RTX 3060,16000,12,1320,1777,170,192,1080p,1.0,2.5,295,2304,61.11,GPU,39
Intel Core i7-13700K,35000,16,24,3.4,5.4,30,125,NVIDIA GT 1030,3000,2,1228,1468,30,64,1080p,1.0,11.6667,155,128,89.13,GPU,6
AMD Ryzen 7 7800X3D,34000,8,16,4.2,5.0,104,120,NVIDIA RTX 4080 SUPER,33000,16,2295,2550,320,256,4K,2.5,1.0303,440,4096,69.77,CPU,32
AMD Ryzen 5 5600X,21000,6,12,3.7,4.6,35,65,NVIDIA RTX 4070 SUPER,26000,12,1980,2475,220,192,1080p,1.0,0.8077,285,2304,21.89,CPU,88
AMD Ryzen 9 7900X,38000,12,24,4.7,5.6,76,170,NVIDIA RTX 3090,27000,24,1395,1695,350,384,1080p,1.0,1.4074,520,9216,25.23,GPU,88
AMD Ryzen 9 7900X,38000,12,24,4.7,5.6,76,170,NVIDIA RTX 3090,27000,24,1395,1695,350,384,1440p,1.5,1.4074,520,9216,21.43,CPU,65
Intel Core i9-14900K,41000,24,32,3.2,6.0,36,125,NVIDIA RTX 3070,21000,8,1500,1730,220,256,4K,2.5,1.9524,345,2048,42.89,CPU,25
Intel Core i5-12400F,19000,6,12,2.5,4.4,18,65,NVIDIA RTX 4060,18000,8,1830,2460,115,128,1080p,1.0,1.0556,180,1024,1.44,BALANCED,74
AMD Ryzen 3 4100,11000,4,8,3.8,4.0,6,65,AMD RX 6600,14000,8,1626,2491,132,128,1080p,1.0,0.7857,197,1024,23.26,CPU,51
Intel Core i5-13400F,22000,10,16,2.5,4.6,20,65,AMD RX 7800 XT,24000,16,1295,2430,263,256,1440p,1.5,0.9167,328,4096,48.67,CPU,47
Intel Core i3-12100F,13000,4,8,3.3,4.3,12,58,AMD RX 7700 XT,21000,12,1700,2544,245,192,1080p,1.0,0.619,303,2304,41.31,CPU,67
Intel Core i5-14600K,30000,14,20,3.5,5.3,24,125,NVIDIA RTX 4090,38000,24,2235,2520,450,384,4K,2.5,0.7895,575,9216,76.73,CPU,33
Intel Core i7-12700K,30000,12,20,3.6,5.0,25,125,NVIDIA RTX 4070 Ti SUPER,29000,16,2340,2610,285,256,1440p,1.5,1.0345,410,4096,38.83,CPU,56
Intel Core i7-14700K,37000,20,28,3.4,5.6,33,125,NVIDIA RTX 4070 Ti,27000,12,2310,2610,285,192,1440p,1.5,1.3704,410,2304,18.02,CPU,66
Intel Core i9-12900K,35000,16,24,3.2,5.2,30,125,AMD RX 580,9000,8,1257,1340,185,256,4K,2.5,3.8889,310,2048,17.93,GPU,14
Intel Core i7-13700K,35000,16,24,3.4,5.4,30,125,AMD RX 6700 XT,18000,12,2321,2581,230,192,4K,2.5,1.9444,355,2304,38.28,CPU,23
AMD Ryzen 5 7600X,27000,6,12,4.7,5.3,38,105,AMD RX 7700 XT,21000,12,1700,2544,245,192,4K,2.5,1.2857,350,2304,59.73,CPU,22
Intel Core i3-12100F,13000,4,8,3.3,4.3,12,58,AMD RX 6700 XT,18000,12,2321,2581,230,192,1440p,1.5,0.7222,288,2304,59.65,CPU,29
AMD Ryzen 5 7600X,27000,6,12,4.7,5.3,38,105,NVIDIA RTX 3060,16000,12,1320,1777,170,192,1080p,1.0,1.6875,275,2304,39.89,GPU,49
Intel Core i5-14600K,30000,14,20,3.5,5.3,24,125,NVIDIA RTX 3060,16000,12,1320,1777,170,192,1080p,1.0,1.875,295,2304,43.76,GPU,46
AMD Ryzen 7 5700X,24000,8,16,3.4,4.6,36,65,NVIDIA RTX 3060 Ti,19000,8,1410,1665,200,256,4K,2.5,1.2632,265,2048,59.23,CPU,18
AMD Ryzen 5 5600X,21000,6,12,3.7,4.6,35,65,AMD RX 6500 XT,8000,4,2310,2815,107,64,1080p,1.0,2.625,172,256,60.44,GPU,21
AMD Ryzen 9 7950X,42000,16,32,4.5,5.7,80,170,NVIDIA RTX 4080,32000,16,2205,2505,320,256,4K,2.5,1.3125,490,4096,56.05,CPU,34
Intel Core i7-13700K,35000,16,24,3.4,5.4,30,125,NVIDIA RTX 3090,27000,24,1395,1695,350,384,1440p,1.5,1.2963,475,9216,25.17,CPU,58
AMD Ryzen 5 5600,20000,6,12,3.5,4.4,35,65,NVIDIA GTX 1660 SUPER,10000,6,1530,1785,125,192,4K,2.5,2.0,190,1152,40.09,CPU,11
Intel Core i9-13900K,40000,24,32,3.0,5.8,36,125,AMD RX 7600,16000,8,1720,2655,165,128,1440p,1.5,2.5,290,1024,30.97,GPU,35
AMD Ryzen 5 7600,25000,6,12,3.8,5.1,38,65,NVIDIA RTX 3070,21000,8,1500,1730,220,256,1080p,1.0,1.1905,285,2048,15.51,GPU,78
AMD Ryzen 3 4100,11000,4,8,3.8,4.0,6,65,NVIDIA RTX 4070 Ti,27000,12,2310,2610,285,192,4K,2.5,0.4074,350,2304,86.21,CPU,22
AMD Ryzen 5 7600,25000,6,12,3.8,5.1,38,65,AMD RX 6600,14000,8,1626,2491,132,128,1440p,1.5,1.7857,197,1024,1.71,BALANCED,39
Intel Core i5-14600K,30000,14,20,3.5,5.3,24,125,NVIDIA RTX 3070,21000,8,1500,1730,220,256,4K,2.5,1.4286,345,2048,55.35,CPU,21
AMD Ryzen 5 5600,20000,6,12,3.5,4.4,35,65,AMD RX 6900 XT,26000,16,1825,2250,300,256,1080p,1.0,0.7692,365,4096,26.71,CPU,95
Intel Core i5-12400F,19000,6,12,2.5,4.4,18,65,AMD RX 7700 XT,21000,12,1700,2544,245,192,4K,2.5,0.9048,310,2304,77.19,CPU,19
Intel Core i7-14700K,37000,20,28,3.4,5.6,33,125,NVIDIA RTX 4060,18000,8,1830,2460,115,128,4K,2.5,2.0556,240,1024,36.74,CPU,23
Intel Core i7-14700K,37000,20,28,3.4,5.6,33,125,NVIDIA RTX 4070 SUPER,26000,12,1980,2475,220,192,1080p,1.0,1.4231,345,2304,30.87,GPU,86
Intel Core i3-13100F,14000,4,8,3.4,4.5,12,58,AMD RX 7800 XT,24000,16,1295,2430,263,256,4K,2.5,0.5833,321,4096,85.54,CPU,20
AMD Ryzen 9 7950X,42000,16,32,4.5,5.7,80,170,NVIDIA RTX 4070,23000,12,1920,2475,200,192,1080p,1.0,1.8261,370,2304,45.07,GPU,66
Intel Core i3-12100F,13000,4,8,3.3,4.3,12,58,AMD RX 6600,14000,8,1626,2491,132,128,1440p,1.5,0.9286,190,1024,46.07,CPU,27
AMD Ryzen 7 5700X,24000,8,16,3.4,4.6,36,65,NVIDIA RTX 4070 SUPER,26000,12,1980,2475,220,192,1080p,1.0,0.9231,285,2304,2.68,CPU,108
Intel Core i5-10400F,14000,6,12,2.9,4.3,12,65,NVIDIA RTX 4070 SUPER,26000,12,1980,2475,220,192,1080p,1.0,0.5385,285,2304,44.6,CPU,70
Intel Core i5-13400F,22000,10,16,2.5,4.6,20,65,AMD RX 7900 XT,30000,20,1500,2394,315,320,4K,2.5,0.7333,380,6400,78.35,CPU,26
Intel Core i3-12100F,13000,4,8,3.3,4.3,12,58,NVIDIA RTX 4060,18000,8,1830,2460,115,128,1440p,1.5,0.7222,173,1024,60.1,CPU,33
AMD Ryzen 7 5700X,24000,8,16,3.4,4.6,36,65,AMD RX 7900 XTX,34000,24,1855,2499,355,384,1080p,1.0,0.7059,420,9216,29.67,CPU,105
AMD Ryzen 9 5950X,32000,16,32,3.4,4.9,72,105,AMD RX 7900 XTX,34000,24,1855,2499,355,384,4K,2.5,0.9412,460,9216,69.46,CPU,29
Intel Core i3-13100F,14000,4,8,3.4,4.5,12,58,NVIDIA RTX 4080 SUPER,33000,16,2295,2550,320,256,1080p,1.0,0.4242,378,4096,58.0,CPU,88
AMD Ryzen 5 5600X,21000,6,12,3.7,4.6,35,65,AMD RX 6600,14000,8,1626,2491,132,128,1440p,1.5,1.5,197,1024,11.22,CPU,33
Intel Core i7-13700K,35000,16,24,3.4,5.4,30,125,NVIDIA GTX 1660 SUPER,10000,6,1530,1785,125,192,1440p,1.5,3.5,250,1152,48.12,GPU,18
Intel Core i9-14900K,41000,24,32,3.2,6.0,36,125,AMD RX 6800 XT,24000,16,1825,2250,300,256,4K,2.5,1.7083,425,4096,48.0,CPU,27
Intel Core i3-13100F,14000,4,8,3.4,4.5,12,58,AMD RX 6500 XT,8000,4,2310,2815,107,64,4K,2.5,1.75,165,256,46.17,CPU,9
Intel Core i3-10100F,10000,4,8,3.6,4.3,6,65,NVIDIA RTX 3060,16000,12,1320,1777,170,192,1080p,1.0,0.625,235,2304,38.18,CPU,46
Intel Core i5-12400F,19000,6,12,2.5,4.4,18,65,AMD RX 7900 XT,30000,20,1500,2394,315,320,1440p,1.5,0.6333,380,6400,64.08,CPU,49
AMD Ryzen 5 7600,25000,6,12,3.8,5.1,38,65,NVIDIA RTX 3060,16000,12,1320,1777,170,192,1440p,1.5,1.5625,235,2304,4.72,CPU,41
AMD Ryzen 7 5700X,24000,8,16,3.4,4.6,36,65,NVIDIA RTX 4070,23000,12,1920,2475,200,192,4K,2.5,1.0435,265,2304,72.13,CPU,20
AMD Ryzen 7 5800X,26000,8,16,3.8,4.7,36,105,NVIDIA GTX 1650,7000,4,1485,1665,75,128,1440p,1.5,3.7143,180,512,58.43,GPU,13
Intel Core i5-14600K,30000,14,20,3.5,5.3,24,125,NVIDIA GTX 1660 SUPER,10000,6,1530,1785,125,192,1440p,1.5,3.0,250,1152,40.98,GPU,20
Intel Core i5-14600K,30000,14,20,3.5,5.3,24,125,NVIDIA RTX 4090,38000,24,2235,2520,450,384,1440p,1.5,0.7895,575,9216,48.95,CPU,63
Intel Core i5-14400F,24000,10,16,2.5,4.7,20,65,NVIDIA RTX 4070 Ti SUPER,29000,16,2340,2610,285,256,4K,2.5,0.8276,350,4096,77.24,CPU,26
AMD Ryzen 5 5500,18000,6,12,3.6,4.2,19,65,AMD RX 7600,16000,8,1720,2655,165,128,4K,2.5,1.125,230,1024,65.23,CPU,15
Intel Core i3-12100F,13000,4,8,3.3,4.3,12,58,AMD RX 6700 XT,18000,12,2321,2581,230,192,1080p,1.0,0.7222,288,2304,25.29,CPU,56
Intel Core i5-12600K,25000,10,16,3.7,4.9,20,125,NVIDIA RTX 3050,12000,8,1552,1777,130,128,1080p,1.0,2.0833,255,1024,53.88,GPU,34
Intel Core i7-12700K,30000,12,20,3.6,5.0,25,125,NVIDIA RTX 4070 Ti,27000,12,2310,2610,285,192,4K,2.5,1.1111,410,2304,69.45,CPU,26
Intel Core i3-10100F,10000,4,8,3.6,4.3,6,65,NVIDIA RTX 4070 Ti,27000,12,2310,2610,285,192,4K,2.5,0.3704,350,2304,87.94,CPU,20
Intel Core i7-12700K,30000,12,20,3.6,5.0,25,125,NVIDIA RTX 3070,21000,8,1500,1730,220,256,1440p,1.5,1.4286,345,2048,18.69,CPU,53
AMD Ryzen 7 5800X,26000,8,16,3.8,4.7,36,105,NVIDIA RTX 4070,23000,12,1920,2475,200,192,4K,2.5,1.1304,305,2304,67.23,CPU,24
Intel Core i7-12700K,30000,12,20,3.6,5.0,25,125,NVIDIA GTX 1660 SUPER,10000,6,1530,1785,125,192,1080p,1.0,3.0,250,1152,67.69,GPU,23
AMD Ryzen 7 5700X,24000,8,16,3.4,4.6,36,65,AMD RX 6600,14000,8,1626,2491,132,128,1440p,1.5,1.7143,197,1024,3.06,BALANCED,38
AMD Ryzen 9 5950X,32000,16,32,3.4,4.9,72,105,NVIDIA RTX 4060 Ti,20000,8,2310,2535,160,128,4K,2.5,1.6,265,1024,53.12,CPU,23
Intel Core i7-14700K,37000,20,28,3.4,5.6,33,125,NVIDIA RTX 4080 SUPER,33000,16,2295,2550,320,256,1440p,1.5,1.1212,445,4096,31.26,CPU,71
Intel Core i7-13700K,35000,16,24,3.4,5.4,30,125,AMD RX 580,9000,8,1257,1340,185,256,4K,2.5,3.8889,310,2048,13.52,GPU,13
AMD Ryzen 5 5600X,21000,6,12,3.7,4.6,35,65,NVIDIA RTX 4080 SUPER,33000,16,2295,2550,320,256,4K,2.5,0.6364,385,4096,79.66,CPU,29
Intel Core i5-14600K,30000,14,20,3.5,5.3,24,125,NVIDIA RTX 4070,23000,12,1920,2475,200,192,4K,2.5,1.3043,325,2304,61.97,CPU,22
AMD Ryzen 5 7600,25000,6,12,3.8,5.1,38,65,AMD RX 6600,14000,8,1626,2491,132,128,1080p,1.0,1.7857,197,1024,46.02,GPU,43
Intel Core i3-10100F,10000,4,8,3.6,4.3,6,65,NVIDIA RTX 3090,27000,24,1395,1695,350,384,4K,2.5,0.3704,415,9216,89.14,CPU,22
AMD Ryzen 5 5600,20000,6,12,3.5,4.4,35,65,NVIDIA GTX 1650,7000,4,1485,1665,75,128,1080p,1.0,2.8571,140,512,65.6,GPU,17
Intel Core i5-14600K,30000,14,20,3.5,5.3,24,125,AMD RX 7900 XT,30000,20,1500,2394,315,320,1440p,1.5,1.0,440,6400,39.56,CPU,57
AMD Ryzen 5 7600X,27000,6,12,4.7,5.3,38,105,AMD RX 6800 XT,24000,16,1825,2250,300,256,4K,2.5,1.125,405,4096,68.07,CPU,23
AMD Ryzen 3 4100,11000,4,8,3.8,4.0,6,65,AMD RX 580,9000,8,1257,1340,185,256,1440p,1.5,1.2222,250,2048,28.04,CPU,20
Intel Core i9-13900K,40000,24,32,3.0,5.8,36,125,NVIDIA RTX 4070 Ti SUPER,29000,16,2340,2610,285,256,1440p,1.5,1.3793,410,4096,18.4,CPU,70
Intel Core i7-13700K,35000,16,24,3.4,5.4,30,125,AMD RX 7700 XT,21000,12,1700,2544,245,192,4K,2.5,1.6667,370,2304,53.06,CPU,23
AMD Ryzen 3 4100,11000,4,8,3.8,4.0,6,65,NVIDIA RTX 3050,12000,8,1552,1777,130,128,4K,2.5,0.9167,195,1024,69.88,CPU,11
Intel Core i5-12400F,19000,6,12,2.5,4.4,18,65,NVIDIA RTX 3090,27000,24,1395,1695,350,384,1080p,1.0,0.7037,415,9216,29.81,CPU,94
AMD Ryzen 9 5950X,32000,16,32,3.4,4.9,72,105,AMD RX 580,9000,8,1257,1340,185,256,1080p,1.0,3.5556,290,2048,72.45,GPU,20
Intel Core i9-14900K,41000,24,32,3.2,6.0,36,125,NVIDIA RTX 4070,23000,12,1920,2475,200,192,1440p,1.5,1.7826,325,2304,2.93,BALANCED,63
AMD Ryzen 9 7950X,42000,16,32,4.5,5.7,80,170,AMD RX 7900 XT,30000,20,1500,2394,315,320,1080p,1.0,1.4,485,6400,27.7,GPU,98
AMD Ryzen 3 4100,11000,4,8,3.8,4.0,6,65,AMD RX 6500 XT,8000,4,2310,2815,107,64,1080p,1.0,1.375,172,256,24.06,GPU,28
AMD Ryzen 5 7600,25000,6,12,3.8,5.1,38,65,NVIDIA RTX 4080,32000,16,2205,2505,320,256,1440p,1.5,0.7812,385,4096,54.21,CPU,54
Intel Core i3-13100F,14000,4,8,3.4,4.5,12,58,NVIDIA RTX 4060,18000,8,1830,2460,115,128,1440p,1.5,0.7778,173,1024,47.1,CPU,32
AMD Ryzen 9 7950X,42000,16,32,4.5,5.7,80,170,AMD RX 6800 XT,24000,16,1825,2250,300,256,4K,2.5,1.75,470,4096,43.78,CPU,28
AMD Ryzen 5 5500,18000,6,12,3.6,4.2,19,65,NVIDIA RTX 3050,12000,8,1552,1777,130,128,1440p,1.5,1.5,195,1024,11.14,CPU,29
AMD Ryzen 7 5800X,26000,8,16,3.8,4.7,36,105,NVIDIA RTX 3080,25000,10,1440,1710,320,320,4K,2.5,1.04,425,3200,68.87,CPU,24
AMD Ryzen 5 7600X,27000,6,12,4.7,5.3,38,105,NVIDIA RTX 3070,21000,8,1500,1730,220,256,1080p,1.0,1.2857,325,2048,26.65,GPU,72
Intel Core i7-12700K,30000,12,20,3.6,5.0,25,125,AMD RX 6500 XT,8000,4,2310,2815,107,64,1080p,1.0,3.75,232,256,73.59,GPU,19
Intel Core i7-12700K,30000,12,20,3.6,5.0,25,125,AMD RX 6800 XT,24000,16,1825,2250,300,256,4K,2.5,1.25,425,4096,62.17,CPU,25
Intel Core i9-14900K,41000,24,32,3.2,6.0,36,125,NVIDIA RTX 3060,16000,12,1320,1777,170,192,1080p,1.0,2.5625,295,2304,62.02,GPU,41
Intel Core i3-12100F,13000,4,8,3.3,4.3,12,58,NVIDIA RTX 4070,23000,12,1920,2475,200,192,1080p,1.0,0.5652,258,2304,44.62,CPU,66
Intel Core i7-12700K,30000,12,20,3.6,5.0,25,125,NVIDIA GTX 1660 SUPER,10000,6,1530,1785,125,192,1440p,1.5,3.0,250,1152,42.21,GPU,19
AMD Ryzen 5 5600,20000,6,12,3.5,4.4,35,65,NVIDIA RTX 3070,21000,8,1500,1730,220,256,4K,2.5,0.9524,285,2048,71.26,CPU,19
AMD Ryzen 9 5900X,29000,12,24,3.7,4.8,70,105,AMD RX 7900 XT,30000,20,1500,2394,315,320,4K,2.5,0.9667,420,6400,71.73,CPU,26
Intel Core i5-14400F,24000,10,16,2.5,4.7,20,65,AMD RX 7600,16000,8,1720,2655,165,128,4K,2.5,1.5,230,1024,56.79,CPU,18
AMD Ryzen 7 7800X3D,34000,8,16,4.2,5.0,104,120,NVIDIA GTX 1660 SUPER,10000,6,1530,1785,125,192,1440p,1.5,3.4,245,1152,51.43,GPU,19
AMD Ryzen 5 7600,25000,6,12,3.8,5.1,38,65,NVIDIA RTX 3090,27000,24,1395,1695,350,384,1080p,1.0,0.9259,415,9216,6.24,CPU,101
AMD Ryzen 7 5800X,26000,8,16,3.8,4.7,36,105,NVIDIA GTX 1660 SUPER,10000,6,1530,1785,125,192,1080p,1.0,2.6,230,1152,61.28,GPU,24
AMD Ryzen 3 4100,11000,4,8,3.8,4.0,6,65,NVIDIA RTX 3060,16000,12,1320,1777,170,192,1440p,1.5,0.6875,235,2304,54.55,CPU,27
Intel Core i5-14600K,30000,14,20,3.5,5.3,24,125,AMD RX 580,9000,8,1257,1340,185,256,4K,2.5,3.3333,310,2048,3.81,BALANCED,15
AMD Ryzen 9 7900X,38000,12,24,4.7,5.6,76,170,NVIDIA RTX 3050,12000,8,1552,1777,130,128,1440p,1.5,3.1667,300,1024,47.59,GPU,21
Intel Core i3-12100F,13000,4,8,3.3,4.3,12,58,AMD RX 7800 XT,24000,16,1295,2430,263,256,1080p,1.0,0.5417,321,4096,43.74,CPU,72
Intel Core i9-12900K,35000,16,24,3.2,5.2,30,125,AMD RX 6600,14000,8,1626,2491,132,128,1080p,1.0,2.5,257,1024,63.13,GPU,33
AMD Ryzen 5 5600X,21000,6,12,3.7,4.6,35,65,AMD RX 6900 XT,26000,16,1825,2250,300,256,1080p,1.0,0.8077,365,4096,19.24,CPU,96
Intel Core i7-14700K,37000,20,28,3.4,5.6,33,125,AMD RX 7900 XTX,34000,24,1855,2499,355,384,4K,2.5,1.0882,480,9216,64.21,CPU,31
AMD Ryzen 7 7800X3D,34000,8,16,4.2,5.0,104,120,NVIDIA RTX 3070,21000,8,1500,1730,220,256,4K,2.5,1.619,340,2048,50.95,CPU,23
AMD Ryzen 7 5800X,26000,8,16,3.8,4.7,36,105,NVIDIA RTX 4060,18000,8,1830,2460,115,128,1080p,1.0,1.4444,220,1024,29.02,GPU,57
AMD Ryzen 9 5900X,29000,12,24,3.7,4.8,70,105,NVIDIA RTX 4070 Ti SUPER,29000,16,2340,2610,285,256,1080p,1.0,1.0,390,4096,0,BALANCED,128
AMD Ryzen 9 7950X,42000,16,32,4.5,5.7,80,170,NVIDIA RTX 4080,32000,16,2205,2505,320,256,1440p,1.5,1.3125,490,4096,22.91,CPU,76
Intel Core i7-14700K,37000,20,28,3.4,5.6,33,125,NVIDIA RTX 3080,25000,10,1440,1710,320,320,1080p,1.0,1.48,445,3200,30.23,GPU,75
Intel Core i3-10100F,10000,4,8,3.6,4.3,6,65,AMD RX 580,9000,8,1257,1340,185,256,1080p,1.0,1.1111,250,2048,8.86,GPU,36
AMD Ryzen 5 5600X,21000,6,12,3.7,4.6,35,65,AMD RX 7900 XTX,34000,24,1855,2499,355,384,1080p,1.0,0.6176,420,9216,37.97,CPU,109
AMD Ryzen 5 5600,20000,6,12,3.5,4.4,35,65,NVIDIA RTX 4090,38000,24,2235,2520,450,384,1080p,1.0,0.5263,515,9216,44.47,CPU,102
AMD Ryzen 7 7700X,32000,8,16,4.5,5.4,40,105,NVIDIA RTX 3070,21000,8,1500,1730,220,256,4K,2.5,1.5238,325,2048,54.71,CPU,23
Intel Core i9-14900K,41000,24,32,3.2,6.0,36,125,NVIDIA RTX 4060 Ti,20000,8,2310,2535,160,128,1080p,1.0,2.05,285,1024,51.92,GPU,57
AMD Ryzen 9 5950X,32000,16,32,3.4,4.9,72,105,NVIDIA RTX 4070,23000,12,1920,2475,200,192,1080p,1.0,1.3913,305,2304,26.25,GPU,78
Intel Core i7-14700K,37000,20,28,3.4,5.6,33,125,AMD RX 7900 XT,30000,20,1500,2394,315,320,1080p,1.0,1.2333,440,6400,19.65,GPU,101
Intel Core i9-12900K,35000,16,24,3.2,5.2,30,125,NVIDIA RTX 3060 Ti,19000,8,1410,1665,200,256,1440p,1.5,1.8421,325,2048,5.85,GPU,47
AMD Ryzen 7 5700X,24000,8,16,3.4,4.6,36,65,NVIDIA RTX 3070,21000,8,1500,1730,220,256,1080p,1.0,1.1429,285,2048,14.48,GPU,73
Intel Core i5-13400F,22000,10,16,2.5,4.6,20,65,NVIDIA RTX 4070 Ti SUPER,29000,16,2340,2610,285,256,1080p,1.0,0.7586,350,4096,21.41,CPU,95
AMD Ryzen 7 7700X,32000,8,16,4.5,5.4,40,105,NVIDIA RTX 3050,12000,8,1552,1777,130,128,1440p,1.5,2.6667,235,1024,37.28,GPU,25
AMD Ryzen 9 5900X,29000,12,24,3.7,4.8,70,105,NVIDIA RTX 4070 Ti SUPER,29000,16,2340,2610,285,256,4K,2.5,1.0,390,4096,67.87,CPU,27
AMD Ryzen 7 7700X,32000,8,16,4.5,5.4,40,105,AMD RX 7700 XT,21000,12,1700,2544,245,192,1080p,1.0,1.5238,350,2304,35.67,GPU,66
AMD Ryzen 9 5900X,29000,12,24,3.7,4.8,70,105,NVIDIA GT 1030,3000,2,1228,1468,30,64,1440p,1.5,9.6667,135,128,85.42,GPU,5
Intel Core i5-12400F,19000,6,12,2.5,4.4,18,65,NVIDIA RTX 3080,25000,10,1440,1710,320,320,1440p,1.5,0.76,385,3200,55.69,CPU,46
AMD Ryzen 3 4100,11000,4,8,3.8,4.0,6,65,AMD RX 6800 XT,24000,16,1825,2250,300,256,1080p,1.0,0.4583,365,4096,53.28,CPU,64
AMD Ryzen 5 7600,25000,6,12,3.8,5.1,38,65,NVIDIA RTX 4080,32000,16,2205,2505,320,256,1080p,1.0,0.7812,385,4096,23.25,CPU,114
Intel Core i7-12700K,30000,12,20,3.6,5.0,25,125,NVIDIA RTX 3070,21000,8,1500,1730,220,256,1080p,1.0,1.4286,345,2048,29.58,GPU,72
AMD Ryzen 5 5500,18000,6,12,3.6,4.2,19,65,NVIDIA RTX 4070,23000,12,1920,2475,200,192,1080p,1.0,0.7826,265,2304,26.49,CPU,79
Intel Core i5-14400F,24000,10,16,2.5,4.7,20,65,NVIDIA RTX 4060 Ti,20000,8,2310,2535,160,128,1440p,1.5,1.2,225,1024,28.62,CPU,46
AMD Ryzen 7 7800X3D,34000,8,16,4.2,5.0,104,120,AMD RX 6500 XT,8000,4,2310,2815,107,64,1440p,1.5,4.25,227,256,59.51,GPU,13
Intel Core i7-12700K,30000,12,20,3.6,5.0,25,125,NVIDIA RTX 4060,18000,8,1830,2460,115,128,1080p,1.0,1.6667,240,1024,40.51,GPU,53
Intel Core i7-14700K,37000,20,28,3.4,5.6,33,125,AMD RX 6600,14000,8,1626,2491,132,128,1080p,1.0,2.6429,257,1024,60.49,GPU,36
AMD Ryzen 7 7800X3D,34000,8,16,4.2,5.0,104,120,NVIDIA RTX 4060 Ti,20000,8,2310,2535,160,128,1080p,1.0,1.7,280,1024,40.73,GPU,57
AMD Ryzen 9 5900X,29000,12,24,3.7,4.8,70,105,NVIDIA RTX 3050,12000,8,1552,1777,130,128,1440p,1.5,2.4167,235,1024,28.19,GPU,25
Intel Core i7-13700K,35000,16,24,3.4,5.4,30,125,NVIDIA GT 1030,3000,2,1228,1468,30,64,4K,2.5,11.6667,155,128,72.01,GPU,5
Intel Core i5-14400F,24000,10,16,2.5,4.7,20,65,NVIDIA RTX 4070 Ti,27000,12,2310,2610,285,192,4K,2.5,0.8889,350,2304,72.4,CPU,24
AMD Ryzen 7 7700X,32000,8,16,4.5,5.4,40,105,NVIDIA RTX 3090,27000,24,1395,1695,350,384,1080p,1.0,1.1852,455,9216,13.79,GPU,93
AMD Ryzen 3 4100,11000,4,8,3.8,4.0,6,65,NVIDIA RTX 4060,18000,8,1830,2460,115,128,4K,2.5,0.6111,180,1024,80.62,CPU,15
Intel Core i3-12100F,13000,4,8,3.3,4.3,12,58,NVIDIA RTX 4080 SUPER,33000,16,2295,2550,320,256,1440p,1.5,0.3939,378,4096,75.4,CPU,50
Intel Core i7-14700K,37000,20,28,3.4,5.6,33,125,NVIDIA RTX 3060,16000,12,1320,1777,170,192,4K,2.5,2.3125,295,2304,30.65,CPU,20
Intel Core i5-10400F,14000,6,12,2.9,4.3,12,65,AMD RX 7900 XTX,34000,24,1855,2499,355,384,1440p,1.5,0.4118,420,9216,75.38,CPU,47
AMD Ryzen 7 7800X3D,34000,8,16,4.2,5.0,104,120,AMD RX 6600,14000,8,1626,2491,132,128,1080p,1.0,2.4286,252,1024,61.18,GPU,36
Intel Core i5-13400F,22000,10,16,2.5,4.6,20,65,AMD RX 6700 XT,18000,12,2321,2581,230,192,4K,2.5,1.2222,295,2304,61.6,CPU,19
Intel Core i5-13400F,22000,10,16,2.5,4.6,20,65,NVIDIA GT 1030,3000,2,1228,1468,30,64,1080p,1.0,7.3333,95,128,81.58,GPU,6
Intel Core i9-12900K,35000,16,24,3.2,5.2,30,125,NVIDIA RTX 4070 Ti,27000,12,2310,2610,285,192,1080p,1.0,1.2963,410,2304,23.97,GPU,97
Intel Core i3-12100F,13000,4,8,3.3,4.3,12,58,NVIDIA RTX 3090,27000,24,1395,1695,350,384,1080p,1.0,0.4815,408,9216,49.42,CPU,74
Intel Core i5-13600K,28000,14,20,3.5,5.1,24,125,NVIDIA RTX 3070,21000,8,1500,1730,220,256,1440p,1.5,1.3333,345,2048,24.88,CPU,49
Intel Core i5-12600K,25000,10,16,3.7,4.9,20,125,AMD RX 7900 XT,30000,20,1500,2394,315,320,4K,2.5,0.8333,440,6400,74.36,CPU,28
Intel Core i9-12900K,35000,16,24,3.2,5.2,30,125,NVIDIA RTX 4070 SUPER,26000,12,1980,2475,220,192,4K,2.5,1.3462,345,2304,58.55,CPU,25
Intel Core i7-13700K,35000,16,24,3.4,5.4,30,125,NVIDIA RTX 4070,23000,12,1920,2475,200,192,4K,2.5,1.5217,325,2304,54.46,CPU,26
Intel Core i5-14600K,30000,14,20,3.5,5.3,24,125,AMD RX 6800 XT,24000,16,1825,2250,300,256,1080p,1.0,1.25,425,4096,22.53,GPU,80
AMD Ryzen 9 5900X,29000,12,24,3.7,4.8,70,105,AMD RX 7800 XT,24000,16,1295,2430,263,256,1080p,1.0,1.2083,368,4096,15.68,GPU,88
AMD Ryzen 5 5600,20000,6,12,3.5,4.4,35,65,AMD RX 6500 XT,8000,4,2310,2815,107,64,1440p,1.5,2.5,172,256,33.18,GPU,17
Intel Core i5-12400F,19000,6,12,2.5,4.4,18,65,NVIDIA GT 1030,3000,2,1228,1468,30,64,1440p,1.5,6.3333,95,128,72.81,GPU,5
Intel Core i5-10400F,14000,6,12,2.9,4.3,12,65,AMD RX 6600,14000,8,1626,2491,132,128,1080p,1.0,1.0,197,1024,0,BALANCED,59
Intel Core i3-12100F,13000,4,8,3.3,4.3,12,58,AMD RX 6600,14000,8,1626,2491,132,128,4K,2.5,0.9286,190,1024,70.41,CPU,13
Intel Core i5-10400F,14000,6,12,2.9,4.3,12,65,NVIDIA RTX 4070 SUPER,26000,12,1980,2475,220,192,1440p,1.5,0.5385,285,2304,65.67,CPU,41
Intel Core i9-12900K,35000,16,24,3.2,5.2,30,125,NVIDIA RTX 4080,32000,16,2205,2505,320,256,1080p,1.0,1.0938,445,4096,8.29,GPU,121
AMD Ryzen 9 5900X,29000,12,24,3.7,4.8,70,105,AMD RX 6800 XT,24000,16,1825,2250,300,256,4K,2.5,1.2083,405,4096,66.47,CPU,25
Intel Core i5-10400F,14000,6,12,2.9,4.3,12,65,AMD RX 6500 XT,8000,4,2310,2815,107,64,1440p,1.5,1.75,172,256,0,BALANCED,23
AMD Ryzen 7 7800X3D,34000,8,16,4.2,5.0,104,120,AMD RX 6600,14000,8,1626,2491,132,128,1440p,1.5,2.4286,252,1024,29.83,GPU,29
Intel Core i5-14600K,30000,14,20,3.5,5.3,24,125,AMD RX 6500 XT,8000,4,2310,2815,107,64,4K,2.5,3.75,232,256,12.79,GPU,12
AMD Ryzen 9 7900X,38000,12,24,4.7,5.6,76,170,AMD RX 6500 XT,8000,4,2310,2815,107,64,1440p,1.5,4.75,277,256,62.32,GPU,12
AMD Ryzen 5 7600,25000,6,12,3.8,5.1,38,65,NVIDIA GTX 1660 SUPER,10000,6,1530,1785,125,192,1440p,1.5,2.5,190,1152,29.76,GPU,22
AMD Ryzen 9 7900X,38000,12,24,4.7,5.6,76,170,NVIDIA RTX 4070 SUPER,26000,12,1980,2475,220,192,1440p,1.5,1.4615,390,2304,13.65,CPU,64
Intel Core i5-14600K,30000,14,20,3.5,5.3,24,125,NVIDIA RTX 4080,32000,16,2205,2505,320,256,4K,2.5,0.9375,445,4096,70.47,CPU,30
Intel Core i9-12900K,35000,16,24,3.2,5.2,30,125,AMD RX 7700 XT,21000,12,1700,2544,245,192,4K,2.5,1.6667,370,2304,47.22,CPU,24
AMD Ryzen 9 7950X,42000,16,32,4.5,5.7,80,170,AMD RX 7800 XT,24000,16,1295,2430,263,256,1440p,1.5,1.75,433,4096,2.24,BALANCED,62
AMD Ryzen 9 7950X,42000,16,32,4.5,5.7,80,170,AMD RX 7800 XT,24000,16,1295,2430,263,256,4K,2.5,1.75,433,4096,45.89,CPU,29
AMD Ryzen 5 5600X,21000,6,12,3.7,4.6,35,65,NVIDIA RTX 3050,12000,8,1552,1777,130,128,1440p,1.5,1.75,195,1024,3.13,BALANCED,35
AMD Ryzen 3 4100,11000,4,8,3.8,4.0,6,65,NVIDIA RTX 4080 SUPER,33000,16,2295,2550,320,256,1080p,1.0,0.3333,385,4096,68.75,CPU,81
Intel Core i5-12400F,19000,6,12,2.5,4.4,18,65,AMD RX 6500 XT,8000,4,2310,2815,107,64,1440p,1.5,2.375,172,256,29.28,GPU,18
Intel Core i5-13400F,22000,10,16,2.5,4.6,20,65,AMD RX 7700 XT,21000,12,1700,2544,245,192,1440p,1.5,1.0476,310,2304,40.04,CPU,44
Intel Core i5-14400F,24000,10,16,2.5,4.7,20,65,NVIDIA GTX 1660 SUPER,10000,6,1530,1785,125,192,1080p,1.0,2.4,190,1152,58.28,GPU,26
AMD Ryzen 7 5700X,24000,8,16,3.4,4.6,36,65,NVIDIA RTX 4070 Ti SUPER,29000,16,2340,2610,285,256,4K,2.5,0.8276,350,4096,75.26,CPU,25
Intel Core i3-12100F,13000,4,8,3.3,4.3,12,58,NVIDIA GTX 1650,7000,4,1485,1665,75,128,4K,2.5,1.8571,133,512,39.08,CPU,8
AMD Ryzen 9 5950X,32000,16,32,3.4,4.9,72,105,NVIDIA RTX 4070,23000,12,1920,2475,200,192,4K,2.5,1.3913,305,2304,58.67,CPU,24
Intel Core i3-13100F,14000,4,8,3.4,4.5,12,58,AMD RX 7900 XT,30000,20,1500,2394,315,320,4K,2.5,0.4667,373,6400,88.31,CPU,23
Intel Core i5-13400F,22000,10,16,2.5,4.6,20,65,NVIDIA RTX 4080 SUPER,33000,16,2295,2550,320,256,1080p,1.0,0.6667,385,4096,32.77,CPU,111
AMD Ryzen 7 5700X,24000,8,16,3.4,4.6,36,65,AMD RX 6500 XT,8000,4,2310,2815,107,64,4K,2.5,3.0,172,256,6.94,CPU,13
AMD Ryzen 7 7800X3D,34000,8,16,4.2,5.0,104,120,NVIDIA RTX 4070 Ti,27000,12,2310,2610,285,192,1080p,1.0,1.2593,405,2304,20.17,GPU,99
Intel Core i3-13100F,14000,4,8,3.4,4.5,12,58,NVIDIA RTX 4090,38000,24,2235,2520,450,384,1440p,1.5,0.3684,508,9216,77.24,CPU,57
Intel Core i5-10400F,14000,6,12,2.9,4.3,12,65,NVIDIA RTX 4080,32000,16,2205,2505,320,256,1080p,1.0,0.4375,385,4096,54.65,CPU,84
Intel Core i9-12900K,35000,16,24,3.2,5.2,30,125,NVIDIA RTX 4070 Ti,27000,12,2310,2610,285,192,1440p,1.5,1.2963,410,2304,23.26,CPU,63
AMD Ryzen 5 7600X,27000,6,12,4.7,5.3,38,105,AMD RX 7900 XTX,34000,24,1855,2499,355,384,4K,2.5,0.7941,460,9216,74.82,CPU,32
Intel Core i9-13900K,40000,24,32,3.0,5.8,36,125,NVIDIA RTX 4070,23000,12,1920,2475,200,192,4K,2.5,1.7391,325,2304,49.61,CPU,27
AMD Ryzen 5 7600X,27000,6,12,4.7,5.3,38,105,NVIDIA RTX 4070 Ti SUPER,29000,16,2340,2610,285,256,1080p,1.0,0.931,390,4096,7.89,CPU,116
AMD Ryzen 5 5500,18000,6,12,3.6,4.2,19,65,AMD RX 6700 XT,18000,12,2321,2581,230,192,1440p,1.5,1.0,295,2304,38.9,CPU,36
Intel Core i3-12100F,13000,4,8,3.3,4.3,12,58,NVIDIA RTX 4060,18000,8,1830,2460,115,128,1080p,1.0,0.7222,173,1024,23.16,CPU,60
Intel Core i7-13700K,35000,16,24,3.4,5.4,30,125,NVIDIA RTX 4070 SUPER,26000,12,1980,2475,220,192,1440p,1.5,1.3462,345,2304,22.46,CPU,57
Intel Core i5-12400F,19000,6,12,2.5,4.4,18,65,AMD RX 6500 XT,8000,4,2310,2815,107,64,4K,2.5,2.375,172,256,26.34,CPU,10
AMD Ryzen 7 5800X,26000,8,16,3.8,4.7,36,105,NVIDIA RTX 3070,21000,8,1500,1730,220,256,1440p,1.5,1.2381,325,2048,25.78,CPU,45
Intel Core i5-14600K,30000,14,20,3.5,5.3,24,125,AMD RX 7700 XT,21000,12,1700,2544,245,192,1440p,1.5,1.4286,370,2304,15.88,CPU,52
AMD Ryzen 9 5900X,29000,12,24,3.7,4.8,70,105,AMD RX 7600,16000,8,1720,2655,165,128,1440p,1.5,1.8125,270,1024,2.07,BALANCED,46
Intel Core i9-12900K,35000,16,24,3.2,5.2,30,125,AMD RX 580,9000,8,1257,1340,185,256,1080p,1.0,3.8889,310,2048,76.13,GPU,19
AMD Ryzen 5 7600,25000,6,12,3.8,5.1,38,65,AMD RX 6500 XT,8000,4,2310,2815,107,64,1080p,1.0,3.125,172,256,67.24,GPU,18
Intel Core i9-12900K,35000,16,24,3.2,5.2,30,125,NVIDIA GT 1030,3000,2,1228,1468,30,64,1080p,1.0,11.6667,155,128,90.36,GPU,5
Intel Core i9-12900K,35000,16,24,3.2,5.2,30,125,NVIDIA RTX 3060,16000,12,1320,1777,170,192,1440p,1.5,2.1875,295,2304,21.63,GPU,39
AMD Ryzen 7 7700X,32000,8,16,4.5,5.4,40,105,NVIDIA RTX 4070 Ti,27000,12,2310,2610,285,192,4K,2.5,1.1852,390,2304,60.97,CPU,28
AMD Ryzen 3 4100,11000,4,8,3.8,4.0,6,65,AMD RX 7600,16000,8,1720,2655,165,128,4K,2.5,0.6875,230,1024,75.85,CPU,13
Intel Core i5-13600K,28000,14,20,3.5,5.1,24,125,AMD RX 7900 XTX,34000,24,1855,2499,355,384,1080p,1.0,0.8235,480,9216,16.96,CPU,122
Intel Core i7-13700K,35000,16,24,3.4,5.4,30,125,NVIDIA RTX 3080,25000,10,1440,1710,320,320,1080p,1.0,1.4,445,3200,27.84,GPU,82
AMD Ryzen 3 4100,11000,4,8,3.8,4.0,6,65,NVIDIA GT 1030,3000,2,1228,1468,30,64,4K,2.5,3.6667,95,128,12.18,GPU,5
Intel Core i3-13100F,14000,4,8,3.4,4.5,12,58,AMD RX 7900 XT,30000,20,1500,2394,315,320,1440p,1.5,0.4667,373,6400,70.92,CPU,47
Intel Core i5-13600K,28000,14,20,3.5,5.1,24,125,AMD RX 6600,14000,8,1626,2491,132,128,1080p,1.0,2.0,257,1024,47.1,GPU,38
AMD Ryzen 7 5800X,26000,8,16,3.8,4.7,36,105,NVIDIA RTX 3090,27000,24,1395,1695,350,384,4K,2.5,0.963,455,9216,68.31,CPU,23
AMD Ryzen 7 7800X3D,34000,8,16,4.2,5.0,104,120,AMD RX 7900 XT,30000,20,1500,2394,315,320,1080p,1.0,1.1333,435,6400,12.26,GPU,109
Intel Core i7-14700K,37000,20,28,3.4,5.6,33,125,NVIDIA GTX 1650,7000,4,1485,1665,75,128,4K,2.5,5.2857,200,512,35.7,GPU,8
Intel Core i5-13600K,28000,14,20,3.5,5.1,24,125,NVIDIA RTX 4070,23000,12,1920,2475,200,192,1080p,1.0,1.2174,325,2304,19.05,GPU,79
Intel Core i3-12100F,13000,4,8,3.3,4.3,12,58,NVIDIA RTX 3060,16000,12,1320,1777,170,192,1080p,1.0,0.8125,228,2304,17.21,CPU,60
AMD Ryzen 9 5950X,32000,16,32,3.4,4.9,72,105,AMD RX 7900 XT,30000,20,1500,2394,315,320,1080p,1.0,1.0667,420,6400,0,BALANCED,116
AMD Ryzen 5 5500,18000,6,12,3.6,4.2,19,65,NVIDIA RTX 3060 Ti,19000,8,1410,1665,200,256,1440p,1.5,0.9474,265,2048,43.95,CPU,37
Intel Core i5-10400F,14000,6,12,2.9,4.3,12,65,AMD RX 6900 XT,26000,16,1825,2250,300,256,1080p,1.0,0.5385,365,4096,49.08,CPU,71
AMD Ryzen 9 5950X,32000,16,32,3.4,4.9,72,105,AMD RX 6500 XT,8000,4,2310,2815,107,64,1440p,1.5,4.0,212,256,56.06,GPU,14
AMD Ryzen 9 5900X,29000,12,24,3.7,4.8,70,105,NVIDIA RTX 3050,12000,8,1552,1777,130,128,4K,2.5,2.4167,235,1024,25.97,CPU,17
Intel Core i5-13400F,22000,10,16,2.5,4.6,20,65,NVIDIA GTX 1650,7000,4,1485,1665,75,128,1440p,1.5,3.1429,140,512,48.19,GPU,14
Intel Core i5-12400F,19000,6,12,2.5,4.4,18,65,AMD RX 7900 XT,30000,20,1500,2394,315,320,4K,2.5,0.6333,380,6400,80.3,CPU,25
Intel Core i3-13100F,14000,4,8,3.4,4.5,12,58,AMD RX 6800 XT,24000,16,1825,2250,300,256,1080p,1.0,0.5833,358,4096,41.89,CPU,67
AMD Ryzen 5 7600,25000,6,12,3.8,5.1,38,65,AMD RX 7800 XT,24000,16,1295,2430,263,256,1440p,1.5,1.0417,328,4096,39.47,CPU,50
Intel Core i7-14700K,37000,20,28,3.4,5.6,33,125,NVIDIA RTX 3060 Ti,19000,8,1410,1665,200,256,4K,2.5,1.9474,325,2048,40.72,CPU,23
Intel Core i9-13900K,40000,24,32,3.0,5.8,36,125,AMD RX 7700 XT,21000,12,1700,2544,245,192,1440p,1.5,1.9048,370,2304,10.99,GPU,51
Intel Core i5-12400F,19000,6,12,2.5,4.4,18,65,NVIDIA RTX 4080,32000,16,2205,2505,320,256,1080p,1.0,0.5938,385,4096,41.89,CPU,91
AMD Ryzen 7 5800X,26000,8,16,3.8,4.7,36,105,NVIDIA RTX 3080,25000,10,1440,1710,320,320,1080p,1.0,1.04,425,3200,1.14,BALANCED,98
AMD Ryzen 7 5800X,26000,8,16,3.8,4.7,36,105,NVIDIA RTX 4080,32000,16,2205,2505,320,256,1440p,1.5,0.8125,425,4096,52.92,CPU,62
Intel Core i3-10100F,10000,4,8,3.6,4.3,6,65,AMD RX 6900 XT,26000,16,1825,2250,300,256,4K,2.5,0.3846,365,4096,88.62,CPU,20
AMD Ryzen 7 7800X3D,34000,8,16,4.2,5.0,104,120,NVIDIA RTX 4070 SUPER,26000,12,1980,2475,220,192,1440p,1.5,1.3077,340,2304,25.1,CPU,62
AMD Ryzen 9 7900X,38000,12,24,4.7,5.6,76,170,AMD RX 7700 XT,21000,12,1700,2544,245,192,4K,2.5,1.8095,415,2304,45.19,CPU,24
Intel Core i3-12100F,13000,4,8,3.3,4.3,12,58,NVIDIA GT 1030,3000,2,1228,1468,30,64,1080p,1.0,4.3333,88,128,75.77,GPU,6
Intel Core i5-14400F,24000,10,16,2.5,4.7,20,65,NVIDIA GT 1030,3000,2,1228,1468,30,64,4K,2.5,8.0,95,128,56.31,GPU,5
AMD Ryzen 7 7800X3D,34000,8,16,4.2,5.0,104,120,NVIDIA RTX 4070 Ti,27000,12,2310,2610,285,192,1440p,1.5,1.2593,405,2304,28.77,CPU,56
Intel Core i3-12100F,13000,4,8,3.3,4.3,12,58,NVIDIA RTX 3050,12000,8,1552,1777,130,128,1080p,1.0,1.0833,188,1024,10.72,GPU,49
AMD Ryzen 7 7700X,32000,8,16,4.5,5.4,40,105,NVIDIA RTX 3060,16000,12,1320,1777,170,192,1080p,1.0,2.0,275,2304,51.9,GPU,47
Intel Core i9-14900K,41000,24,32,3.2,6.0,36,125,NVIDIA RTX 3090,27000,24,1395,1695,350,384,4K,2.5,1.5185,475,9216,51.33,CPU,31
Intel Core i3-10100F,10000,4,8,3.6,4.3,6,65,AMD RX 6800 XT,24000,16,1825,2250,300,256,1080p,1.0,0.4167,365,4096,61.2,CPU,61
AMD Ryzen 7 5800X,26000,8,16,3.8,4.7,36,105,NVIDIA RTX 3060 Ti,19000,8,1410,1665,200,256,4K,2.5,1.3684,305,2048,58.29,CPU,19
AMD Ryzen 7 5700X,24000,8,16,3.4,4.6,36,65,NVIDIA RTX 4060,18000,8,1830,2460,115,128,1080p,1.0,1.3333,180,1024,26.85,GPU,62
AMD Ryzen 9 5950X,32000,16,32,3.4,4.9,72,105,NVIDIA RTX 3090,27000,24,1395,1695,350,384,1080p,1.0,1.1852,455,9216,13.17,GPU,105
AMD Ryzen 9 5950X,32000,16,32,3.4,4.9,72,105,AMD RX 7800 XT,24000,16,1295,2430,263,256,1080p,1.0,1.3333,368,4096,25.28,GPU,79
AMD Ryzen 9 5900X,29000,12,24,3.7,4.8,70,105,NVIDIA GTX 1650,7000,4,1485,1665,75,128,1080p,1.0,4.1429,180,512,76.58,GPU,15
AMD Ryzen 5 7600X,27000,6,12,4.7,5.3,38,105,NVIDIA GTX 1660 SUPER,10000,6,1530,1785,125,192,4K,2.5,2.7,230,1152,18.04,CPU,15
Intel Core i5-13600K,28000,14,20,3.5,5.1,24,125,AMD RX 6900 XT,26000,16,1825,2250,300,256,1080p,1.0,1.0769,425,4096,0,BALANCED,112
Intel Core i5-13400F,22000,10,16,2.5,4.6,20,65,NVIDIA RTX 4080,32000,16,2205,2505,320,256,1080p,1.0,0.6875,385,4096,30.66,CPU,108
AMD Ryzen 5 5600,20000,6,12,3.5,4.4,35,65,AMD RX 7900 XT,30000,20,1500,2394,315,320,1440p,1.5,0.6667,380,6400,64.35,CPU,53
Intel Core i5-12400F,19000,6,12,2.5,4.4,18,65,NVIDIA RTX 4080,32000,16,2205,2505,320,256,1440p,1.5,0.5938,385,4096,67.26,CPU,51
Intel Core i7-14700K,37000,20,28,3.4,5.6,33,125,AMD RX 7900 XTX,34000,24,1855,2499,355,384,1440p,1.5,1.0882,480,9216,33.59,CPU,67
Intel Core i3-10100F,10000,4,8,3.6,4.3,6,65,NVIDIA GTX 1650,7000,4,1485,1665,75,128,4K,2.5,1.4286,140,512,59.04,CPU,8
AMD Ryzen 5 5600X,21000,6,12,3.7,4.6,35,65,NVIDIA RTX 3050,12000,8,1552,1777,130,128,4K,2.5,1.75,195,1024,44.26,CPU,13
Intel Core i9-12900K,35000,16,24,3.2,5.2,30,125,NVIDIA RTX 3090,27000,24,1395,1695,350,384,1080p,1.0,1.2963,475,9216,24.23,GPU,94
AMD Ryzen 7 7700X,32000,8,16,4.5,5.4,40,105,NVIDIA GTX 1650,7000,4,1485,1665,75,128,1440p,1.5,4.5714,180,512,65.32,GPU,12
AMD Ryzen 9 7950X,42000,16,32,4.5,5.7,80,170,NVIDIA RTX 3060,16000,12,1320,1777,170,192,4K,2.5,2.625,340,2304,16.18,CPU,22
Intel Core i5-14400F,24000,10,16,2.5,4.7,20,65,NVIDIA RTX 4070 SUPER,26000,12,1980,2475,220,192,4K,2.5,0.9231,285,2304,74.83,CPU,23
AMD Ryzen 5 7600,25000,6,12,3.8,5.1,38,65,NVIDIA RTX 4070 SUPER,26000,12,1980,2475,220,192,1080p,1.0,0.9615,285,2304,3.1,BALANCED,107
AMD Ryzen 5 5500,18000,6,12,3.6,4.2,19,65,AMD RX 6900 XT,26000,16,1825,2250,300,256,1440p,1.5,0.6923,365,4096,60.2,CPU,46
AMD Ryzen 5 5500,18000,6,12,3.6,4.2,19,65,AMD RX 6900 XT,26000,16,1825,2250,300,256,1080p,1.0,0.6923,365,4096,28.41,CPU,86
Intel Core i9-12900K,35000,16,24,3.2,5.2,30,125,NVIDIA RTX 4070 SUPER,26000,12,1980,2475,220,192,1440p,1.5,1.3462,345,2304,17.2,CPU,64
AMD Ryzen 7 7700X,32000,8,16,4.5,5.4,40,105,NVIDIA RTX 3060 Ti,19000,8,1410,1665,200,256,4K,2.5,1.6842,305,2048,47.15,CPU,22
AMD Ryzen 5 7600,25000,6,12,3.8,5.1,38,65,NVIDIA RTX 3090,27000,24,1395,1695,350,384,4K,2.5,0.9259,415,9216,75.49,CPU,25
Intel Core i7-13700K,35000,16,24,3.4,5.4,30,125,AMD RX 7900 XT,30000,20,1500,2394,315,320,4K,2.5,1.1667,440,6400,64.92,CPU,31
AMD Ryzen 9 7950X,42000,16,32,4.5,5.7,80,170,NVIDIA RTX 3080,25000,10,1440,1710,320,320,1440p,1.5,1.68,490,3200,0,BALANCED,67
Intel Core i9-12900K,35000,16,24,3.2,5.2,30,125,NVIDIA RTX 4080 SUPER,33000,16,2295,2550,320,256,1440p,1.5,1.0606,445,4096,35.44,CPU,70
Intel Core i5-12600K,25000,10,16,3.7,4.9,20,125,NVIDIA RTX 3060 Ti,19000,8,1410,1665,200,256,4K,2.5,1.3158,325,2048,57.28,CPU,20
AMD Ryzen 5 5500,18000,6,12,3.6,4.2,19,65,AMD RX 7900 XT,30000,20,1500,2394,315,320,1440p,1.5,0.6,380,6400,68.58,CPU,50
AMD Ryzen 7 7800X3D,34000,8,16,4.2,5.0,104,120,AMD RX 6700 XT,18000,12,2321,2581,230,192,1080p,1.0,1.8889,350,2304,45.17,GPU,51
Intel Core i7-14700K,37000,20,28,3.4,5.6,33,125,NVIDIA RTX 3060,16000,12,1320,1777,170,192,1080p,1.0,2.3125,295,2304,57.59,GPU,40
Intel Core i5-13600K,28000,14,20,3.5,5.1,24,125,NVIDIA GT 1030,3000,2,1228,1468,30,64,1440p,1.5,9.3333,155,128,82.35,GPU,5
Intel Core i5-13400F,22000,10,16,2.5,4.6,20,65,NVIDIA RTX 4070 Ti SUPER,29000,16,2340,2610,285,256,1440p,1.5,0.7586,350,4096,54.57,CPU,48
AMD Ryzen 9 7950X,42000,16,32,4.5,5.7,80,170,AMD RX 6900 XT,26000,16,1825,2250,300,256,1080p,1.0,1.6154,470,4096,36.72,GPU,80
AMD Ryzen 9 7950X,42000,16,32,4.5,5.7,80,170,NVIDIA RTX 3050,12000,8,1552,1777,130,128,4K,2.5,3.5,300,1024,4.98,BALANCED,20
AMD Ryzen 5 5600X,21000,6,12,3.7,4.6,35,65,NVIDIA RTX 4070 Ti,27000,12,2310,2610,285,192,1080p,1.0,0.7778,350,2304,22.34,CPU,98
AMD Ryzen 7 5800X,26000,8,16,3.8,4.7,36,105,AMD RX 7900 XTX,34000,24,1855,2499,355,384,4K,2.5,0.7647,460,9216,76.44,CPU,28
AMD Ryzen 7 5800X,26000,8,16,3.8,4.7,36,105,NVIDIA RTX 3070,21000,8,1500,1730,220,256,1080p,1.0,1.2381,325,2048,17.11,GPU,74
Intel Core i7-12700K,30000,12,20,3.6,5.0,25,125,NVIDIA RTX 4070 Ti,27000,12,2310,2610,285,192,1440p,1.5,1.1111,410,2304,33.71,CPU,53
AMD Ryzen 5 5600,20000,6,12,3.5,4.4,35,65,AMD RX 6600,14000,8,1626,2491,132,128,4K,2.5,1.4286,197,1024,55.42,CPU,14
Intel Core i5-13600K,28000,14,20,3.5,5.1,24,125,NVIDIA RTX 3080,25000,10,1440,1710,320,320,1440p,1.5,1.12,445,3200,33.09,CPU,56
AMD Ryzen 5 5600,20000,6,12,3.5,4.4,35,65,NVIDIA RTX 3070,21000,8,1500,1730,220,256,1080p,1.0,0.9524,285,2048,0.36,BALANCED,88
Intel Core i5-13400F,22000,10,16,2.5,4.6,20,65,NVIDIA RTX 4070 Ti,27000,12,2310,2610,285,192,4K,2.5,0.8148,350,2304,77.78,CPU,22
Intel Core i9-12900K,35000,16,24,3.2,5.2,30,125,AMD RX 7600,16000,8,1720,2655,165,128,1440p,1.5,2.1875,290,1024,23.15,GPU,35
AMD Ryzen 5 5600,20000,6,12,3.5,4.4,35,65,NVIDIA RTX 4080,32000,16,2205,2505,320,256,4K,2.5,0.625,385,4096,79.93,CPU,25
AMD Ryzen 7 5800X,26000,8,16,3.8,4.7,36,105,NVIDIA RTX 4070 Ti,27000,12,2310,2610,285,192,1440p,1.5,0.963,390,2304,44.45,CPU,54
AMD Ryzen 7 7700X,32000,8,16,4.5,5.4,40,105,AMD RX 7600,16000,8,1720,2655,165,128,1440p,1.5,2.0,270,1024,14.52,GPU,42
AMD Ryzen 3 4100,11000,4,8,3.8,4.0,6,65,AMD RX 7700 XT,21000,12,1700,2544,245,192,4K,2.5,0.5238,310,2304,87.7,CPU,17
Intel Core i9-14900K,41000,24,32,3.2,6.0,36,125,AMD RX 580,9000,8,1257,1340,185,256,4K,2.5,4.5556,310,2048,27.75,GPU,13
AMD Ryzen 7 7700X,32000,8,16,4.5,5.4,40,105,NVIDIA RTX 4080 SUPER,33000,16,2295,2550,320,256,1080p,1.0,0.9697,425,4096,1.39,BALANCED,133
Intel Core i5-13400F,22000,10,16,2.5,4.6,20,65,NVIDIA RTX 4070,23000,12,1920,2475,200,192,4K,2.5,0.9565,265,2304,71.53,CPU,21
Intel Core i3-12100F,13000,4,8,3.3,4.3,12,58,NVIDIA RTX 3060 Ti,19000,8,1410,1665,200,256,4K,2.5,0.6842,258,2048,81.51,CPU,17
AMD Ryzen 7 7700X,32000,8,16,4.5,5.4,40,105,AMD RX 7900 XTX,34000,24,1855,2499,355,384,4K,2.5,0.9412,460,9216,72.5,CPU,31
AMD Ryzen 9 5900X,29000,12,24,3.7,4.8,70,105,NVIDIA RTX 4060,18000,8,1830,2460,115,128,4K,2.5,1.6111,220,1024,50.44,CPU,19
Intel Core i7-14700K,37000,20,28,3.4,5.6,33,125,NVIDIA RTX 4070 Ti SUPER,29000,16,2340,2610,285,256,1080p,1.0,1.2759,410,4096,21.23,GPU,95
Intel Core i9-14900K,41000,24,32,3.2,6.0,36,125,NVIDIA RTX 4060,18000,8,1830,2460,115,128,1440p,1.5,2.2778,240,1024,26.54,GPU,42
AMD Ryzen 7 5800X,26000,8,16,3.8,4.7,36,105,NVIDIA RTX 4060 Ti,20000,8,2310,2535,160,128,1440p,1.5,1.3,265,1024,21.22,CPU,43
AMD Ryzen 7 5700X,24000,8,16,3.4,4.6,36,65,AMD RX 6800 XT,24000,16,1825,2250,300,256,1440p,1.5,1.0,365,4096,45.46,CPU,49
Intel Core i5-12400F,19000,6,12,2.5,4.4,18,65,NVIDIA RTX 4080,32000,16,2205,2505,320,256,4K,2.5,0.5938,385,4096,83.39,CPU,25
Intel Core i5-12400F,19000,6,12,2.5,4.4,18,65,NVIDIA RTX 3070,21000,8,1500,1730,220,256,4K,2.5,0.9048,285,2048,71.21,CPU,20
Intel Core i9-13900K,40000,24,32,3.0,5.8,36,125,AMD RX 6900 XT,26000,16,1825,2250,300,256,4K,2.5,1.5385,425,4096,50.25,CPU,29
Intel Core i9-14900K,41000,24,32,3.2,6.0,36,125,NVIDIA RTX 3080,25000,10,1440,1710,320,320,4K,2.5,1.64,445,3200,48.41,CPU,27
AMD Ryzen 5 7600,25000,6,12,3.8,5.1,38,65,AMD RX 7700 XT,21000,12,1700,2544,245,192,4K,2.5,1.1905,310,2304,63.76,CPU,21
Intel Core i3-10100F,10000,4,8,3.6,4.3,6,65,NVIDIA GT 1030,3000,2,1228,1468,30,64,1080p,1.0,3.3333,95,128,73.1,GPU,7
AMD Ryzen 7 5800X,26000,8,16,3.8,4.7,36,105,NVIDIA RTX 4070 Ti,27000,12,2310,2610,285,192,4K,2.5,0.963,390,2304,69.7,CPU,26
AMD Ryzen 9 7900X,38000,12,24,4.7,5.6,76,170,AMD RX 7900 XTX,34000,24,1855,2499,355,384,4K,2.5,1.1176,525,9216,61.75,CPU,31
Intel Core i5-12400F,19000,6,12,2.5,4.4,18,65,NVIDIA RTX 4060,18000,8,1830,2460,115,128,1440p,1.5,1.0556,180,1024,36.84,CPU,36
Intel Core i5-12400F,19000,6,12,2.5,4.4,18,65,AMD RX 6900 XT,26000,16,1825,2250,300,256,1440p,1.5,0.7308,365,4096,52.79,CPU,46
Intel Core i5-10400F,14000,6,12,2.9,4.3,12,65,NVIDIA RTX 3090,27000,24,1395,1695,350,384,4K,2.5,0.5185,415,9216,84.47,CPU,23
Intel Core i9-13900K,40000,24,32,3.0,5.8,36,125,NVIDIA RTX 3050,12000,8,1552,1777,130,128,1440p,1.5,3.3333,255,1024,49.03,GPU,24
Intel Core i5-12600K,25000,10,16,3.7,4.9,20,125,NVIDIA RTX 4070 Ti,27000,12,2310,2610,285,192,1440p,1.5,0.9259,410,2304,44.96,CPU,51
AMD Ryzen 7 5800X,26000,8,16,3.8,4.7,36,105,AMD RX 6900 XT,26000,16,1825,2250,300,256,1080p,1.0,1.0,405,4096,0,BALANCED,113
AMD Ryzen 7 5700X,24000,8,16,3.4,4.6,36,65,NVIDIA RTX 3060 Ti,19000,8,1410,1665,200,256,1080p,1.0,1.2632,265,2048,23.59,GPU,69
AMD Ryzen 5 5500,18000,6,12,3.6,4.2,19,65,NVIDIA RTX 4090,38000,24,2235,2520,450,384,1080p,1.0,0.4737,515,9216,50.05,CPU,110
AMD Ryzen 7 5700X,24000,8,16,3.4,4.6,36,65,NVIDIA RTX 4070 Ti,27000,12,2310,2610,285,192,4K,2.5,0.8889,350,2304,73.49,CPU,23
Intel Core i5-12400F,19000,6,12,2.5,4.4,18,65,NVIDIA RTX 3060,16000,12,1320,1777,170,192,1440p,1.5,1.1875,235,2304,30.33,CPU,37
Intel Core i5-12400F,19000,6,12,2.5,4.4,18,65,AMD RX 6900 XT,26000,16,1825,2250,300,256,4K,2.5,0.7308,365,4096,79.76,CPU,23
AMD Ryzen 9 7900X,38000,12,24,4.7,5.6,76,170,NVIDIA RTX 3050,12000,8,1552,1777,130,128,4K,2.5,3.1667,300,1024,1.11,BALANCED,21
AMD Ryzen 7 7700X,32000,8,16,4.5,5.4,40,105,AMD RX 6800 XT,24000,16,1825,2250,300,256,1440p,1.5,1.3333,405,4096,21.91,CPU,52
Intel Core i5-12600K,25000,10,16,3.7,4.9,20,125,AMD RX 6700 XT,18000,12,2321,2581,230,192,1080p,1.0,1.3889,355,2304,27.21,GPU,58
Intel Core i9-13900K,40000,24,32,3.0,5.8,36,125,AMD RX 7900 XTX,34000,24,1855,2499,355,384,1080p,1.0,1.1765,480,9216,12.81,GPU,118
Intel Core i9-12900K,35000,16,24,3.2,5.2,30,125,AMD RX 6600,14000,8,1626,2491,132,128,4K,2.5,2.5,257,1024,24.88,CPU,18
Intel Core i9-13900K,40000,24,32,3.0,5.8,36,125,NVIDIA GTX 1660 SUPER,10000,6,1530,1785,125,192,1080p,1.0,4.0,250,1152,76.2,GPU,23
Intel Core i5-13400F,22000,10,16,2.5,4.6,20,65,NVIDIA GTX 1660 SUPER,10000,6,1530,1785,125,192,1440p,1.5,2.2,190,1152,21.44,GPU,23
AMD Ryzen 7 7800X3D,34000,8,16,4.2,5.0,104,120,NVIDIA RTX 4070 Ti SUPER,29000,16,2340,2610,285,256,4K,2.5,1.1724,405,4096,64.4,CPU,28
AMD Ryzen 5 7600,25000,6,12,3.8,5.1,38,65,NVIDIA GT 1030,3000,2,1228,1468,30,64,1440p,1.5,8.3333,95,128,77.08,GPU,5
Intel Core i5-14600K,30000,14,20,3.5,5.3,24,125,AMD RX 6700 XT,18000,12,2321,2581,230,192,1440p,1.5,1.6667,355,2304,0,BALANCED,50
Intel Core i9-12900K,35000,16,24,3.2,5.2,30,125,AMD RX 7800 XT,24000,16,1295,2430,263,256,1440p,1.5,1.4583,388,4096,13.41,CPU,57
Intel Core i3-12100F,13000,4,8,3.3,4.3,12,58,AMD RX 7800 XT,24000,16,1295,2430,263,256,4K,2.5,0.5417,321,4096,85.52,CPU,20
AMD Ryzen 5 5600,20000,6,12,3.5,4.4,35,65,AMD RX 6800 XT,24000,16,1825,2250,300,256,1080p,1.0,0.8333,365,4096,18.31,CPU,88
Intel Core i9-14900K,41000,24,32,3.2,6.0,36,125,NVIDIA RTX 3070,21000,8,1500,1730,220,256,1440p,1.5,1.9524,345,2048,11.38,GPU,55
Intel Core i5-14600K,30000,14,20,3.5,5.3,24,125,NVIDIA RTX 4070 Ti,27000,12,2310,2610,285,192,1080p,1.0,1.1111,410,2304,8.54,GPU,107
AMD Ryzen 9 5950X,32000,16,32,3.4,4.9,72,105,NVIDIA RTX 3070,21000,8,1500,1730,220,256,1440p,1.5,1.5238,325,2048,8.09,CPU,53
AMD Ryzen 7 5800X,26000,8,16,3.8,4.7,36,105,NVIDIA RTX 4060,18000,8,1830,2460,115,128,4K,2.5,1.4444,220,1024,54.14,CPU,19
Intel Core i5-12600K,25000,10,16,3.7,4.9,20,125,NVIDIA RTX 3080,25000,10,1440,1710,320,320,4K,2.5,1.0,445,3200,68.26,CPU,22
Intel Core i3-10100F,10000,4,8,3.6,4.3,6,65,NVIDIA RTX 3060,16000,12,1320,1777,170,192,1440p,1.5,0.625,235,2304,61.54,CPU,26
AMD Ryzen 3 4100,11000,4,8,3.8,4.0,6,65,NVIDIA RTX 4070,23000,12,1920,2475,200,192,4K,2.5,0.4783,265,2304,83.7,CPU,19
AMD Ryzen 5 5600X,21000,6,12,3.7,4.6,35,65,AMD RX 7900 XT,30000,20,1500,2394,315,320,4K,2.5,0.7,380,6400,78.82,CPU,26
AMD Ryzen 5 5600,20000,6,12,3.5,4.4,35,65,AMD RX 6900 XT,26000,16,1825,2250,300,256,1440p,1.5,0.7692,365,4096,51.63,CPU,49
Intel Core i3-13100F,14000,4,8,3.4,4.5,12,58,AMD RX 6600,14000,8,1626,2491,132,128,4K,2.5,1.0,190,1024,67.4,CPU,13
AMD Ryzen 9 5900X,29000,12,24,3.7,4.8,70,105,NVIDIA RTX 3090,27000,24,1395,1695,350,384,4K,2.5,1.0741,455,9216,66.34,CPU,26
Intel Core i7-12700K,30000,12,20,3.6,5.0,25,125,NVIDIA RTX 4080,32000,16,2205,2505,320,256,4K,2.5,0.9375,445,4096,72.74,CPU,27
Intel Core i7-12700K,30000,12,20,3.6,5.0,25,125,NVIDIA RTX 4080 SUPER,33000,16,2295,2550,320,256,1440p,1.5,0.9091,445,4096,44.4,CPU,62
Intel Core i5-14600K,30000,14,20,3.5,5.3,24,125,NVIDIA RTX 4080 SUPER,33000,16,2295,2550,320,256,4K,2.5,0.9091,445,4096,69.63,CPU,29
AMD Ryzen 7 7800X3D,34000,8,16,4.2,5.0,104,120,AMD RX 7900 XTX,34000,24,1855,2499,355,384,1080p,1.0,1.0,475,9216,1.64,BALANCED,143
Intel Core i9-13900K,40000,24,32,3.0,5.8,36,125,AMD RX 6500 XT,8000,4,2310,2815,107,64,1080p,1.0,5.0,232,256,81.42,GPU,17
AMD Ryzen 5 5600,20000,6,12,3.5,4.4,35,65,NVIDIA RTX 3060 Ti,19000,8,1410,1665,200,256,1440p,1.5,1.0526,265,2048,37.13,CPU,39
AMD Ryzen 5 5600,20000,6,12,3.5,4.4,35,65,NVIDIA RTX 3060,16000,12,1320,1777,170,192,4K,2.5,1.25,235,2304,65.26,CPU,15
AMD Ryzen 7 7800X3D,34000,8,16,4.2,5.0,104,120,NVIDIA RTX 3090,27000,24,1395,1695,350,384,1080p,1.0,1.2593,470,9216,23.26,GPU,89
AMD Ryzen 5 5600,20000,6,12,3.5,4.4,35,65,AMD RX 7800 XT,24000,16,1295,2430,263,256,4K,2.5,0.8333,328,4096,78.44,CPU,21
Intel Core i5-13600K,28000,14,20,3.5,5.1,24,125,NVIDIA RTX 4070 Ti SUPER,29000,16,2340,2610,285,256,1440p,1.5,0.9655,410,4096,41.04,CPU,59
Intel Core i3-10100F,10000,4,8,3.6,4.3,6,65,AMD RX 7600,16000,8,1720,2655,165,128,1440p,1.5,0.625,230,1024,64.24,CPU,26
AMD Ryzen 7 7800X3D,34000,8,16,4.2,5.0,104,120,NVIDIA RTX 4060 Ti,20000,8,2310,2535,160,128,4K,2.5,1.7,280,1024,51.44,CPU,22
Intel Core i5-13400F,22000,10,16,2.5,4.6,20,65,NVIDIA RTX 4080,32000,16,2205,2505,320,256,1440p,1.5,0.6875,385,4096,62.74,CPU,54
Intel Core i5-10400F,14000,6,12,2.9,4.3,12,65,AMD RX 6900 XT,26000,16,1825,2250,300,256,4K,2.5,0.5385,365,4096,81.89,CPU,21
AMD Ryzen 5 5600X,21000,6,12,3.7,4.6,35,65,AMD RX 6900 XT,26000,16,1825,2250,300,256,4K,2.5,0.8077,365,4096,77.62,CPU,22
AMD Ryzen 7 5700X,24000,8,16,3.4,4.6,36,65,AMD RX 6700 XT,18000,12,2321,2581,230,192,1440p,1.5,1.3333,295,2304,24.2,CPU,42
Intel Core i5-12400F,19000,6,12,2.5,4.4,18,65,AMD RX 7600,16000,8,1720,2655,165,128,4K,2.5,1.1875,230,1024,63.24,CPU,17
AMD Ryzen 7 5800X,26000,8,16,3.8,4.7,36,105,AMD RX 7600,16000,8,1720,2655,165,128,1440p,1.5,1.625,270,1024,4.64,BALANCED,43
Intel Core i9-14900K,41000,24,32,3.2,6.0,36,125,NVIDIA RTX 4090,38000,24,2235,2520,450,384,1080p,1.0,1.0789,575,9216,4.61,BALANCED,155
AMD Ryzen 7 7800X3D,34000,8,16,4.2,5.0,104,120,AMD RX 7700 XT,21000,12,1700,2544,245,192,4K,2.5,1.619,365,2304,52.13,CPU,22
AMD Ryzen 5 5600,20000,6,12,3.5,4.4,35,65,NVIDIA RTX 3050,12000,8,1552,1777,130,128,1440p,1.5,1.6667,195,1024,2.09,BALANCED,32
Intel Core i7-14700K,37000,20,28,3.4,5.6,33,125,AMD RX 6700 XT,18000,12,2321,2581,230,192,4K,2.5,2.0556,355,2304,39.86,CPU,21
AMD Ryzen 7 5800X,26000,8,16,3.8,4.7,36,105,AMD RX 7900 XTX,34000,24,1855,2499,355,384,1440p,1.5,0.7647,460,9216,54.17,CPU,64
Intel Core i7-14700K,37000,20,28,3.4,5.6,33,125,AMD RX 7900 XT,30000,20,1500,2394,315,320,4K,2.5,1.2333,440,6400,59.44,CPU,29
Intel Core i7-12700K,30000,12,20,3.6,5.0,25,125,NVIDIA RTX 4090,38000,24,2235,2520,450,384,1440p,1.5,0.7895,575,9216,53.0,CPU,64
AMD Ryzen 9 7950X,42000,16,32,4.5,5.7,80,170,AMD RX 7900 XT,30000,20,1500,2394,315,320,1440p,1.5,1.4,485,6400,18.65,CPU,67
Intel Core i5-10400F,14000,6,12,2.9,4.3,12,65,AMD RX 7700 XT,21000,12,1700,2544,245,192,1440p,1.5,0.6667,310,2304,62.95,CPU,35
AMD Ryzen 7 7800X3D,34000,8,16,4.2,5.0,104,120,NVIDIA GTX 1650,7000,4,1485,1665,75,128,1440p,1.5,4.8571,195,512,64.76,GPU,12
Intel Core i7-12700K,30000,12,20,3.6,5.0,25,125,NVIDIA RTX 3080,25000,10,1440,1710,320,320,1080p,1.0,1.2,445,3200,18.08,GPU,90
AMD Ryzen 7 7800X3D,34000,8,16,4.2,5.0,104,120,NVIDIA RTX 4070 Ti SUPER,29000,16,2340,2610,285,256,1080p,1.0,1.1724,405,4096,16.91,GPU,107
Intel Core i5-12400F,19000,6,12,2.5,4.4,18,65,NVIDIA RTX 4070 Ti,27000,12,2310,2610,285,192,1440p,1.5,0.7037,350,2304,58.02,CPU,45
AMD Ryzen 9 7900X,38000,12,24,4.7,5.6,76,170,AMD RX 7700 XT,21000,12,1700,2544,245,192,1440p,1.5,1.8095,415,2304,3.6,BALANCED,59
AMD Ryzen 7 7800X3D,34000,8,16,4.2,5.0,104,120,NVIDIA RTX 3090,27000,24,1395,1695,350,384,4K,2.5,1.2593,470,9216,60.04,CPU,27
Intel Core i7-13700K,35000,16,24,3.4,5.4,30,125,NVIDIA RTX 4080 SUPER,33000,16,2295,2550,320,256,1440p,1.5,1.0606,445,4096,38.99,CPU,66
AMD Ryzen 7 7800X3D,34000,8,16,4.2,5.0,104,120,AMD RX 7900 XTX,34000,24,1855,2499,355,384,4K,2.5,1.0,475,9216,67.99,CPU,31
AMD Ryzen 9 7950X,42000,16,32,4.5,5.7,80,170,NVIDIA RTX 3060 Ti,19000,8,1410,1665,200,256,1440p,1.5,2.2105,370,2048,21.21,GPU,41
Intel Core i7-14700K,37000,20,28,3.4,5.6,33,125,NVIDIA RTX 4060 Ti,20000,8,2310,2535,160,128,1440p,1.5,1.85,285,1024,7.02,GPU,53
Intel Core i5-10400F,14000,6,12,2.9,4.3,12,65,NVIDIA RTX 3070,21000,8,1500,1730,220,256,4K,2.5,0.6667,285,2048,83.95,CPU,18
Intel Core i9-14900K,41000,24,32,3.2,6.0,36,125,NVIDIA RTX 4070 Ti SUPER,29000,16,2340,2610,285,256,1080p,1.0,1.4138,410,4096,30.74,GPU,94
Intel Core i5-13600K,28000,14,20,3.5,5.1,24,125,NVIDIA RTX 3060 Ti,19000,8,1410,1665,200,256,4K,2.5,1.4737,325,2048,54.06,CPU,20
AMD Ryzen 7 7700X,32000,8,16,4.5,5.4,40,105,AMD RX 7900 XT,30000,20,1500,2394,315,320,4K,2.5,1.0667,420,6400,63.88,CPU,30
Intel Core i5-13400F,22000,10,16,2.5,4.6,20,65,AMD RX 7900 XTX,34000,24,1855,2499,355,384,1080p,1.0,0.6471,420,9216,31.24,CPU,109
AMD Ryzen 9 7950X,42000,16,32,4.5,5.7,80,170,AMD RX 7700 XT,21000,12,1700,2544,245,192,4K,2.5,2.0,415,2304,40.37,CPU,25
Intel Core i5-14600K,30000,14,20,3.5,5.3,24,125,AMD RX 7800 XT,24000,16,1295,2430,263,256,1080p,1.0,1.25,388,4096,19.33,GPU,79
AMD Ryzen 7 5700X,24000,8,16,3.4,4.6,36,65,NVIDIA RTX 3080,25000,10,1440,1710,320,320,4K,2.5,0.96,385,3200,69.07,CPU,22
Intel Core i9-14900K,41000,24,32,3.2,6.0,36,125,NVIDIA RTX 4080,32000,16,2205,2505,320,256,1440p,1.5,1.2812,445,4096,24.22,CPU,75
AMD Ryzen 5 7600X,27000,6,12,4.7,5.3,38,105,AMD RX 7600,16000,8,1720,2655,165,128,1080p,1.0,1.6875,270,1024,40.59,GPU,48
Intel Core i5-13400F,22000,10,16,2.5,4.6,20,65,NVIDIA GT 1030,3000,2,1228,1468,30,64,1440p,1.5,7.3333,95,128,78.72,GPU,5
Intel Core i5-14600K,30000,14,20,3.5,5.3,24,125,NVIDIA RTX 3060,16000,12,1320,1777,170,192,1440p,1.5,1.875,295,2304,6.95,GPU,38
Intel Core i7-13700K,35000,16,24,3.4,5.4,30,125,NVIDIA RTX 4090,38000,24,2235,2520,450,384,1440p,1.5,0.9211,575,9216,41.8,CPU,73
AMD Ryzen 5 5600X,21000,6,12,3.7,4.6,35,65,NVIDIA GTX 1650,7000,4,1485,1665,75,128,1080p,1.0,3.0,140,512,65.16,GPU,16
Intel Core i5-14600K,30000,14,20,3.5,5.3,24,125,NVIDIA RTX 4090,38000,24,2235,2520,450,384,1080p,1.0,0.7895,575,9216,20.83,CPU,125
AMD Ryzen 9 7900X,38000,12,24,4.7,5.6,76,170,AMD RX 7900 XT,30000,20,1500,2394,315,320,1440p,1.5,1.2667,485,6400,26.89,CPU,69
Intel Core i5-12600K,25000,10,16,3.7,4.9,20,125,NVIDIA RTX 3070,21000,8,1500,1730,220,256,1080p,1.0,1.1905,345,2048,13.72,GPU,72
Intel Core i5-12600K,25000,10,16,3.7,4.9,20,125,AMD RX 7700 XT,21000,12,1700,2544,245,192,1080p,1.0,1.1905,370,2304,15.69,GPU,72
AMD Ryzen 3 4100,11000,4,8,3.8,4.0,6,65,AMD RX 6600,14000,8,1626,2491,132,128,1440p,1.5,0.7857,197,1024,51.91,CPU,24
Intel Core i5-12600K,25000,10,16,3.7,4.9,20,125,NVIDIA RTX 4080 SUPER,33000,16,2295,2550,320,256,1440p,1.5,0.7576,445,4096,57.16,CPU,61
AMD Ryzen 5 5600X,21000,6,12,3.7,4.6,35,65,NVIDIA RTX 3090,27000,24,1395,1695,350,384,1440p,1.5,0.7778,415,9216,53.95,CPU,49
AMD Ryzen 9 7950X,42000,16,32,4.5,5.7,80,170,NVIDIA RTX 4070 Ti SUPER,29000,16,2340,2610,285,256,4K,2.5,1.4483,455,4096,58.08,CPU,31
Intel Core i5-13400F,22000,10,16,2.5,4.6,20,65,NVIDIA RTX 3060,16000,12,1320,1777,170,192,1080p,1.0,1.375,235,2304,23.75,GPU,50
Intel Core i5-10400F,14000,6,12,2.9,4.3,12,65,NVIDIA GTX 1650,7000,4,1485,1665,75,128,1440p,1.5,2.0,140,512,17.51,GPU,17
AMD Ryzen 3 4100,11000,4,8,3.8,4.0,6,65,NVIDIA RTX 3060 Ti,19000,8,1410,1665,200,256,1080p,1.0,0.5789,265,2048,40.75,CPU,56
Intel Core i7-12700K,30000,12,20,3.6,5.0,25,125,AMD RX 6900 XT,26000,16,1825,2250,300,256,4K,2.5,1.1538,425,4096,65.85,CPU,27
Intel Core i5-13600K,28000,14,20,3.5,5.1,24,125,NVIDIA RTX 3060,16000,12,1320,1777,170,192,4K,2.5,1.75,295,2304,45.91,CPU,18
Intel Core i5-13400F,22000,10,16,2.5,4.6,20,65,NVIDIA RTX 3080,25000,10,1440,1710,320,320,1440p,1.5,0.88,385,3200,47.85,CPU,44
Intel Core i5-12600K,25000,10,16,3.7,4.9,20,125,NVIDIA RTX 4070 Ti SUPER,29000,16,2340,2610,285,256,1440p,1.5,0.8621,410,4096,51.5,CPU,51
AMD Ryzen 5 5600,20000,6,12,3.5,4.4,35,65,NVIDIA RTX 4070 Ti SUPER,29000,16,2340,2610,285,256,1440p,1.5,0.6897,350,4096,58.67,CPU,46
AMD Ryzen 5 5500,18000,6,12,3.6,4.2,19,65,NVIDIA RTX 4070,23000,12,1920,2475,200,192,1440p,1.5,0.7826,265,2304,52.15,CPU,41
Intel Core i5-13400F,22000,10,16,2.5,4.6,20,65,NVIDIA GTX 1660 SUPER,10000,6,1530,1785,125,192,4K,2.5,2.2,190,1152,33.72,CPU,13
AMD Ryzen 5 7600X,27000,6,12,4.7,5.3,38,105,AMD RX 6700 XT,18000,12,2321,2581,230,192,1080p,1.0,1.5,335,2304,31.53,GPU,57
Intel Core i9-14900K,41000,24,32,3.2,6.0,36,125,NVIDIA RTX 3050,12000,8,1552,1777,130,128,1440p,1.5,3.4167,255,1024,49.75,GPU,21
AMD Ryzen 5 5600,20000,6,12,3.5,4.4,35,65,NVIDIA GT 1030,3000,2,1228,1468,30,64,4K,2.5,6.6667,95,128,53.81,GPU,5
AMD Ryzen 7 7800X3D,34000,8,16,4.2,5.0,104,120,NVIDIA RTX 3050,12000,8,1552,1777,130,128,4K,2.5,2.8333,250,1024,14.66,CPU,18
Intel Core i7-14700K,37000,20,28,3.4,5.6,33,125,AMD RX 6500 XT,8000,4,2310,2815,107,64,1440p,1.5,4.625,232,256,63.17,GPU,12
AMD Ryzen 3 4100,11000,4,8,3.8,4.0,6,65,NVIDIA RTX 3070,21000,8,1500,1730,220,256,1440p,1.5,0.5238,285,2048,68.68,CPU,32
AMD Ryzen 5 7600X,27000,6,12,4.7,5.3,38,105,NVIDIA RTX 3050,12000,8,1552,1777,130,128,1080p,1.0,2.25,235,1024,60.06,GPU,33
AMD Ryzen 9 5950X,32000,16,32,3.4,4.9,72,105,AMD RX 6700 XT,18000,12,2321,2581,230,192,1080p,1.0,1.7778,335,2304,43.35,GPU,55
AMD Ryzen 5 5600,20000,6,12,3.5,4.4,35,65,NVIDIA GTX 1660 SUPER,10000,6,1530,1785,125,192,1080p,1.0,2.0,190,1152,48.47,GPU,28
AMD Ryzen 5 5500,18000,6,12,3.6,4.2,19,65,NVIDIA RTX 4060 Ti,20000,8,2310,2535,160,128,1080p,1.0,0.9,225,1024,11.28,CPU,79
AMD Ryzen 9 5900X,29000,12,24,3.7,4.8,70,105,AMD RX 6500 XT,8000,4,2310,2815,107,64,1440p,1.5,3.625,212,256,51.83,GPU,14
AMD Ryzen 3 4100,11000,4,8,3.8,4.0,6,65,NVIDIA RTX 3080,25000,10,1440,1710,320,320,4K,2.5,0.44,385,3200,88.82,CPU,18
AMD Ryzen 5 7600X,27000,6,12,4.7,5.3,38,105,AMD RX 7700 XT,21000,12,1700,2544,245,192,1440p,1.5,1.2857,350,2304,25.46,CPU,45
AMD Ryzen 5 7600X,27000,6,12,4.7,5.3,38,105,AMD RX 6500 XT,8000,4,2310,2815,107,64,4K,2.5,3.375,212,256,1.19,BALANCED,13
Intel Core i9-14900K,41000,24,32,3.2,6.0,36,125,AMD RX 6700 XT,18000,12,2321,2581,230,192,4K,2.5,2.2778,355,2304,32.91,CPU,23
AMD Ryzen 5 7600,25000,6,12,3.8,5.1,38,65,AMD RX 7800 XT,24000,16,1295,2430,263,256,1080p,1.0,1.0417,328,4096,3.7,BALANCED,94
AMD Ryzen 5 5500,18000,6,12,3.6,4.2,19,65,NVIDIA GTX 1650,7000,4,1485,1665,75,128,4K,2.5,2.5714,140,512,20.59,CPU,9
Intel Core i3-10100F,10000,4,8,3.6,4.3,6,65,AMD RX 6500 XT,8000,4,2310,2815,107,64,1080p,1.0,1.25,172,256,22.06,GPU,28
AMD Ryzen 9 7950X,42000,16,32,4.5,5.7,80,170,NVIDIA RTX 3050,12000,8,1552,1777,130,128,1440p,1.5,3.5,300,1024,52.74,GPU,22
Intel Core i5-10400F,14000,6,12,2.9,4.3,12,65,AMD RX 6500 XT,8000,4,2310,2815,107,64,4K,2.5,1.75,172,256,51.02,CPU,9
Intel Core i5-13600K,28000,14,20,3.5,5.1,24,125,NVIDIA GTX 1650,7000,4,1485,1665,75,128,1080p,1.0,4.0,200,512,75.44,GPU,15
Intel Core i5-10400F,14000,6,12,2.9,4.3,12,65,NVIDIA GT 1030,3000,2,1228,1468,30,64,1080p,1.0,4.6667,95,128,79.73,GPU,7
AMD Ryzen 9 5900X,29000,12,24,3.7,4.8,70,105,NVIDIA RTX 4080 SUPER,33000,16,2295,2550,320,256,4K,2.5,0.8788,425,4096,71.42,CPU,31
AMD Ryzen 9 5950X,32000,16,32,3.4,4.9,72,105,NVIDIA RTX 3090,27000,24,1395,1695,350,384,1440p,1.5,1.1852,455,9216,28.65,CPU,56
Intel Core i5-12600K,25000,10,16,3.7,4.9,20,125,NVIDIA RTX 3060,16000,12,1320,1777,170,192,4K,2.5,1.5625,295,2304,52.59,CPU,17
AMD Ryzen 7 7800X3D,34000,8,16,4.2,5.0,104,120,NVIDIA RTX 4080 SUPER,33000,16,2295,2550,320,256,1080p,1.0,1.0303,440,4096,4.73,BALANCED,130
Intel Core i7-12700K,30000,12,20,3.6,5.0,25,125,AMD RX 7700 XT,21000,12,1700,2544,245,192,4K,2.5,1.4286,370,2304,54.65,CPU,22
AMD Ryzen 5 7600X,27000,6,12,4.7,5.3,38,105,NVIDIA RTX 4070 Ti,27000,12,2310,2610,285,192,1080p,1.0,1.0,390,2304,1.58,BALANCED,116
Intel Core i7-13700K,35000,16,24,3.4,5.4,30,125,AMD RX 6800 XT,24000,16,1825,2250,300,256,4K,2.5,1.4583,425,4096,55.16,CPU,26
AMD Ryzen 9 7950X,42000,16,32,4.5,5.7,80,170,AMD RX 7900 XTX,34000,24,1855,2499,355,384,1080p,1.0,1.2353,525,9216,19.17,GPU,123
Intel Core i3-12100F,13000,4,8,3.3,4.3,12,58,NVIDIA RTX 3050,12000,8,1552,1777,130,128,1440p,1.5,1.0833,188,1024,35.86,CPU,25
AMD Ryzen 5 5600X,21000,6,12,3.7,4.6,35,65,AMD RX 6700 XT,18000,12,2321,2581,230,192,4K,2.5,1.1667,295,2304,63.08,CPU,17
Intel Core i5-13400F,22000,10,16,2.5,4.6,20,65,AMD RX 6900 XT,26000,16,1825,2250,300,256,1080p,1.0,0.8462,365,4096,12.66,CPU,101
AMD Ryzen 7 5800X,26000,8,16,3.8,4.7,36,105,AMD RX 6600,14000,8,1626,2491,132,128,1440p,1.5,1.8571,237,1024,9.04,GPU,37
AMD Ryzen 9 5900X,29000,12,24,3.7,4.8,70,105,NVIDIA RTX 4070 SUPER,26000,12,1980,2475,220,192,4K,2.5,1.1154,325,2304,65.08,CPU,26
AMD Ryzen 5 5600,20000,6,12,3.5,4.4,35,65,NVIDIA RTX 4070 Ti,27000,12,2310,2610,285,192,1080p,1.0,0.7407,350,2304,28.27,CPU,91
AMD Ryzen 5 7600X,27000,6,12,4.7,5.3,38,105,NVIDIA RTX 4070 Ti SUPER,29000,16,2340,2610,285,256,1440p,1.5,0.931,390,4096,43.83,CPU,54
AMD Ryzen 7 7800X3D,34000,8,16,4.2,5.0,104,120,AMD RX 6700 XT,18000,12,2321,2581,230,192,1440p,1.5,1.8889,350,2304,9.85,GPU,46
AMD Ryzen 9 7900X,38000,12,24,4.7,5.6,76,170,NVIDIA GT 1030,3000,2,1228,1468,30,64,1440p,1.5,12.6667,200,128,88.24,GPU,5
Intel Core i9-13900K,40000,24,32,3.0,5.8,36,125,AMD RX 7600,16000,8,1720,2655,165,128,1080p,1.0,2.5,290,1024,61.66,GPU,39
Intel Core i5-12600K,25000,10,16,3.7,4.9,20,125,NVIDIA RTX 4070,23000,12,1920,2475,200,192,4K,2.5,1.087,325,2304,63.28,CPU,22
Intel Core i5-14600K,30000,14,20,3.5,5.3,24,125,AMD RX 6900 XT,26000,16,1825,2250,300,256,4K,2.5,1.1538,425,4096,62.77,CPU,25
Intel Core i7-14700K,37000,20,28,3.4,5.6,33,125,NVIDIA RTX 4070,23000,12,1920,2475,200,192,1440p,1.5,1.6087,325,2304,5.35,CPU,62
Intel Core i7-14700K,37000,20,28,3.4,5.6,33,125,NVIDIA RTX 3090,27000,24,1395,1695,350,384,1080p,1.0,1.3704,475,9216,22.49,GPU,84
AMD Ryzen 7 5800X,26000,8,16,3.8,4.7,36,105,AMD RX 7600,16000,8,1720,2655,165,128,4K,2.5,1.625,270,1024,49.57,CPU,17
Intel Core i3-13100F,14000,4,8,3.4,4.5,12,58,NVIDIA RTX 3090,27000,24,1395,1695,350,384,1440p,1.5,0.5185,408,9216,71.75,CPU,44
Intel Core i7-12700K,30000,12,20,3.6,5.0,25,125,AMD RX 7800 XT,24000,16,1295,2430,263,256,1440p,1.5,1.25,388,4096,26.56,CPU,52
AMD Ryzen 9 5950X,32000,16,32,3.4,4.9,72,105,AMD RX 7700 XT,21000,12,1700,2544,245,192,1080p,1.0,1.5238,350,2304,34.96,GPU,61
Intel Core i5-10400F,14000,6,12,2.9,4.3,12,65,NVIDIA RTX 3070,21000,8,1500,1730,220,256,1080p,1.0,0.6667,285,2048,30.25,CPU,66
AMD Ryzen 5 5600X,21000,6,12,3.7,4.6,35,65,AMD RX 580,9000,8,1257,1340,185,256,1080p,1.0,2.3333,250,2048,56.42,GPU,23
Intel Core i7-12700K,30000,12,20,3.6,5.0,25,125,NVIDIA RTX 3090,27000,24,1395,1695,350,384,4K,2.5,1.1111,475,9216,65.6,CPU,25
AMD Ryzen 5 5500,18000,6,12,3.6,4.2,19,65,NVIDIA RTX 4070 SUPER,26000,12,1980,2475,220,192,1080p,1.0,0.6923,285,2304,28.39,CPU,84
AMD Ryzen 9 7950X,42000,16,32,4.5,5.7,80,170,NVIDIA GTX 1660 SUPER,10000,6,1530,1785,125,192,1440p,1.5,4.2,295,1152,58.31,GPU,18
Intel Core i9-13900K,40000,24,32,3.0,5.8,36,125,NVIDIA RTX 4070 Ti,27000,12,2310,2610,285,192,1080p,1.0,1.4815,410,2304,34.08,GPU,88
AMD Ryzen 9 5900X,29000,12,24,3.7,4.8,70,105,NVIDIA RTX 4090,38000,24,2235,2520,450,384,1440p,1.5,0.7632,555,9216,51.86,CPU,67
AMD Ryzen 9 5950X,32000,16,32,3.4,4.9,72,105,AMD RX 7900 XTX,34000,24,1855,2499,355,384,1080p,1.0,0.9412,460,9216,5.7,CPU,125
AMD Ryzen 9 5950X,32000,16,32,3.4,4.9,72,105,NVIDIA RTX 3050,12000,8,1552,1777,130,128,4K,2.5,2.6667,235,1024,17.92,CPU,16
Intel Core i5-14600K,30000,14,20,3.5,5.3,24,125,NVIDIA RTX 4070,23000,12,1920,2475,200,192,1440p,1.5,1.3043,325,2304,24.81,CPU,53
AMD Ryzen 9 7900X,38000,12,24,4.7,5.6,76,170,AMD RX 7700 XT,21000,12,1700,2544,245,192,1080p,1.0,1.8095,415,2304,44.71,GPU,63
Intel Core i7-12700K,30000,12,20,3.6,5.0,25,125,NVIDIA GTX 1660 SUPER,10000,6,1530,1785,125,192,4K,2.5,3.0,250,1152,8.7,CPU,16
Intel Core i5-13600K,28000,14,20,3.5,5.1,24,125,NVIDIA RTX 4070 SUPER,26000,12,1980,2475,220,192,1440p,1.5,1.0769,345,2304,34.54,CPU,52
Intel Core i5-12400F,19000,6,12,2.5,4.4,18,65,NVIDIA RTX 3060,16000,12,1320,1777,170,192,1080p,1.0,1.1875,235,2304,18.16,GPU,59
Intel Core i9-14900K,41000,24,32,3.2,6.0,36,125,NVIDIA RTX 4070 Ti,27000,12,2310,2610,285,192,1080p,1.0,1.5185,410,2304,32.64,GPU,82
AMD Ryzen 5 5600,20000,6,12,3.5,4.4,35,65,NVIDIA RTX 4080 SUPER,33000,16,2295,2550,320,256,1440p,1.5,0.6061,385,4096,65.16,CPU,53
AMD Ryzen 9 5900X,29000,12,24,3.7,4.8,70,105,AMD RX 6900 XT,26000,16,1825,2250,300,256,4K,2.5,1.1154,405,4096,65.86,CPU,26
AMD Ryzen 3 4100,11000,4,8,3.8,4.0,6,65,NVIDIA RTX 4060 Ti,20000,8,2310,2535,160,128,4K,2.5,0.55,225,1024,84.5,CPU,17
Intel Core i5-13600K,28000,14,20,3.5,5.1,24,125,NVIDIA RTX 3050,12000,8,1552,1777,130,128,1440p,1.5,2.3333,255,1024,24.72,GPU,27
Intel Core i5-12400F,19000,6,12,2.5,4.4,18,65,AMD RX 7600,16000,8,1720,2655,165,128,1080p,1.0,1.1875,230,1024,17.63,GPU,59
Intel Core i9-12900K,35000,16,24,3.2,5.2,30,125,NVIDIA RTX 3050,12000,8,1552,1777,130,128,1440p,1.5,2.9167,255,1024,38.82,GPU,25
AMD Ryzen 7 7800X3D,34000,8,16,4.2,5.0,104,120,NVIDIA RTX 4070,23000,12,1920,2475,200,192,1440p,1.5,1.4783,320,2304,7.93,CPU,53
AMD Ryzen 5 7600X,27000,6,12,4.7,5.3,38,105,NVIDIA GTX 1660 SUPER,10000,6,1530,1785,125,192,1440p,1.5,2.7,230,1152,36.25,GPU,19
AMD Ryzen 9 5950X,32000,16,32,3.4,4.9,72,105,NVIDIA RTX 4080,32000,16,2205,2505,320,256,4K,2.5,1.0,425,4096,66.49,CPU,29
Intel Core i9-12900K,35000,16,24,3.2,5.2,30,125,NVIDIA GTX 1660 SUPER,10000,6,1530,1785,125,192,4K,2.5,3.5,250,1152,0,BALANCED,17
Intel Core i3-12100F,13000,4,8,3.3,4.3,12,58,AMD RX 6500 XT,8000,4,2310,2815,107,64,4K,2.5,1.625,165,256,50.45,CPU,9
AMD Ryzen 7 7700X,32000,8,16,4.5,5.4,40,105,AMD RX 580,9000,8,1257,1340,185,256,1080p,1.0,3.5556,290,2048,69.89,GPU,21
AMD Ryzen 5 7600X,27000,6,12,4.7,5.3,38,105,AMD RX 7800 XT,24000,16,1295,2430,263,256,4K,2.5,1.125,368,4096,60.99,CPU,22
Intel Core i9-12900K,35000,16,24,3.2,5.2,30,125,NVIDIA GTX 1660 SUPER,10000,6,1530,1785,125,192,1080p,1.0,3.5,250,1152,72.5,GPU,22
AMD Ryzen 5 7600,25000,6,12,3.8,5.1,38,65,NVIDIA RTX 4080 SUPER,33000,16,2295,2550,320,256,1080p,1.0,0.7576,385,4096,21.64,CPU,111
AMD Ryzen 9 7950X,42000,16,32,4.5,5.7,80,170,AMD RX 7700 XT,21000,12,1700,2544,245,192,1080p,1.0,2.0,415,2304,49.41,GPU,61
AMD Ryzen 3 4100,11000,4,8,3.8,4.0,6,65,AMD RX 6600,14000,8,1626,2491,132,128,4K,2.5,0.7857,197,1024,80.55,CPU,12
Intel Core i5-13400F,22000,10,16,2.5,4.6,20,65,NVIDIA RTX 4080 SUPER,33000,16,2295,2550,320,256,1440p,1.5,0.6667,385,4096,56.69,CPU,58
AMD Ryzen 5 5600X,21000,6,12,3.7,4.6,35,65,AMD RX 580,9000,8,1257,1340,185,256,4K,2.5,2.3333,250,2048,32.52,CPU,13
AMD Ryzen 5 7600,25000,6,12,3.8,5.1,38,65,NVIDIA RTX 4070 Ti SUPER,29000,16,2340,2610,285,256,4K,2.5,0.8621,350,4096,70.04,CPU,24
Intel Core i7-14700K,37000,20,28,3.4,5.6,33,125,AMD RX 7700 XT,21000,12,1700,2544,245,192,1440p,1.5,1.7619,370,2304,1.5,BALANCED,60
Intel Core i5-12600K,25000,10,16,3.7,4.9,20,125,NVIDIA RTX 3090,27000,24,1395,1695,350,384,1080p,1.0,0.9259,475,9216,7.78,CPU,99
Intel Core i5-13400F,22000,10,16,2.5,4.6,20,65,NVIDIA RTX 4080 SUPER,33000,16,2295,2550,320,256,4K,2.5,0.6667,385,4096,82.42,CPU,27
Intel Core i3-13100F,14000,4,8,3.4,4.5,12,58,NVIDIA GT 1030,3000,2,1228,1468,30,64,1080p,1.0,4.6667,88,128,80.38,GPU,6
AMD Ryzen 9 5900X,29000,12,24,3.7,4.8,70,105,AMD RX 6800 XT,24000,16,1825,2250,300,256,1080p,1.0,1.2083,405,4096,14.88,GPU,90
Intel Core i3-13100F,14000,4,8,3.4,4.5,12,58,NVIDIA RTX 3060,16000,12,1320,1777,170,192,4K,2.5,0.875,228,2304,73.39,CPU,14
Intel Core i7-14700K,37000,20,28,3.4,5.6,33,125,NVIDIA RTX 4060 Ti,20000,8,2310,2535,160,128,1080p,1.0,1.85,285,1024,46.83,GPU,54
Intel Core i5-14600K,30000,14,20,3.5,5.3,24,125,AMD RX 6900 XT,26000,16,1825,2250,300,256,1080p,1.0,1.1538,425,4096,9.78,GPU,99
Intel Core i5-12600K,25000,10,16,3.7,4.9,20,125,NVIDIA RTX 3050,12000,8,1552,1777,130,128,1440p,1.5,2.0833,255,1024,15.17,GPU,30
Intel Core i7-12700K,30000,12,20,3.6,5.0,25,125,NVIDIA GTX 1650,7000,4,1485,1665,75,128,1440p,1.5,4.2857,200,512,56.46,GPU,11
Intel Core i5-10400F,14000,6,12,2.9,4.3,12,65,AMD RX 6800 XT,24000,16,1825,2250,300,256,1440p,1.5,0.5833,365,4096,65.42,CPU,37
AMD Ryzen 7 7800X3D,34000,8,16,4.2,5.0,104,120,AMD RX 6900 XT,26000,16,1825,2250,300,256,1080p,1.0,1.3077,420,4096,18.89,GPU,85
Intel Core i7-14700K,37000,20,28,3.4,5.6,33,125,AMD RX 6900 XT,26000,16,1825,2250,300,256,1080p,1.0,1.4231,425,4096,28.89,GPU,87
AMD Ryzen 3 4100,11000,4,8,3.8,4.0,6,65,AMD RX 7900 XTX,34000,24,1855,2499,355,384,4K,2.5,0.3235,420,9216,91.15,CPU,27
AMD Ryzen 5 5600X,21000,6,12,3.7,4.6,35,65,NVIDIA RTX 3060 Ti,19000,8,1410,1665,200,256,1080p,1.0,1.1053,265,2048,8.51,GPU,69
Intel Core i5-13600K,28000,14,20,3.5,5.1,24,125,AMD RX 580,9000,8,1257,1340,185,256,1080p,1.0,3.1111,310,2048,67.84,GPU,21
AMD Ryzen 7 7700X,32000,8,16,4.5,5.4,40,105,NVIDIA RTX 4060,18000,8,1830,2460,115,128,1080p,1.0,1.7778,220,1024,40.58,GPU,49
AMD Ryzen 9 5900X,29000,12,24,3.7,4.8,70,105,NVIDIA RTX 4070,23000,12,1920,2475,200,192,1080p,1.0,1.2609,305,2304,23.41,GPU,85
Intel Core i9-14900K,41000,24,32,3.2,6.0,36,125,AMD RX 7900 XT,30000,20,1500,2394,315,320,1440p,1.5,1.3667,440,6400,22.75,CPU,66
Intel Core i3-13100F,14000,4,8,3.4,4.5,12,58,AMD RX 6700 XT,18000,12,2321,2581,230,192,1080p,1.0,0.7778,288,2304,24.15,CPU,58
Intel Core i5-10400F,14000,6,12,2.9,4.3,12,65,AMD RX 7700 XT,21000,12,1700,2544,245,192,4K,2.5,0.6667,310,2304,78.17,CPU,17
AMD Ryzen 7 7800X3D,34000,8,16,4.2,5.0,104,120,NVIDIA RTX 4060,18000,8,1830,2460,115,128,1080p,1.0,1.8889,235,1024,48.38,GPU,52
Intel Core i3-12100F,13000,4,8,3.3,4.3,12,58,NVIDIA RTX 4080,32000,16,2205,2505,320,256,1080p,1.0,0.4062,378,4096,62.42,CPU,77
AMD Ryzen 7 7800X3D,34000,8,16,4.2,5.0,104,120,AMD RX 7800 XT,24000,16,1295,2430,263,256,1440p,1.5,1.4167,383,4096,16.11,CPU,58
Intel Core i9-13900K,40000,24,32,3.0,5.8,36,125,NVIDIA RTX 3070,21000,8,1500,1730,220,256,1440p,1.5,1.9048,345,2048,11.07,GPU,53
Intel Core i5-14600K,30000,14,20,3.5,5.3,24,125,NVIDIA GTX 1650,7000,4,1485,1665,75,128,1080p,1.0,4.2857,200,512,73.85,GPU,15
AMD Ryzen 5 5500,18000,6,12,3.6,4.2,19,65,AMD RX 7800 XT,24000,16,1295,2430,263,256,1440p,1.5,0.75,328,4096,57.77,CPU,43
Intel Core i5-10400F,14000,6,12,2.9,4.3,12,65,NVIDIA RTX 3090,27000,24,1395,1695,350,384,1440p,1.5,0.5185,415,9216,66.6,CPU,40
Intel Core i5-12600K,25000,10,16,3.7,4.9,20,125,AMD RX 6500 XT,8000,4,2310,2815,107,64,1080p,1.0,3.125,232,256,69.28,GPU,18
Intel Core i5-14400F,24000,10,16,2.5,4.7,20,65,NVIDIA RTX 3050,12000,8,1552,1777,130,128,1440p,1.5,2.0,195,1024,10.8,GPU,30
Intel Core i7-14700K,37000,20,28,3.4,5.6,33,125,NVIDIA GTX 1650,7000,4,1485,1665,75,128,1440p,1.5,5.2857,200,512,67.94,GPU,11
AMD Ryzen 5 7600X,27000,6,12,4.7,5.3,38,105,AMD RX 7700 XT,21000,12,1700,2544,245,192,1080p,1.0,1.2857,350,2304,23.23,GPU,76
AMD Ryzen 5 5600,20000,6,12,3.5,4.4,35,65,NVIDIA RTX 3060,16000,12,1320,1777,170,192,1080p,1.0,1.25,235,2304,21.99,GPU,55
Intel Core i5-12400F,19000,6,12,2.5,4.4,18,65,AMD RX 580,9000,8,1257,1340,185,256,4K,2.5,2.1111,250,2048,32.0,CPU,11
AMD Ryzen 5 7600,25000,6,12,3.8,5.1,38,65,NVIDIA RTX 3080,25000,10,1440,1710,320,320,1440p,1.5,1.0,385,3200,37.85,CPU,48
Intel Core i7-14700K,37000,20,28,3.4,5.6,33,125,NVIDIA RTX 4090,38000,24,2235,2520,450,384,4K,2.5,0.9737,575,9216,72.88,CPU,35
Intel Core i5-14600K,30000,14,20,3.5,5.3,24,125,NVIDIA RTX 4070 Ti,27000,12,2310,2610,285,192,4K,2.5,1.1111,410,2304,66.14,CPU,24
Intel Core i5-14600K,30000,14,20,3.5,5.3,24,125,NVIDIA GT 1030,3000,2,1228,1468,30,64,4K,2.5,10.0,155,128,68.98,GPU,5
Intel Core i5-14600K,30000,14,20,3.5,5.3,24,125,NVIDIA RTX 4060,18000,8,1830,2460,115,128,1080p,1.0,1.6667,240,1024,38.46,GPU,58
AMD Ryzen 9 7950X,42000,16,32,4.5,5.7,80,170,NVIDIA RTX 4070 Ti SUPER,29000,16,2340,2610,285,256,1440p,1.5,1.4483,455,4096,17.13,CPU,74
AMD Ryzen 5 7600X,27000,6,12,4.7,5.3,38,105,AMD RX 6500 XT,8000,4,2310,2815,107,64,1080p,1.0,3.375,212,256,69.19,GPU,20
AMD Ryzen 7 7800X3D,34000,8,16,4.2,5.0,104,120,NVIDIA RTX 3060,16000,12,1320,1777,170,192,4K,2.5,2.125,290,2304,35.67,CPU,19
Intel Core i3-13100F,14000,4,8,3.4,4.5,12,58,AMD RX 7700 XT,21000,12,1700,2544,245,192,4K,2.5,0.6667,303,2304,76.81,CPU,18
AMD Ryzen 3 4100,11000,4,8,3.8,4.0,6,65,NVIDIA RTX 3070,21000,8,1500,1730,220,256,1080p,1.0,0.5238,285,2048,47.13,CPU,58
Intel Core i9-12900K,35000,16,24,3.2,5.2,30,125,NVIDIA GTX 1650,7000,4,1485,1665,75,128,1440p,1.5,5.0,200,512,63.45,GPU,11
Intel Core i5-14400F,24000,10,16,2.5,4.7,20,65,AMD RX 7900 XTX,34000,24,1855,2499,355,384,1080p,1.0,0.7059,420,9216,27.7,CPU,118
AMD Ryzen 7 5700X,24000,8,16,3.4,4.6,36,65,AMD RX 6900 XT,26000,16,1825,2250,300,256,4K,2.5,0.9231,365,4096,69.43,CPU,25
AMD Ryzen 9 5900X,29000,12,24,3.7,4.8,70,105,AMD RX 7600,16000,8,1720,2655,165,128,1080p,1.0,1.8125,270,1024,44.61,GPU,47
AMD Ryzen 5 7600X,27000,6,12,4.7,5.3,38,105,AMD RX 7900 XT,30000,20,1500,2394,315,320,1080p,1.0,0.9,420,6400,12.31,CPU,120
AMD Ryzen 5 7600,25000,6,12,3.8,5.1,38,65,AMD RX 6500 XT,8000,4,2310,2815,107,64,4K,2.5,3.125,172,256,5.96,CPU,13
Intel Core i5-10400F,14000,6,12,2.9,4.3,12,65,AMD RX 6700 XT,18000,12,2321,2581,230,192,4K,2.5,0.7778,295,2304,77.17,CPU,16
Intel Core i5-12400F,19000,6,12,2.5,4.4,18,65,AMD RX 6700 XT,18000,12,2321,2581,230,192,1080p,1.0,1.0556,295,2304,3.6,BALANCED,72
AMD Ryzen 9 7950X,42000,16,32,4.5,5.7,80,170,NVIDIA GT 1030,3000,2,1228,1468,30,64,4K,2.5,14.0,200,128,77.51,GPU,5
AMD Ryzen 9 7900X,38000,12,24,4.7,5.6,76,170,AMD RX 580,9000,8,1257,1340,185,256,4K,2.5,4.2222,355,2048,19.46,GPU,13
Intel Core i7-13700K,35000,16,24,3.4,5.4,30,125,AMD RX 7600,16000,8,1720,2655,165,128,1080p,1.0,2.1875,290,1024,52.25,GPU,45
Intel Core i9-14900K,41000,24,32,3.2,6.0,36,125,NVIDIA RTX 4080 SUPER,33000,16,2295,2550,320,256,1080p,1.0,1.2424,445,4096,18.2,GPU,108
AMD Ryzen 7 7800X3D,34000,8,16,4.2,5.0,104,120,AMD RX 7900 XT,30000,20,1500,2394,315,320,4K,2.5,1.1333,435,6400,60.56,CPU,29
Intel Core i3-12100F,13000,4,8,3.3,4.3,12,58,AMD RX 7900 XT,30000,20,1500,2394,315,320,4K,2.5,0.4333,373,6400,87.39,CPU,24
AMD Ryzen 7 5700X,24000,8,16,3.4,4.6,36,65,AMD RX 6900 XT,26000,16,1825,2250,300,256,1080p,1.0,0.9231,365,4096,9.63,CPU,107
Intel Core i3-10100F,10000,4,8,3.6,4.3,6,65,AMD RX 7800 XT,24000,16,1295,2430,263,256,4K,2.5,0.4167,328,4096,88.98,CPU,19
AMD Ryzen 7 5800X,26000,8,16,3.8,4.7,36,105,AMD RX 6500 XT,8000,4,2310,2815,107,64,1440p,1.5,3.25,212,256,47.45,GPU,16
Intel Core i9-14900K,41000,24,32,3.2,6.0,36,125,NVIDIA GTX 1660 SUPER,10000,6,1530,1785,125,192,1440p,1.5,4.1,250,1152,55.89,GPU,16
AMD Ryzen 7 5800X,26000,8,16,3.8,4.7,36,105,AMD RX 6500 XT,8000,4,2310,2815,107,64,4K,2.5,3.25,212,256,1.43,BALANCED,13
Intel Core i9-13900K,40000,24,32,3.0,5.8,36,125,NVIDIA RTX 4080,32000,16,2205,2505,320,256,1080p,1.0,1.25,445,4096,17.8,GPU,116
AMD Ryzen 3 4100,11000,4,8,3.8,4.0,6,65,NVIDIA RTX 4070,23000,12,1920,2475,200,192,1080p,1.0,0.4783,265,2304,52.18,CPU,61
AMD Ryzen 9 7950X,42000,16,32,4.5,5.7,80,170,AMD RX 6500 XT,8000,4,2310,2815,107,64,1440p,1.5,5.25,277,256,66.1,GPU,13
Intel Core i5-13400F,22000,10,16,2.5,4.6,20,65,NVIDIA RTX 3050,12000,8,1552,1777,130,128,4K,2.5,1.8333,195,1024,37.4,CPU,14
Intel Core i7-12700K,30000,12,20,3.6,5.0,25,125,NVIDIA RTX 4090,38000,24,2235,2520,450,384,4K,2.5,0.7895,575,9216,78.6,CPU,33
Intel Core i9-13900K,40000,24,32,3.0,5.8,36,125,NVIDIA RTX 4060 Ti,20000,8,2310,2535,160,128,1440p,1.5,2.0,285,1024,15.34,GPU,51
Intel Core i7-12700K,30000,12,20,3.6,5.0,25,125,NVIDIA RTX 4070 SUPER,26000,12,1980,2475,220,192,1080p,1.0,1.1538,345,2304,10.16,GPU,96
Intel Core i5-14600K,30000,14,20,3.5,5.3,24,125,AMD RX 6500 XT,8000,4,2310,2815,107,64,1080p,1.0,3.75,232,256,75.74,GPU,19
AMD Ryzen 9 7900X,38000,12,24,4.7,5.6,76,170,NVIDIA GTX 1660 SUPER,10000,6,1530,1785,125,192,1440p,1.5,3.8,295,1152,56.68,GPU,18
Intel Core i9-14900K,41000,24,32,3.2,6.0,36,125,NVIDIA RTX 3080,25000,10,1440,1710,320,320,1440p,1.5,1.64,445,3200,1.81,BALANCED,70
AMD Ryzen 5 7600,25000,6,12,3.8,5.1,38,65,AMD RX 6800 XT,24000,16,1825,2250,300,256,1080p,1.0,1.0417,365,4096,0.4,BALANCED,97
AMD Ryzen 9 5900X,29000,12,24,3.7,4.8,70,105,AMD RX 7700 XT,21000,12,1700,2544,245,192,1080p,1.0,1.381,350,2304,26.0,GPU,70
Intel Core i3-10100F,10000,4,8,3.6,4.3,6,65,NVIDIA RTX 3050,12000,8,1552,1777,130,128,4K,2.5,0.8333,195,1024,76.5,CPU,11
AMD Ryzen 9 5950X,32000,16,32,3.4,4.9,72,105,NVIDIA GTX 1650,7000,4,1485,1665,75,128,1080p,1.0,4.5714,180,512,77.59,GPU,15
AMD Ryzen 7 5800X,26000,8,16,3.8,4.7,36,105,NVIDIA RTX 4070 Ti SUPER,29000,16,2340,2610,285,256,1440p,1.5,0.8966,390,4096,45.09,CPU,52
AMD Ryzen 9 5950X,32000,16,32,3.4,4.9,72,105,NVIDIA RTX 3050,12000,8,1552,1777,130,128,1440p,1.5,2.6667,235,1024,37.66,GPU,25
AMD Ryzen 5 7600,25000,6,12,3.8,5.1,38,65,NVIDIA RTX 4090,38000,24,2235,2520,450,384,1440p,1.5,0.6579,515,9216,64.3,CPU,60
Intel Core i9-14900K,41000,24,32,3.2,6.0,36,125,AMD RX 6500 XT,8000,4,2310,2815,107,64,1440p,1.5,5.125,232,256,64.68,GPU,13
Intel Core i5-12400F,19000,6,12,2.5,4.4,18,65,NVIDIA RTX 3050,12000,8,1552,1777,130,128,1440p,1.5,1.5833,195,1024,6.41,CPU,32
AMD Ryzen 7 7700X,32000,8,16,4.5,5.4,40,105,NVIDIA RTX 3070,21000,8,1500,1730,220,256,1440p,1.5,1.5238,325,2048,11.43,CPU,54
AMD Ryzen 5 5500,18000,6,12,3.6,4.2,19,65,AMD RX 580,9000,8,1257,1340,185,256,1080p,1.0,2.0,250,2048,43.66,GPU,25
Intel Core i9-14900K,41000,24,32,3.2,6.0,36,125,NVIDIA RTX 4060 Ti,20000,8,2310,2535,160,128,1440p,1.5,2.05,285,1024,19.08,GPU,51
AMD Ryzen 7 7800X3D,34000,8,16,4.2,5.0,104,120,NVIDIA RTX 3080,25000,10,1440,1710,320,320,4K,2.5,1.36,440,3200,60.35,CPU,27
Intel Core i9-12900K,35000,16,24,3.2,5.2,30,125,AMD RX 7900 XTX,34000,24,1855,2499,355,384,1440p,1.5,1.0294,480,9216,37.17,CPU,72
Intel Core i5-12600K,25000,10,16,3.7,4.9,20,125,AMD RX 6800 XT,24000,16,1825,2250,300,256,1080p,1.0,1.0417,425,4096,2.48,BALANCED,106
AMD Ryzen 9 7900X,38000,12,24,4.7,5.6,76,170,AMD RX 7800 XT,24000,16,1295,2430,263,256,4K,2.5,1.5833,433,4096,53.5,CPU,26
AMD Ryzen 5 7600,25000,6,12,3.8,5.1,38,65,NVIDIA RTX 4090,38000,24,2235,2520,450,384,1080p,1.0,0.6579,515,9216,33.18,CPU,126
AMD Ryzen 9 7900X,38000,12,24,4.7,5.6,76,170,AMD RX 6600,14000,8,1626,2491,132,128,4K,2.5,2.7143,302,1024,10.92,CPU,21
Intel Core i9-13900K,40000,24,32,3.0,5.8,36,125,AMD RX 7900 XT,30000,20,1500,2394,315,320,1440p,1.5,1.3333,440,6400,19.52,CPU,72
AMD Ryzen 9 7900X,38000,12,24,4.7,5.6,76,170,NVIDIA RTX 4080 SUPER,33000,16,2295,2550,320,256,4K,2.5,1.1515,490,4096,66.23,CPU,33
AMD Ryzen 9 5900X,29000,12,24,3.7,4.8,70,105,NVIDIA RTX 4070 Ti,27000,12,2310,2610,285,192,4K,2.5,1.0741,390,2304,69.68,CPU,26
AMD Ryzen 5 7600X,27000,6,12,4.7,5.3,38,105,NVIDIA RTX 3090,27000,24,1395,1695,350,384,4K,2.5,1.0,455,9216,70.45,CPU,25
Intel Core i9-14900K,41000,24,32,3.2,6.0,36,125,NVIDIA RTX 4090,38000,24,2235,2520,450,384,4K,2.5,1.0789,575,9216,66.0,CPU,38
Intel Core i3-10100F,10000,4,8,3.6,4.3,6,65,NVIDIA RTX 4070 Ti SUPER,29000,16,2340,2610,285,256,4K,2.5,0.3448,350,4096,91.05,CPU,21
AMD Ryzen 9 7950X,42000,16,32,4.5,5.7,80,170,NVIDIA RTX 4070,23000,12,1920,2475,200,192,4K,2.5,1.8261,370,2304,43.41,CPU,25
AMD Ryzen 5 5600X,21000,6,12,3.7,4.6,35,65,NVIDIA GTX 1650,7000,4,1485,1665,75,128,1440p,1.5,3.0,140,512,42.77,GPU,13
AMD Ryzen 9 5950X,32000,16,32,3.4,4.9,72,105,AMD RX 7900 XT,30000,20,1500,2394,315,320,1440p,1.5,1.0667,420,6400,38.09,CPU,63
Intel Core i7-13700K,35000,16,24,3.4,5.4,30,125,NVIDIA RTX 3050,12000,8,1552,1777,130,128,4K,2.5,2.9167,255,1024,10.03,CPU,18
AMD Ryzen 5 7600,25000,6,12,3.8,5.1,38,65,NVIDIA RTX 4080,32000,16,2205,2505,320,256,4K,2.5,0.7812,385,4096,78.46,CPU,28
AMD Ryzen 9 7900X,38000,12,24,4.7,5.6,76,170,NVIDIA RTX 4070,23000,12,1920,2475,200,192,4K,2.5,1.6522,370,2304,48.2,CPU,25
Intel Core i3-12100F,13000,4,8,3.3,4.3,12,58,NVIDIA RTX 3080,25000,10,1440,1710,320,320,1080p,1.0,0.52,378,3200,50.17,CPU,69
AMD Ryzen 7 7700X,32000,8,16,4.5,5.4,40,105,NVIDIA RTX 3090,27000,24,1395,1695,350,384,1440p,1.5,1.1852,455,9216,30.42,CPU,55
AMD Ryzen 5 5600,20000,6,12,3.5,4.4,35,65,NVIDIA RTX 3050,12000,8,1552,1777,130,128,1080p,1.0,1.6667,195,1024,40.91,GPU,38
Intel Core i7-13700K,35000,16,24,3.4,5.4,30,125,AMD RX 7700 XT,21000,12,1700,2544,245,192,1080p,1.0,1.6667,370,2304,38.08,GPU,61
AMD Ryzen 5 5500,18000,6,12,3.6,4.2,19,65,AMD RX 6700 XT,18000,12,2321,2581,230,192,1080p,1.0,1.0,295,2304,1.6,BALANCED,74
AMD Ryzen 5 5500,18000,6,12,3.6,4.2,19,65,NVIDIA RTX 3060,16000,12,1320,1777,170,192,1440p,1.5,1.125,235,2304,34.39,CPU,32
Intel Core i5-12600K,25000,10,16,3.7,4.9,20,125,NVIDIA RTX 3050,12000,8,1552,1777,130,128,4K,2.5,2.0833,255,1024,37.61,CPU,14
Intel Core i5-14600K,30000,14,20,3.5,5.3,24,125,AMD RX 7900 XT,30000,20,1500,2394,315,320,4K,2.5,1.0,440,6400,71.01,CPU,29
AMD Ryzen 7 7700X,32000,8,16,4.5,5.4,40,105,NVIDIA RTX 4060 Ti,20000,8,2310,2535,160,128,1080p,1.0,1.6,265,1024,37.61,GPU,60
Intel Core i5-13400F,22000,10,16,2.5,4.6,20,65,NVIDIA RTX 3070,21000,8,1500,1730,220,256,1080p,1.0,1.0476,285,2048,3.48,BALANCED,84
AMD Ryzen 5 5600X,21000,6,12,3.7,4.6,35,65,AMD RX 6800 XT,24000,16,1825,2250,300,256,1440p,1.5,0.875,365,4096,49.46,CPU,43
Intel Core i3-12100F,13000,4,8,3.3,4.3,12,58,AMD RX 6500 XT,8000,4,2310,2815,107,64,1080p,1.0,1.625,165,256,40.23,GPU,25
AMD Ryzen 9 7950X,42000,16,32,4.5,5.7,80,170,AMD RX 6600,14000,8,1626,2491,132,128,4K,2.5,3.0,302,1024,3.98,CPU,21
AMD Ryzen 9 7900X,38000,12,24,4.7,5.6,76,170,NVIDIA GT 1030,3000,2,1228,1468,30,64,4K,2.5,12.6667,200,128,72.51,GPU,5
Intel Core i7-14700K,37000,20,28,3.4,5.6,33,125,NVIDIA RTX 4070 SUPER,26000,12,1980,2475,220,192,4K,2.5,1.4231,345,2304,57.79,CPU,28
AMD Ryzen 9 7900X,38000,12,24,4.7,5.6,76,170,NVIDIA RTX 4080 SUPER,33000,16,2295,2550,320,256,1080p,1.0,1.1515,490,4096,14.88,GPU,114
Intel Core i5-14400F,24000,10,16,2.5,4.7,20,65,AMD RX 7700 XT,21000,12,1700,2544,245,192,1080p,1.0,1.1429,310,2304,13.1,GPU,78
AMD Ryzen 5 5600X,21000,6,12,3.7,4.6,35,65,NVIDIA GT 1030,3000,2,1228,1468,30,64,1080p,1.0,7.0,95,128,86.1,GPU,6
AMD Ryzen 5 5500,18000,6,12,3.6,4.2,19,65,NVIDIA GT 1030,3000,2,1228,1468,30,64,4K,2.5,6.0,95,128,44.4,GPU,5
Intel Core i5-12400F,19000,6,12,2.5,4.4,18,65,NVIDIA RTX 4080 SUPER,33000,16,2295,2550,320,256,1440p,1.5,0.5758,385,4096,68.33,CPU,52
AMD Ryzen 3 4100,11000,4,8,3.8,4.0,6,65,AMD RX 7900 XTX,34000,24,1855,2499,355,384,1440p,1.5,0.3235,420,9216,82.02,CPU,48
Intel Core i3-10100F,10000,4,8,3.6,4.3,6,65,NVIDIA RTX 4060 Ti,20000,8,2310,2535,160,128,1080p,1.0,0.5,225,1024,48.22,CPU,56
Intel Core i5-13400F,22000,10,16,2.5,4.6,20,65,AMD RX 7800 XT,24000,16,1295,2430,263,256,1080p,1.0,0.9167,328,4096,11.58,CPU,96
Intel Core i5-13600K,28000,14,20,3.5,5.1,24,125,NVIDIA RTX 4070 Ti SUPER,29000,16,2340,2610,285,256,1080p,1.0,0.9655,410,4096,4.55,BALANCED,117
Intel Core i5-14600K,30000,14,20,3.5,5.3,24,125,NVIDIA RTX 4070 SUPER,26000,12,1980,2475,220,192,1440p,1.5,1.1538,345,2304,32.65,CPU,52
Intel Core i9-14900K,41000,24,32,3.2,6.0,36,125,NVIDIA RTX 4070 Ti SUPER,29000,16,2340,2610,285,256,4K,2.5,1.4138,410,4096,56.23,CPU,30
AMD Ryzen 7 5800X,26000,8,16,3.8,4.7,36,105,AMD RX 7900 XTX,34000,24,1855,2499,355,384,1080p,1.0,0.7647,460,9216,25.1,CPU,110
Intel Core i7-14700K,37000,20,28,3.4,5.6,33,125,NVIDIA RTX 3080,25000,10,1440,1710,320,320,1440p,1.5,1.48,445,3200,12.02,CPU,65
Intel Core i7-13700K,35000,16,24,3.4,5.4,30,125,NVIDIA RTX 4080,32000,16,2205,2505,320,256,4K,2.5,1.0938,445,4096,66.15,CPU,30
AMD Ryzen 5 7600,25000,6,12,3.8,5.1,38,65,AMD RX 6800 XT,24000,16,1825,2250,300,256,1440p,1.5,1.0417,365,4096,43.27,CPU,48
AMD Ryzen 5 7600,25000,6,12,3.8,5.1,38,65,AMD RX 7900 XT,30000,20,1500,2394,315,320,1080p,1.0,0.8333,380,6400,19.08,CPU,104
Intel Core i3-13100F,14000,4,8,3.4,4.5,12,58,NVIDIA RTX 4070,23000,12,1920,2475,200,192,1440p,1.5,0.6087,258,2304,63.99,CPU,38
Intel Core i7-12700K,30000,12,20,3.6,5.0,25,125,AMD RX 6600,14000,8,1626,2491,132,128,1440p,1.5,2.1429,257,1024,23.09,GPU,31
AMD Ryzen 5 5600X,21000,6,12,3.7,4.6,35,65,AMD RX 7900 XTX,34000,24,1855,2499,355,384,4K,2.5,0.6176,420,9216,83.36,CPU,30
AMD Ryzen 7 7700X,32000,8,16,4.5,5.4,40,105,NVIDIA RTX 4090,38000,24,2235,2520,450,384,4K,2.5,0.8421,555,9216,76.16,CPU,35
Intel Core i3-10100F,10000,4,8,3.6,4.3,6,65,AMD RX 6700 XT,18000,12,2321,2581,230,192,1080p,1.0,0.5556,295,2304,46.53,CPU,49
AMD Ryzen 5 5500,18000,6,12,3.6,4.2,19,65,NVIDIA RTX 4090,38000,24,2235,2520,450,384,1440p,1.5,0.4737,515,9216,70.63,CPU,60
Intel Core i7-12700K,30000,12,20,3.6,5.0,25,125,NVIDIA RTX 4080 SUPER,33000,16,2295,2550,320,256,4K,2.5,0.9091,445,4096,74.36,CPU,29
AMD Ryzen 9 7950X,42000,16,32,4.5,5.7,80,170,AMD RX 7700 XT,21000,12,1700,2544,245,192,1440p,1.5,2.0,415,2304,14.94,GPU,51
Intel Core i9-13900K,40000,24,32,3.0,5.8,36,125,AMD RX 7900 XT,30000,20,1500,2394,315,320,1080p,1.0,1.3333,440,6400,25.17,GPU,98
Intel Core i5-12600K,25000,10,16,3.7,4.9,20,125,NVIDIA RTX 4080 SUPER,33000,16,2295,2550,320,256,4K,2.5,0.7576,445,4096,74.74,CPU,28
AMD Ryzen 9 5900X,29000,12,24,3.7,4.8,70,105,NVIDIA RTX 4060 Ti,20000,8,2310,2535,160,128,4K,2.5,1.45,265,1024,56.74,CPU,22
Intel Core i9-13900K,40000,24,32,3.0,5.8,36,125,AMD RX 7800 XT,24000,16,1295,2430,263,256,1080p,1.0,1.6667,388,4096,37.95,GPU,72
AMD Ryzen 7 5700X,24000,8,16,3.4,4.6,36,65,NVIDIA RTX 4060 Ti,20000,8,2310,2535,160,128,4K,2.5,1.2,225,1024,64.76,CPU,20
Intel Core i7-14700K,37000,20,28,3.4,5.6,33,125,NVIDIA RTX 4080 SUPER,33000,16,2295,2550,320,256,1080p,1.0,1.1212,445,4096,13.68,GPU,123
Intel Core i9-12900K,35000,16,24,3.2,5.2,30,125,NVIDIA RTX 4080 SUPER,33000,16,2295,2550,320,256,1080p,1.0,1.0606,445,4096,4.11,BALANCED,144
AMD Ryzen 7 7800X3D,34000,8,16,4.2,5.0,104,120,AMD RX 7800 XT,24000,16,1295,2430,263,256,4K,2.5,1.4167,383,4096,58.49,CPU,25
Intel Core i5-12600K,25000,10,16,3.7,4.9,20,125,AMD RX 6600,14000,8,1626,2491,132,128,4K,2.5,1.7857,257,1024,47.64,CPU,17
Intel Core i5-12600K,25000,10,16,3.7,4.9,20,125,NVIDIA RTX 4060 Ti,20000,8,2310,2535,160,128,1440p,1.5,1.25,285,1024,28.73,CPU,44
Intel Core i7-14700K,37000,20,28,3.4,5.6,33,125,AMD RX 6700 XT,18000,12,2321,2581,230,192,1080p,1.0,2.0556,355,2304,51.54,GPU,49
Intel Core i9-12900K,35000,16,24,3.2,5.2,30,125,NVIDIA RTX 3080,25000,10,1440,1710,320,320,1080p,1.0,1.4,445,3200,28.86,GPU,80
AMD Ryzen 9 7950X,42000,16,32,4.5,5.7,80,170,NVIDIA RTX 3090,27000,24,1395,1695,350,384,4K,2.5,1.5556,520,9216,53.62,CPU,27
Intel Core i5-14600K,30000,14,20,3.5,5.3,24,125,NVIDIA RTX 3060 Ti,19000,8,1410,1665,200,256,4K,2.5,1.5789,325,2048,51.39,CPU,20
AMD Ryzen 9 7900X,38000,12,24,4.7,5.6,76,170,AMD RX 7600,16000,8,1720,2655,165,128,1440p,1.5,2.375,335,1024,28.07,GPU,35
AMD Ryzen 5 5600X,21000,6,12,3.7,4.6,35,65,NVIDIA RTX 4070 SUPER,26000,12,1980,2475,220,192,1440p,1.5,0.8077,285,2304,49.96,CPU,46
AMD Ryzen 7 7800X3D,34000,8,16,4.2,5.0,104,120,NVIDIA RTX 3070,21000,8,1500,1730,220,256,1440p,1.5,1.619,340,2048,2.56,BALANCED,60
Intel Core i5-13600K,28000,14,20,3.5,5.1,24,125,NVIDIA RTX 3070,21000,8,1500,1730,220,256,4K,2.5,1.3333,345,2048,57.53,CPU,23
AMD Ryzen 9 5900X,29000,12,24,3.7,4.8,70,105,NVIDIA RTX 3060 Ti,19000,8,1410,1665,200,256,1080p,1.0,1.5263,305,2048,30.26,GPU,59
AMD Ryzen 9 5950X,32000,16,32,3.4,4.9,72,105,NVIDIA RTX 4060,18000,8,1830,2460,115,128,1080p,1.0,1.7778,220,1024,41.33,GPU,53
Intel Core i3-10100F,10000,4,8,3.6,4.3,6,65,AMD RX 7900 XTX,34000,24,1855,2499,355,384,4K,2.5,0.2941,420,9216,90.95,CPU,25
Intel Core i5-14400F,24000,10,16,2.5,4.7,20,65,NVIDIA RTX 3070,21000,8,1500,1730,220,256,1080p,1.0,1.1429,285,2048,10.53,GPU,80
AMD Ryzen 7 7800X3D,34000,8,16,4.2,5.0,104,120,NVIDIA RTX 3080,25000,10,1440,1710,320,320,1080p,1.0,1.36,440,3200,24.06,GPU,86
Intel Core i9-13900K,40000,24,32,3.0,5.8,36,125,NVIDIA RTX 4080,32000,16,2205,2505,320,256,1440p,1.5,1.25,445,4096,27.96,CPU,74
Intel Core i5-10400F,14000,6,12,2.9,4.3,12,65,AMD RX 6800 XT,24000,16,1825,2250,300,256,4K,2.5,0.5833,365,4096,83.81,CPU,20
AMD Ryzen 7 7700X,32000,8,16,4.5,5.4,40,105,AMD RX 6900 XT,26000,16,1825,2250,300,256,1080p,1.0,1.2308,405,4096,18.46,GPU,91
AMD Ryzen 9 5950X,32000,16,32,3.4,4.9,72,105,NVIDIA GT 1030,3000,2,1228,1468,30,64,4K,2.5,10.6667,135,128,66.91,GPU,5
Intel Core i5-14600K,30000,14,20,3.5,5.3,24,125,NVIDIA RTX 4070 Ti,27000,12,2310,2610,285,192,1440p,1.5,1.1111,410,2304,35.98,CPU,56
AMD Ryzen 5 5600X,21000,6,12,3.7,4.6,35,65,NVIDIA RTX 3090,27000,24,1395,1695,350,384,1080p,1.0,0.7778,415,9216,23.28,CPU,97
Intel Core i7-14700K,37000,20,28,3.4,5.6,33,125,AMD RX 7600,16000,8,1720,2655,165,128,4K,2.5,2.3125,290,1024,30.9,CPU,20
AMD Ryzen 5 7600X,27000,6,12,4.7,5.3,38,105,AMD RX 7600,16000,8,1720,2655,165,128,1440p,1.5,1.6875,270,1024,2.06,BALANCED,42
Intel Core i5-14400F,24000,10,16,2.5,4.7,20,65,AMD RX 7900 XT,30000,20,1500,2394,315,320,1080p,1.0,0.8,380,6400,21.63,CPU,99
AMD Ryzen 7 5700X,24000,8,16,3.4,4.6,36,65,NVIDIA RTX 4060 Ti,20000,8,2310,2535,160,128,1440p,1.5,1.2,225,1024,31.68,CPU,43
AMD Ryzen 7 7700X,32000,8,16,4.5,5.4,40,105,NVIDIA RTX 3050,12000,8,1552,1777,130,128,1080p,1.0,2.6667,235,1024,62.69,GPU,30
AMD Ryzen 9 7900X,38000,12,24,4.7,5.6,76,170,NVIDIA GTX 1660 SUPER,10000,6,1530,1785,125,192,1080p,1.0,3.8,295,1152,71.79,GPU,21
Intel Core i3-12100F,13000,4,8,3.3,4.3,12,58,NVIDIA RTX 4080,32000,16,2205,2505,320,256,4K,2.5,0.4062,378,4096,86.73,CPU,24
Intel Core i3-10100F,10000,4,8,3.6,4.3,6,65,NVIDIA RTX 4080 SUPER,33000,16,2295,2550,320,256,1080p,1.0,0.303,385,4096,67.27,CPU,82
Intel Core i9-13900K,40000,24,32,3.0,5.8,36,125,AMD RX 7600,16000,8,1720,2655,165,128,4K,2.5,2.5,290,1024,23.77,CPU,23
AMD Ryzen 9 7900X,38000,12,24,4.7,5.6,76,170,AMD RX 7600,16000,8,1720,2655,165,128,1080p,1.0,2.375,335,1024,56.31,GPU,39
AMD Ryzen 5 7600,25000,6,12,3.8,5.1,38,65,NVIDIA GT 1030,3000,2,1228,1468,30,64,1080p,1.0,8.3333,95,128,85.63,GPU,6
AMD Ryzen 5 5600X,21000,6,12,3.7,4.6,35,65,AMD RX 6700 XT,18000,12,2321,2581,230,192,1440p,1.5,1.1667,295,2304,29.22,CPU,41
AMD Ryzen 5 5600,20000,6,12,3.5,4.4,35,65,AMD RX 7800 XT,24000,16,1295,2430,263,256,1440p,1.5,0.8333,328,4096,46.47,CPU,41
Intel Core i5-12400F,19000,6,12,2.5,4.4,18,65,NVIDIA RTX 4070 Ti SUPER,29000,16,2340,2610,285,256,4K,2.5,0.6552,350,4096,79.63,CPU,25
Intel Core i7-13700K,35000,16,24,3.4,5.4,30,125,NVIDIA RTX 4060,18000,8,1830,2460,115,128,4K,2.5,1.9444,240,1024,43.49,CPU,22
AMD Ryzen 7 7700X,32000,8,16,4.5,5.4,40,105,AMD RX 7800 XT,24000,16,1295,2430,263,256,1440p,1.5,1.3333,368,4096,22.77,CPU,55
AMD Ryzen 7 5700X,24000,8,16,3.4,4.6,36,65,NVIDIA GTX 1660 SUPER,10000,6,1530,1785,125,192,1440p,1.5,2.4,190,1152,30.97,GPU,20
AMD Ryzen 5 5500,18000,6,12,3.6,4.2,19,65,AMD RX 6500 XT,8000,4,2310,2815,107,64,1080p,1.0,2.25,172,256,58.23,GPU,20
Intel Core i5-14400F,24000,10,16,2.5,4.7,20,65,NVIDIA RTX 4090,38000,24,2235,2520,450,384,4K,2.5,0.6316,515,9216,82.63,CPU,30
AMD Ryzen 5 5500,18000,6,12,3.6,4.2,19,65,NVIDIA RTX 4070 Ti SUPER,29000,16,2340,2610,285,256,1080p,1.0,0.6207,350,4096,37.91,CPU,91
AMD Ryzen 9 7900X,38000,12,24,4.7,5.6,76,170,NVIDIA RTX 4070 Ti SUPER,29000,16,2340,2610,285,256,4K,2.5,1.3103,455,4096,63.47,CPU,28
Intel Core i9-12900K,35000,16,24,3.2,5.2,30,125,AMD RX 7700 XT,21000,12,1700,2544,245,192,1440p,1.5,1.6667,370,2304,1.13,BALANCED,59
Intel Core i5-13600K,28000,14,20,3.5,5.1,24,125,AMD RX 7800 XT,24000,16,1295,2430,263,256,1080p,1.0,1.1667,388,4096,14.69,GPU,94
Intel Core i5-13600K,28000,14,20,3.5,5.1,24,125,NVIDIA RTX 3060 Ti,19000,8,1410,1665,200,256,1440p,1.5,1.4737,325,2048,12.85,CPU,45
Intel Core i3-12100F,13000,4,8,3.3,4.3,12,58,AMD RX 7600,16000,8,1720,2655,165,128,1080p,1.0,0.8125,223,1024,17.08,CPU,56
Intel Core i5-12400F,19000,6,12,2.5,4.4,18,65,NVIDIA RTX 3060,16000,12,1320,1777,170,192,4K,2.5,1.1875,235,2304,65.36,CPU,16
Intel Core i5-12600K,25000,10,16,3.7,4.9,20,125,AMD RX 7800 XT,24000,16,1295,2430,263,256,1440p,1.5,1.0417,388,4096,39.52,CPU,48
Intel Core i5-13600K,28000,14,20,3.5,5.1,24,125,NVIDIA RTX 4070 SUPER,26000,12,1980,2475,220,192,4K,2.5,1.0769,345,2304,68.27,CPU,25
AMD Ryzen 7 7800X3D,34000,8,16,4.2,5.0,104,120,NVIDIA RTX 4060 Ti,20000,8,2310,2535,160,128,1440p,1.5,1.7,280,1024,0,BALANCED,59
AMD Ryzen 7 7700X,32000,8,16,4.5,5.4,40,105,NVIDIA RTX 3050,12000,8,1552,1777,130,128,4K,2.5,2.6667,235,1024,17.52,CPU,16
Intel Core i7-12700K,30000,12,20,3.6,5.0,25,125,AMD RX 6800 XT,24000,16,1825,2250,300,256,1440p,1.5,1.25,425,4096,29.64,CPU,57
Intel Core i3-13100F,14000,4,8,3.4,4.5,12,58,NVIDIA RTX 4070 SUPER,26000,12,1980,2475,220,192,1440p,1.5,0.5385,278,2304,70.93,CPU,41
AMD Ryzen 9 5950X,32000,16,32,3.4,4.9,72,105,NVIDIA RTX 4070 Ti,27000,12,2310,2610,285,192,1440p,1.5,1.1852,390,2304,30.11,CPU,55
Intel Core i5-14600K,30000,14,20,3.5,5.3,24,125,NVIDIA RTX 4070 Ti SUPER,29000,16,2340,2610,285,256,4K,2.5,1.0345,410,4096,65.22,CPU,26
Intel Core i5-13600K,28000,14,20,3.5,5.1,24,125,AMD RX 7900 XT,30000,20,1500,2394,315,320,1440p,1.5,0.9333,440,6400,49.82,CPU,58
AMD Ryzen 5 5600X,21000,6,12,3.7,4.6,35,65,NVIDIA RTX 4080 SUPER,33000,16,2295,2550,320,256,1440p,1.5,0.6364,385,4096,64.78,CPU,51
Intel Core i5-13400F,22000,10,16,2.5,4.6,20,65,NVIDIA RTX 4060 Ti,20000,8,2310,2535,160,128,1440p,1.5,1.1,225,1024,35.81,CPU,44
Intel Core i7-14700K,37000,20,28,3.4,5.6,33,125,NVIDIA RTX 4070 Ti SUPER,29000,16,2340,2610,285,256,4K,2.5,1.2759,410,4096,60.08,CPU,28
Intel Core i3-10100F,10000,4,8,3.6,4.3,6,65,NVIDIA RTX 3060 Ti,19000,8,1410,1665,200,256,1440p,1.5,0.5263,265,2048,67.31,CPU,30
AMD Ryzen 5 7600X,27000,6,12,4.7,5.3,38,105,AMD RX 6800 XT,24000,16,1825,2250,300,256,1080p,1.0,1.125,405,4096,14.76,GPU,94
Intel Core i3-13100F,14000,4,8,3.4,4.5,12,58,NVIDIA RTX 4060 Ti,20000,8,2310,2535,160,128,1080p,1.0,0.7,218,1024,31.67,CPU,63
Intel Core i5-10400F,14000,6,12,2.9,4.3,12,65,NVIDIA RTX 4080 SUPER,33000,16,2295,2550,320,256,4K,2.5,0.4242,385,4096,87.07,CPU,26
AMD Ryzen 9 5900X,29000,12,24,3.7,4.8,70,105,AMD RX 6700 XT,18000,12,2321,2581,230,192,4K,2.5,1.6111,335,2304,47.8,CPU,21
AMD Ryzen 7 5700X,24000,8,16,3.4,4.6,36,65,AMD RX 7900 XTX,34000,24,1855,2499,355,384,4K,2.5,0.7059,420,9216,74.29,CPU,28
Intel Core i9-14900K,41000,24,32,3.2,6.0,36,125,NVIDIA RTX 4070 SUPER,26000,12,1980,2475,220,192,1440p,1.5,1.5769,345,2304,3.11,CPU,71
AMD Ryzen 7 7800X3D,34000,8,16,4.2,5.0,104,120,NVIDIA GT 1030,3000,2,1228,1468,30,64,1080p,1.0,11.3333,150,128,91.26,GPU,6
Intel Core i3-13100F,14000,4,8,3.4,4.5,12,58,AMD RX 7900 XTX,34000,24,1855,2499,355,384,1440p,1.5,0.4118,413,9216,77.28,CPU,49
AMD Ryzen 7 5700X,24000,8,16,3.4,4.6,36,65,NVIDIA RTX 3060,16000,12,1320,1777,170,192,1440p,1.5,1.5,235,2304,12.94,CPU,38
Intel Core i5-12400F,19000,6,12,2.5,4.4,18,65,AMD RX 6600,14000,8,1626,2491,132,128,1440p,1.5,1.3571,197,1024,20.04,CPU,35
AMD Ryzen 9 5900X,29000,12,24,3.7,4.8,70,105,NVIDIA RTX 4060 Ti,20000,8,2310,2535,160,128,1080p,1.0,1.45,265,1024,30.3,GPU,63
AMD Ryzen 9 7900X,38000,12,24,4.7,5.6,76,170,AMD RX 7900 XTX,34000,24,1855,2499,355,384,1080p,1.0,1.1176,525,9216,9.85,GPU,122
AMD Ryzen 5 7600,25000,6,12,3.8,5.1,38,65,AMD RX 7700 XT,21000,12,1700,2544,245,192,1080p,1.0,1.1905,310,2304,14.47,GPU,72
Intel Core i7-12700K,30000,12,20,3.6,5.0,25,125,NVIDIA RTX 3060,16000,12,1320,1777,170,192,1440p,1.5,1.875,295,2304,13.62,GPU,43
AMD Ryzen 9 7950X,42000,16,32,4.5,5.7,80,170,NVIDIA RTX 4060,18000,8,1830,2460,115,128,1440p,1.5,2.3333,285,1024,24.91,GPU,40
AMD Ryzen 7 5700X,24000,8,16,3.4,4.6,36,65,NVIDIA RTX 4070 Ti,27000,12,2310,2610,285,192,1440p,1.5,0.8889,350,2304,50.12,CPU,52
Intel Core i3-12100F,13000,4,8,3.3,4.3,12,58,NVIDIA RTX 4070 Ti SUPER,29000,16,2340,2610,285,256,1080p,1.0,0.4483,343,4096,56.72,CPU,73
Intel Core i7-12700K,30000,12,20,3.6,5.0,25,125,AMD RX 7900 XT,30000,20,1500,2394,315,320,4K,2.5,1.0,440,6400,68.5,CPU,27
AMD Ryzen 7 7800X3D,34000,8,16,4.2,5.0,104,120,AMD RX 6800 XT,24000,16,1825,2250,300,256,1080p,1.0,1.4167,420,4096,30.02,GPU,75
AMD Ryzen 7 7700X,32000,8,16,4.5,5.4,40,105,NVIDIA RTX 4060 Ti,20000,8,2310,2535,160,128,1440p,1.5,1.6,265,1024,5.77,CPU,50
Intel Core i5-12400F,19000,6,12,2.5,4.4,18,65,NVIDIA GTX 1650,7000,4,1485,1665,75,128,4K,2.5,2.7143,140,512,18.22,CPU,10
Intel Core i7-13700K,35000,16,24,3.4,5.4,30,125,NVIDIA RTX 3070,21000,8,1500,1730,220,256,4K,2.5,1.6667,345,2048,49.46,CPU,23
AMD Ryzen 9 7950X,42000,16,32,4.5,5.7,80,170,NVIDIA RTX 4060,18000,8,1830,2460,115,128,1080p,1.0,2.3333,285,1024,57.9,GPU,48
Intel Core i3-12100F,13000,4,8,3.3,4.3,12,58,NVIDIA RTX 3050,12000,8,1552,1777,130,128,4K,2.5,1.0833,188,1024,66.11,CPU,12
Intel Core i3-13100F,14000,4,8,3.4,4.5,12,58,AMD RX 7700 XT,21000,12,1700,2544,245,192,1080p,1.0,0.6667,303,2304,32.88,CPU,69
Intel Core i5-12400F,19000,6,12,2.5,4.4,18,65,NVIDIA RTX 3070,21000,8,1500,1730,220,256,1440p,1.5,0.9048,285,2048,46.32,CPU,39
AMD Ryzen 9 5950X,32000,16,32,3.4,4.9,72,105,NVIDIA RTX 4080,32000,16,2205,2505,320,256,1440p,1.5,1.0,425,4096,39.36,CPU,68
Intel Core i5-14400F,24000,10,16,2.5,4.7,20,65,NVIDIA GTX 1650,7000,4,1485,1665,75,128,1080p,1.0,3.4286,140,512,69.49,GPU,15
AMD Ryzen 7 5700X,24000,8,16,3.4,4.6,36,65,AMD RX 580,9000,8,1257,1340,185,256,1080p,1.0,2.6667,250,2048,65.75,GPU,22
AMD Ryzen 5 5600,20000,6,12,3.5,4.4,35,65,AMD RX 6700 XT,18000,12,2321,2581,230,192,4K,2.5,1.1111,295,2304,63.7,CPU,16
AMD Ryzen 9 5950X,32000,16,32,3.4,4.9,72,105,NVIDIA RTX 4070 Ti,27000,12,2310,2610,285,192,1080p,1.0,1.1852,390,2304,16.53,GPU,99
AMD Ryzen 5 7600X,27000,6,12,4.7,5.3,38,105,NVIDIA RTX 4070 Ti,27000,12,2310,2610,285,192,1440p,1.5,1.0,390,2304,40.18,CPU,54
AMD Ryzen 9 7950X,42000,16,32,4.5,5.7,80,170,NVIDIA RTX 4090,38000,24,2235,2520,450,384,4K,2.5,1.1053,620,9216,64.39,CPU,35
Intel Core i5-12600K,25000,10,16,3.7,4.9,20,125,AMD RX 7900 XTX,34000,24,1855,2499,355,384,4K,2.5,0.7353,480,9216,77.59,CPU,28
AMD Ryzen 5 7600,25000,6,12,3.8,5.1,38,65,AMD RX 7600,16000,8,1720,2655,165,128,4K,2.5,1.5625,230,1024,55.12,CPU,18
AMD Ryzen 7 5800X,26000,8,16,3.8,4.7,36,105,NVIDIA RTX 4090,38000,24,2235,2520,450,384,4K,2.5,0.6842,555,9216,77.13,CPU,34
Intel Core i7-13700K,35000,16,24,3.4,5.4,30,125,AMD RX 6900 XT,26000,16,1825,2250,300,256,1440p,1.5,1.3462,425,4096,19.8,CPU,59
AMD Ryzen 7 7700X,32000,8,16,4.5,5.4,40,105,NVIDIA RTX 4070 Ti,27000,12,2310,2610,285,192,1080p,1.0,1.1852,390,2304,16.88,GPU,105
Intel Core i7-14700K,37000,20,28,3.4,5.6,33,125,AMD RX 6800 XT,24000,16,1825,2250,300,256,4K,2.5,1.5417,425,4096,51.1,CPU,26
Intel Core i3-13100F,14000,4,8,3.4,4.5,12,58,AMD RX 7800 XT,24000,16,1295,2430,263,256,1080p,1.0,0.5833,321,4096,38.09,CPU,67
Intel Core i3-13100F,14000,4,8,3.4,4.5,12,58,AMD RX 6900 XT,26000,16,1825,2250,300,256,4K,2.5,0.5385,358,4096,84.22,CPU,21
Intel Core i9-12900K,35000,16,24,3.2,5.2,30,125,AMD RX 6800 XT,24000,16,1825,2250,300,256,1440p,1.5,1.4583,425,4096,17.5,CPU,59
Intel Core i3-12100F,13000,4,8,3.3,4.3,12,58,NVIDIA RTX 4060 Ti,20000,8,2310,2535,160,128,1440p,1.5,0.65,218,1024,61.76,CPU,34
Intel Core i9-13900K,40000,24,32,3.0,5.8,36,125,NVIDIA RTX 4070,23000,12,1920,2475,200,192,1080p,1.0,1.7391,325,2304,40.62,GPU,66
Intel Core i5-14400F,24000,10,16,2.5,4.7,20,65,NVIDIA RTX 4080 SUPER,33000,16,2295,2550,320,256,1440p,1.5,0.7273,385,4096,58.47,CPU,58
AMD Ryzen 5 7600,25000,6,12,3.8,5.1,38,65,NVIDIA RTX 4080 SUPER,33000,16,2295,2550,320,256,4K,2.5,0.7576,385,4096,78.98,CPU,27
Intel Core i5-14600K,30000,14,20,3.5,5.3,24,125,AMD RX 6700 XT,18000,12,2321,2581,230,192,4K,2.5,1.6667,355,2304,47.84,CPU,20
Intel Core i9-12900K,35000,16,24,3.2,5.2,30,125,AMD RX 7600,16000,8,1720,2655,165,128,1080p,1.0,2.1875,290,1024,53.64,GPU,45
Intel Core i9-14900K,41000,24,32,3.2,6.0,36,125,AMD RX 7800 XT,24000,16,1295,2430,263,256,1440p,1.5,1.7083,388,4096,0,BALANCED,69
AMD Ryzen 9 7900X,38000,12,24,4.7,5.6,76,170,NVIDIA RTX 3060,16000,12,1320,1777,170,192,1440p,1.5,2.375,340,2304,29.7,GPU,35
AMD Ryzen 5 7600,25000,6,12,3.8,5.1,38,65,AMD RX 6800 XT,24000,16,1825,2250,300,256,4K,2.5,1.0417,365,4096,67.54,CPU,23
Intel Core i9-13900K,40000,24,32,3.0,5.8,36,125,NVIDIA RTX 3050,12000,8,1552,1777,130,128,4K,2.5,3.3333,255,1024,0.88,BALANCED,21
Intel Core i5-10400F,14000,6,12,2.9,4.3,12,65,AMD RX 580,9000,8,1257,1340,185,256,4K,2.5,1.5556,250,2048,56.2,CPU,10
AMD Ryzen 5 5500,18000,6,12,3.6,4.2,19,65,NVIDIA RTX 3090,27000,24,1395,1695,350,384,1080p,1.0,0.6667,415,9216,30.58,CPU,86
Intel Core i5-12400F,19000,6,12,2.5,4.4,18,65,NVIDIA RTX 3080,25000,10,1440,1710,320,320,1080p,1.0,0.76,385,3200,24.08,CPU,86
Intel Core i5-14400F,24000,10,16,2.5,4.7,20,65,AMD RX 7600,16000,8,1720,2655,165,128,1080p,1.0,1.5,230,1024,36.02,GPU,48
Intel Core i7-14700K,37000,20,28,3.4,5.6,33,125,NVIDIA GTX 1660 SUPER,10000,6,1530,1785,125,192,1440p,1.5,3.7,250,1152,54.07,GPU,18
Intel Core i3-13100F,14000,4,8,3.4,4.5,12,58,NVIDIA RTX 4080,32000,16,2205,2505,320,256,4K,2.5,0.4375,378,4096,89.17,CPU,26
Intel Core i5-14600K,30000,14,20,3.5,5.3,24,125,NVIDIA RTX 4080 SUPER,33000,16,2295,2550,320,256,1440p,1.5,0.9091,445,4096,48.33,CPU,62
Intel Core i5-14600K,30000,14,20,3.5,5.3,24,125,NVIDIA RTX 3080,25000,10,1440,1710,320,320,1080p,1.0,1.2,445,3200,18.06,GPU,95
AMD Ryzen 9 5950X,32000,16,32,3.4,4.9,72,105,NVIDIA GTX 1660 SUPER,10000,6,1530,1785,125,192,1080p,1.0,3.2,230,1152,67.11,GPU,24
Intel Core i5-14400F,24000,10,16,2.5,4.7,20,65,AMD RX 6900 XT,26000,16,1825,2250,300,256,1080p,1.0,0.9231,365,4096,8.39,CPU,99
AMD Ryzen 5 7600X,27000,6,12,4.7,5.3,38,105,NVIDIA RTX 4080,32000,16,2205,2505,320,256,1440p,1.5,0.8438,425,4096,50.62,CPU,55
AMD Ryzen 5 5600X,21000,6,12,3.7,4.6,35,65,NVIDIA GTX 1660 SUPER,10000,6,1530,1785,125,192,1080p,1.0,2.1,190,1152,51.98,GPU,27
Intel Core i3-12100F,13000,4,8,3.3,4.3,12,58,NVIDIA RTX 4070 SUPER,26000,12,1980,2475,220,192,1080p,1.0,0.5,278,2304,49.96,CPU,67
Intel Core i7-12700K,30000,12,20,3.6,5.0,25,125,NVIDIA RTX 4060 Ti,20000,8,2310,2535,160,128,1080p,1.0,1.5,285,1024,33.8,GPU,64
AMD Ryzen 5 5600,20000,6,12,3.5,4.4,35,65,AMD RX 7700 XT,21000,12,1700,2544,245,192,1080p,1.0,0.9524,310,2304,0,BALANCED,83
AMD Ryzen 5 7600,25000,6,12,3.8,5.1,38,65,NVIDIA RTX 4070 SUPER,26000,12,1980,2475,220,192,4K,2.5,0.9615,285,2304,71.12,CPU,23
AMD Ryzen 5 5500,18000,6,12,3.6,4.2,19,65,NVIDIA RTX 4070 SUPER,26000,12,1980,2475,220,192,1440p,1.5,0.6923,285,2304,60.94,CPU,41
AMD Ryzen 7 7700X,32000,8,16,4.5,5.4,40,105,NVIDIA RTX 4070,23000,12,1920,2475,200,192,4K,2.5,1.3913,305,2304,60.08,CPU,25
AMD Ryzen 5 5600,20000,6,12,3.5,4.4,35,65,NVIDIA RTX 4060,18000,8,1830,2460,115,128,1080p,1.0,1.1111,180,1024,9.27,GPU,72
AMD Ryzen 7 5800X,26000,8,16,3.8,4.7,36,105,AMD RX 7800 XT,24000,16,1295,2430,263,256,1440p,1.5,1.0833,368,4096,36.6,CPU,50
Intel Core i7-12700K,30000,12,20,3.6,5.0,25,125,NVIDIA RTX 4070 Ti,27000,12,2310,2610,285,192,1080p,1.0,1.1111,410,2304,10.68,GPU,98
Intel Core i9-12900K,35000,16,24,3.2,5.2,30,125,NVIDIA RTX 3060 Ti,19000,8,1410,1665,200,256,4K,2.5,1.8421,325,2048,42.47,CPU,23
Intel Core i9-14900K,41000,24,32,3.2,6.0,36,125,NVIDIA GTX 1650,7000,4,1485,1665,75,128,4K,2.5,5.8571,200,512,40.59,GPU,8
Intel Core i3-12100F,13000,4,8,3.3,4.3,12,58,NVIDIA RTX 3060 Ti,19000,8,1410,1665,200,256,1440p,1.5,0.6842,258,2048,61.79,CPU,33
Intel Core i5-13400F,22000,10,16,2.5,4.6,20,65,AMD RX 6600,14000,8,1626,2491,132,128,4K,2.5,1.5714,197,1024,51.08,CPU,16
AMD Ryzen 5 7600,25000,6,12,3.8,5.1,38,65,NVIDIA RTX 4070 Ti,27000,12,2310,2610,285,192,4K,2.5,0.9259,350,2304,71.22,CPU,25
AMD Ryzen 5 5600X,21000,6,12,3.7,4.6,35,65,AMD RX 6800 XT,24000,16,1825,2250,300,256,1080p,1.0,0.875,365,4096,12.18,CPU,93
AMD Ryzen 5 5500,18000,6,12,3.6,4.2,19,65,NVIDIA RTX 4080,32000,16,2205,2505,320,256,1440p,1.5,0.5625,385,4096,67.45,CPU,52
Intel Core i9-12900K,35000,16,24,3.2,5.2,30,125,AMD RX 6500 XT,8000,4,2310,2815,107,64,1080p,1.0,4.375,232,256,78.11,GPU,17
Intel Core i7-12700K,30000,12,20,3.6,5.0,25,125,NVIDIA RTX 3070,21000,8,1500,1730,220,256,4K,2.5,1.4286,345,2048,59.07,CPU,22
AMD Ryzen 9 5950X,32000,16,32,3.4,4.9,72,105,NVIDIA RTX 4060 Ti,20000,8,2310,2535,160,128,1440p,1.5,1.6,265,1024,7.57,CPU,55
Intel Core i5-13400F,22000,10,16,2.5,4.6,20,65,NVIDIA RTX 4090,38000,24,2235,2520,450,384,1440p,1.5,0.5789,515,9216,66.69,CPU,61
AMD Ryzen 5 7600X,27000,6,12,4.7,5.3,38,105,NVIDIA RTX 4070,23000,12,1920,2475,200,192,4K,2.5,1.1739,305,2304,65.18,CPU,24
Intel Core i9-13900K,40000,24,32,3.0,5.8,36,125,AMD RX 7700 XT,21000,12,1700,2544,245,192,1080p,1.0,1.9048,370,2304,48.62,GPU,61
Intel Core i9-13900K,40000,24,32,3.0,5.8,36,125,NVIDIA RTX 3080,25000,10,1440,1710,320,320,1440p,1.5,1.6,445,3200,3.94,CPU,65
Intel Core i3-13100F,14000,4,8,3.4,4.5,12,58,NVIDIA GTX 1660 SUPER,10000,6,1530,1785,125,192,1080p,1.0,1.4,183,1152,29.75,GPU,35
AMD Ryzen 9 5950X,32000,16,32,3.4,4.9,72,105,AMD RX 580,9000,8,1257,1340,185,256,1440p,1.5,3.5556,290,2048,51.12,GPU,17
Intel Core i7-14700K,37000,20,28,3.4,5.6,33,125,NVIDIA RTX 3050,12000,8,1552,1777,130,128,1440p,1.5,3.0833,255,1024,42.71,GPU,23
Intel Core i5-10400F,14000,6,12,2.9,4.3,12,65,NVIDIA RTX 3050,12000,8,1552,1777,130,128,1080p,1.0,1.1667,195,1024,15.9,GPU,47
Intel Core i5-12600K,25000,10,16,3.7,4.9,20,125,NVIDIA GT 1030,3000,2,1228,1468,30,64,1080p,1.0,8.3333,155,128,88.19,GPU,6
Intel Core i5-13400F,22000,10,16,2.5,4.6,20,65,NVIDIA RTX 4070,23000,12,1920,2475,200,192,1440p,1.5,0.9565,265,2304,41.76,CPU,45
AMD Ryzen 7 7700X,32000,8,16,4.5,5.4,40,105,NVIDIA RTX 4080,32000,16,2205,2505,320,256,4K,2.5,1.0,425,4096,68.27,CPU,31
Intel Core i9-14900K,41000,24,32,3.2,6.0,36,125,NVIDIA RTX 4070 Ti,27000,12,2310,2610,285,192,4K,2.5,1.5185,410,2304,51.59,CPU,27
AMD Ryzen 5 5500,18000,6,12,3.6,4.2,19,65,AMD RX 6600,14000,8,1626,2491,132,128,4K,2.5,1.2857,197,1024,59.75,CPU,15
Intel Core i3-13100F,14000,4,8,3.4,4.5,12,58,NVIDIA RTX 3060,16000,12,1320,1777,170,192,1080p,1.0,0.875,228,2304,11.47,CPU,57
AMD Ryzen 7 5700X,24000,8,16,3.4,4.6,36,65,AMD RX 7800 XT,24000,16,1295,2430,263,256,1080p,1.0,1.0,328,4096,3.58,BALANCED,98
AMD Ryzen 9 7900X,38000,12,24,4.7,5.6,76,170,NVIDIA GT 1030,3000,2,1228,1468,30,64,1080p,1.0,12.6667,200,128,91.81,GPU,6
Intel Core i5-13400F,22000,10,16,2.5,4.6,20,65,NVIDIA RTX 4070 SUPER,26000,12,1980,2475,220,192,1080p,1.0,0.8462,285,2304,15.16,CPU,95
AMD Ryzen 9 7900X,38000,12,24,4.7,5.6,76,170,NVIDIA RTX 4070,23000,12,1920,2475,200,192,1080p,1.0,1.6522,370,2304,37.86,GPU,74
Intel Core i7-12700K,30000,12,20,3.6,5.0,25,125,NVIDIA GTX 1650,7000,4,1485,1665,75,128,1080p,1.0,4.2857,200,512,77.63,GPU,14
AMD Ryzen 3 4100,11000,4,8,3.8,4.0,6,65,AMD RX 580,9000,8,1257,1340,185,256,1080p,1.0,1.2222,250,2048,15.92,GPU,31
AMD Ryzen 5 5500,18000,6,12,3.6,4.2,19,65,AMD RX 7700 XT,21000,12,1700,2544,245,192,4K,2.5,0.8571,310,2304,73.38,CPU,17
Intel Core i9-14900K,41000,24,32,3.2,6.0,36,125,AMD RX 7800 XT,24000,16,1295,2430,263,256,4K,2.5,1.7083,388,4096,49.93,CPU,28
Intel Core i5-13400F,22000,10,16,2.5,4.6,20,65,NVIDIA RTX 4070,23000,12,1920,2475,200,192,1080p,1.0,0.9565,265,2304,0,BALANCED,96
Intel Core i5-13600K,28000,14,20,3.5,5.1,24,125,AMD RX 6700 XT,18000,12,2321,2581,230,192,1440p,1.5,1.5556,355,2304,7.32,CPU,48
Intel Core i5-10400F,14000,6,12,2.9,4.3,12,65,AMD RX 6500 XT,8000,4,2310,2815,107,64,1080p,1.0,1.75,172,256,45.81,GPU,23
Intel Core i5-10400F,14000,6,12,2.9,4.3,12,65,NVIDIA RTX 3050,12000,8,1552,1777,130,128,4K,2.5,1.1667,195,1024,62.51,CPU,12
AMD Ryzen 9 5900X,29000,12,24,3.7,4.8,70,105,AMD RX 6900 XT,26000,16,1825,2250,300,256,1440p,1.5,1.1154,405,4096,35.13,CPU,58
Intel Core i5-10400F,14000,6,12,2.9,4.3,12,65,AMD RX 7800 XT,24000,16,1295,2430,263,256,1440p,1.5,0.5833,328,4096,69.07,CPU,41
Intel Core i5-14400F,24000,10,16,2.5,4.7,20,65,NVIDIA RTX 4070 Ti,27000,12,2310,2610,285,192,1440p,1.5,0.8889,350,2304,46.73,CPU,48
Intel Core i9-12900K,35000,16,24,3.2,5.2,30,125,AMD RX 6700 XT,18000,12,2321,2581,230,192,1440p,1.5,1.9444,355,2304,13.45,GPU,46
Intel Core i9-12900K,35000,16,24,3.2,5.2,30,125,NVIDIA RTX 3080,25000,10,1440,1710,320,320,1440p,1.5,1.4,445,3200,15.31,CPU,61
AMD Ryzen 9 7900X,38000,12,24,4.7,5.6,76,170,AMD RX 6800 XT,24000,16,1825,2250,300,256,1440p,1.5,1.5833,470,4096,5.27,CPU,67
AMD Ryzen 9 5950X,32000,16,32,3.4,4.9,72,105,AMD RX 6600,14000,8,1626,2491,132,128,4K,2.5,2.2857,237,1024,31.08,CPU,19
AMD Ryzen 9 7950X,42000,16,32,4.5,5.7,80,170,NVIDIA RTX 4070 Ti SUPER,29000,16,2340,2610,285,256,1080p,1.0,1.4483,455,4096,34.61,GPU,91
AMD Ryzen 9 5950X,32000,16,32,3.4,4.9,72,105,AMD RX 7600,16000,8,1720,2655,165,128,1080p,1.0,2.0,270,1024,51.08,GPU,47
AMD Ryzen 5 7600,25000,6,12,3.8,5.1,38,65,NVIDIA GTX 1650,7000,4,1485,1665,75,128,1440p,1.5,3.5714,140,512,50.01,GPU,12
AMD Ryzen 9 5950X,32000,16,32,3.4,4.9,72,105,NVIDIA RTX 4080 SUPER,33000,16,2295,2550,320,256,1080p,1.0,0.9697,425,4096,0,BALANCED,142
Intel Core i9-14900K,41000,24,32,3.2,6.0,36,125,NVIDIA RTX 3060,16000,12,1320,1777,170,192,1440p,1.5,2.5625,295,2304,34.1,GPU,34
Intel Core i5-14400F,24000,10,16,2.5,4.7,20,65,NVIDIA GTX 1650,7000,4,1485,1665,75,128,4K,2.5,3.4286,140,512,0.54,BALANCED,11
Intel Core i7-14700K,37000,20,28,3.4,5.6,33,125,AMD RX 7900 XT,30000,20,1500,2394,315,320,1440p,1.5,1.2333,440,6400,27.38,CPU,65
AMD Ryzen 7 5800X,26000,8,16,3.8,4.7,36,105,AMD RX 6700 XT,18000,12,2321,2581,230,192,1080p,1.0,1.4444,335,2304,23.7,GPU,57
AMD Ryzen 9 7900X,38000,12,24,4.7,5.6,76,170,NVIDIA RTX 4060,18000,8,1830,2460,115,128,1440p,1.5,2.1111,285,1024,18.54,GPU,43
Intel Core i3-13100F,14000,4,8,3.4,4.5,12,58,NVIDIA RTX 3070,21000,8,1500,1730,220,256,1080p,1.0,0.6667,278,2048,31.84,CPU,67
Intel Core i5-14600K,30000,14,20,3.5,5.3,24,125,NVIDIA RTX 4070 Ti SUPER,29000,16,2340,2610,285,256,1440p,1.5,1.0345,410,4096,39.09,CPU,57
Intel Core i7-14700K,37000,20,28,3.4,5.6,33,125,NVIDIA RTX 3090,27000,24,1395,1695,350,384,1440p,1.5,1.3704,475,9216,21.59,CPU,62
Intel Core i5-14400F,24000,10,16,2.5,4.7,20,65,AMD RX 7900 XTX,34000,24,1855,2499,355,384,4K,2.5,0.7059,420,9216,73.95,CPU,29
AMD Ryzen 7 5700X,24000,8,16,3.4,4.6,36,65,AMD RX 6500 XT,8000,4,2310,2815,107,64,1080p,1.0,3.0,172,256,68.04,GPU,19
AMD Ryzen 9 5950X,32000,16,32,3.4,4.9,72,105,AMD RX 6700 XT,18000,12,2321,2581,230,192,4K,2.5,1.7778,335,2304,47.14,CPU,22
AMD Ryzen 5 7600X,27000,6,12,4.7,5.3,38,105,NVIDIA RTX 4070 Ti SUPER,29000,16,2340,2610,285,256,4K,2.5,0.931,390,4096,69.58,CPU,27
AMD Ryzen 5 7600,25000,6,12,3.8,5.1,38,65,AMD RX 580,9000,8,1257,1340,185,256,1080p,1.0,2.7778,250,2048,64.05,GPU,24
Intel Core i5-13400F,22000,10,16,2.5,4.6,20,65,NVIDIA RTX 4060 Ti,20000,8,2310,2535,160,128,4K,2.5,1.1,225,1024,66.34,CPU,19
AMD Ryzen 5 5500,18000,6,12,3.6,4.2,19,65,AMD RX 6800 XT,24000,16,1825,2250,300,256,1440p,1.5,0.75,365,4096,58.02,CPU,44
Intel Core i5-14400F,24000,10,16,2.5,4.7,20,65,NVIDIA RTX 4080 SUPER,33000,16,2295,2550,320,256,4K,2.5,0.7273,385,4096,75.6,CPU,28
AMD Ryzen 5 5600X,21000,6,12,3.7,4.6,35,65,AMD RX 7800 XT,24000,16,1295,2430,263,256,1440p,1.5,0.875,328,4096,48.01,CPU,42
Intel Core i5-12400F,19000,6,12,2.5,4.4,18,65,NVIDIA RTX 4090,38000,24,2235,2520,450,384,1080p,1.0,0.5,515,9216,53.11,CPU,106
Intel Core i5-14600K,30000,14,20,3.5,5.3,24,125,AMD RX 7900 XT,30000,20,1500,2394,315,320,1080p,1.0,1.0,440,6400,1.54,BALANCED,128
AMD Ryzen 5 7600,25000,6,12,3.8,5.1,38,65,NVIDIA GT 1030,3000,2,1228,1468,30,64,4K,2.5,8.3333,95,128,64.34,GPU,5
Intel Core i5-12600K,25000,10,16,3.7,4.9,20,125,AMD RX 6700 XT,18000,12,2321,2581,230,192,4K,2.5,1.3889,355,2304,54.74,CPU,17
Intel Core i7-14700K,37000,20,28,3.4,5.6,33,125,NVIDIA RTX 4090,38000,24,2235,2520,450,384,1080p,1.0,0.9737,575,9216,0.64,BALANCED,159
Intel Core i5-14400F,24000,10,16,2.5,4.7,20,65,AMD RX 6800 XT,24000,16,1825,2250,300,256,1080p,1.0,1.0,365,4096,0,BALANCED,106
Intel Core i9-12900K,35000,16,24,3.2,5.2,30,125,AMD RX 7800 XT,24000,16,1295,2430,263,256,4K,2.5,1.4583,388,4096,52.48,CPU,27
AMD Ryzen 7 5700X,24000,8,16,3.4,4.6,36,65,NVIDIA RTX 4080 SUPER,33000,16,2295,2550,320,256,1440p,1.5,0.7273,385,4096,55.93,CPU,54
AMD Ryzen 5 5600X,21000,6,12,3.7,4.6,35,65,NVIDIA RTX 3090,27000,24,1395,1695,350,384,4K,2.5,0.7778,415,9216,76.08,CPU,23
Intel Core i7-12700K,30000,12,20,3.6,5.0,25,125,NVIDIA RTX 3060,16000,12,1320,1777,170,192,1080p,1.0,1.875,295,2304,46.75,GPU,45
Intel Core i5-13600K,28000,14,20,3.5,5.1,24,125,AMD RX 7600,16000,8,1720,2655,165,128,1440p,1.5,1.75,290,1024,0,BALANCED,45
AMD Ryzen 7 7800X3D,34000,8,16,4.2,5.0,104,120,NVIDIA RTX 4070,23000,12,1920,2475,200,192,1080p,1.0,1.4783,320,2304,29.42,GPU,71
AMD Ryzen 7 7700X,32000,8,16,4.5,5.4,40,105,NVIDIA GTX 1660 SUPER,10000,6,1530,1785,125,192,4K,2.5,3.2,230,1152,2.34,BALANCED,18
Intel Core i5-13400F,22000,10,16,2.5,4.6,20,65,AMD RX 580,9000,8,1257,1340,185,256,4K,2.5,2.4444,250,2048,26.16,CPU,11
Intel Core i7-14700K,37000,20,28,3.4,5.6,33,125,AMD RX 7600,16000,8,1720,2655,165,128,1440p,1.5,2.3125,290,1024,28.52,GPU,34
AMD Ryzen 9 7900X,38000,12,24,4.7,5.6,76,170,NVIDIA RTX 4060,18000,8,1830,2460,115,128,4K,2.5,2.1111,285,1024,34.63,CPU,24
AMD Ryzen 5 7600,25000,6,12,3.8,5.1,38,65,AMD RX 6700 XT,18000,12,2321,2581,230,192,4K,2.5,1.3889,295,2304,57.86,CPU,18
Intel Core i3-10100F,10000,4,8,3.6,4.3,6,65,AMD RX 7600,16000,8,1720,2655,165,128,1080p,1.0,0.625,230,1024,37.24,CPU,46
AMD Ryzen 9 5900X,29000,12,24,3.7,4.8,70,105,NVIDIA RTX 4070 SUPER,26000,12,1980,2475,220,192,1440p,1.5,1.1154,325,2304,34.41,CPU,54
Intel Core i3-10100F,10000,4,8,3.6,4.3,6,65,NVIDIA RTX 3050,12000,8,1552,1777,130,128,1440p,1.5,0.8333,195,1024,51.44,CPU,21
AMD Ryzen 5 7600,25000,6,12,3.8,5.1,38,65,AMD RX 6600,14000,8,1626,2491,132,128,4K,2.5,1.7857,197,1024,44.74,CPU,17
Intel Core i7-14700K,37000,20,28,3.4,5.6,33,125,NVIDIA RTX 4070,23000,12,1920,2475,200,192,4K,2.5,1.6087,325,2304,48.65,CPU,25
Intel Core i3-10100F,10000,4,8,3.6,4.3,6,65,AMD RX 7900 XTX,34000,24,1855,2499,355,384,1440p,1.5,0.2941,420,9216,81.96,CPU,48
AMD Ryzen 5 5500,18000,6,12,3.6,4.2,19,65,AMD RX 7700 XT,21000,12,1700,2544,245,192,1080p,1.0,0.8571,310,2304,16.57,CPU,73
Intel Core i3-12100F,13000,4,8,3.3,4.3,12,58,AMD RX 7900 XT,30000,20,1500,2394,315,320,1440p,1.5,0.4333,373,6400,74.99,CPU,42
AMD Ryzen 5 5600X,21000,6,12,3.7,4.6,35,65,AMD RX 7600,16000,8,1720,2655,165,128,1440p,1.5,1.3125,230,1024,23.06,CPU,38
AMD Ryzen 7 5700X,24000,8,16,3.4,4.6,36,65,AMD RX 6700 XT,18000,12,2321,2581,230,192,1080p,1.0,1.3333,295,2304,25.77,GPU,64
AMD Ryzen 9 5950X,32000,16,32,3.4,4.9,72,105,NVIDIA RTX 3060 Ti,19000,8,1410,1665,200,256,1080p,1.0,1.6842,305,2048,43.04,GPU,60
Intel Core i5-12400F,19000,6,12,2.5,4.4,18,65,NVIDIA RTX 4070 Ti SUPER,29000,16,2340,2610,285,256,1080p,1.0,0.6552,350,4096,38.18,CPU,94
AMD Ryzen 3 4100,11000,4,8,3.8,4.0,6,65,AMD RX 6900 XT,26000,16,1825,2250,300,256,1440p,1.5,0.4231,365,4096,71.08,CPU,37
Intel Core i5-13400F,22000,10,16,2.5,4.6,20,65,NVIDIA RTX 3070,21000,8,1500,1730,220,256,1440p,1.5,1.0476,285,2048,38.44,CPU,44
Intel Core i3-10100F,10000,4,8,3.6,4.3,6,65,NVIDIA RTX 4070 SUPER,26000,12,1980,2475,220,192,4K,2.5,0.3846,285,2304,90.67,CPU,19
Intel Core i9-12900K,35000,16,24,3.2,5.2,30,125,AMD RX 7800 XT,24000,16,1295,2430,263,256,1080p,1.0,1.4583,388,4096,33.34,GPU,73
Intel Core i7-13700K,35000,16,24,3.4,5.4,30,125,NVIDIA RTX 4070 SUPER,26000,12,1980,2475,220,192,4K,2.5,1.3462,345,2304,57.14,CPU,27
AMD Ryzen 3 4100,11000,4,8,3.8,4.0,6,65,AMD RX 6800 XT,24000,16,1825,2250,300,256,4K,2.5,0.4583,365,4096,85.74,CPU,18
AMD Ryzen 5 5600X,21000,6,12,3.7,4.6,35,65,NVIDIA RTX 3060 Ti,19000,8,1410,1665,200,256,4K,2.5,1.1053,265,2048,67.5,CPU,19
AMD Ryzen 3 4100,11000,4,8,3.8,4.0,6,65,NVIDIA RTX 3060 Ti,19000,8,1410,1665,200,256,1440p,1.5,0.5789,265,2048,64.48,CPU,31
AMD Ryzen 7 5800X,26000,8,16,3.8,4.7,36,105,NVIDIA RTX 4070 SUPER,26000,12,1980,2475,220,192,1440p,1.5,1.0,325,2304,43.82,CPU,50
AMD Ryzen 5 5600X,21000,6,12,3.7,4.6,35,65,NVIDIA RTX 4070 SUPER,26000,12,1980,2475,220,192,4K,2.5,0.8077,285,2304,73.31,CPU,24
AMD Ryzen 5 5500,18000,6,12,3.6,4.2,19,65,NVIDIA RTX 4080 SUPER,33000,16,2295,2550,320,256,1440p,1.5,0.5455,385,4096,69.43,CPU,55
Intel Core i9-14900K,41000,24,32,3.2,6.0,36,125,AMD RX 7700 XT,21000,12,1700,2544,245,192,1440p,1.5,1.9524,370,2304,13.98,GPU,53
AMD Ryzen 5 5600X,21000,6,12,3.7,4.6,35,65,AMD RX 7600,16000,8,1720,2655,165,128,1080p,1.0,1.3125,230,1024,21.89,GPU,53
AMD Ryzen 7 5700X,24000,8,16,3.4,4.6,36,65,NVIDIA RTX 3080,25000,10,1440,1710,320,320,1080p,1.0,0.96,385,3200,2.0,BALANCED,99
AMD Ryzen 7 5700X,24000,8,16,3.4,4.6,36,65,AMD RX 6800 XT,24000,16,1825,2250,300,256,1080p,1.0,1.0,365,4096,0,BALANCED,99
AMD Ryzen 9 7900X,38000,12,24,4.7,5.6,76,170,AMD RX 6800 XT,24000,16,1825,2250,300,256,1080p,1.0,1.5833,470,4096,41.1,GPU,74
Intel Core i5-12400F,19000,6,12,2.5,4.4,18,65,NVIDIA RTX 4090,38000,24,2235,2520,450,384,1440p,1.5,0.5,515,9216,69.29,CPU,62
Intel Core i7-12700K,30000,12,20,3.6,5.0,25,125,AMD RX 7900 XTX,34000,24,1855,2499,355,384,4K,2.5,0.8824,480,9216,74.22,CPU,29
AMD Ryzen 7 5800X,26000,8,16,3.8,4.7,36,105,NVIDIA GT 1030,3000,2,1228,1468,30,64,4K,2.5,8.6667,135,128,67.56,GPU,5
AMD Ryzen 3 4100,11000,4,8,3.8,4.0,6,65,AMD RX 7600,16000,8,1720,2655,165,128,1440p,1.5,0.6875,230,1024,59.12,CPU,29
Intel Core i5-10400F,14000,6,12,2.9,4.3,12,65,AMD RX 6700 XT,18000,12,2321,2581,230,192,1080p,1.0,0.7778,295,2304,20.65,CPU,62
Intel Core i5-12400F,19000,6,12,2.5,4.4,18,65,AMD RX 7900 XT,30000,20,1500,2394,315,320,1080p,1.0,0.6333,380,6400,36.11,CPU,97
Intel Core i7-14700K,37000,20,28,3.4,5.6,33,125,NVIDIA RTX 4080,32000,16,2205,2505,320,256,1080p,1.0,1.1562,445,4096,11.91,GPU,121
AMD Ryzen 7 5700X,24000,8,16,3.4,4.6,36,65,AMD RX 6700 XT,18000,12,2321,2581,230,192,4K,2.5,1.3333,295,2304,60.71,CPU,18
AMD Ryzen 9 7900X,38000,12,24,4.7,5.6,76,170,AMD RX 7900 XTX,34000,24,1855,2499,355,384,1440p,1.5,1.1176,525,9216,34.34,CPU,74
AMD Ryzen 5 7600,25000,6,12,3.8,5.1,38,65,AMD RX 7900 XT,30000,20,1500,2394,315,320,4K,2.5,0.8333,380,6400,76.04,CPU,27
Intel Core i5-14600K,30000,14,20,3.5,5.3,24,125,AMD RX 7700 XT,21000,12,1700,2544,245,192,1080p,1.0,1.4286,370,2304,31.5,GPU,69
AMD Ryzen 7 7800X3D,34000,8,16,4.2,5.0,104,120,NVIDIA RTX 3050,12000,8,1552,1777,130,128,1080p,1.0,2.8333,250,1024,60.92,GPU,30
AMD Ryzen 5 5500,18000,6,12,3.6,4.2,19,65,NVIDIA RTX 4070 Ti,27000,12,2310,2610,285,192,1440p,1.5,0.6667,350,2304,61.61,CPU,47
AMD Ryzen 5 5600X,21000,6,12,3.7,4.6,35,65,NVIDIA RTX 3070,21000,8,1500,1730,220,256,4K,2.5,1.0,285,2048,72.08,CPU,21
Intel Core i7-12700K,30000,12,20,3.6,5.0,25,125,AMD RX 6500 XT,8000,4,2310,2815,107,64,1440p,1.5,3.75,232,256,55.23,GPU,14
AMD Ryzen 3 4100,11000,4,8,3.8,4.0,6,65,AMD RX 6700 XT,18000,12,2321,2581,230,192,1080p,1.0,0.6111,295,2304,37.97,CPU,54
AMD Ryzen 7 5800X,26000,8,16,3.8,4.7,36,105,AMD RX 6500 XT,8000,4,2310,2815,107,64,1080p,1.0,3.25,212,256,68.09,GPU,19
AMD Ryzen 7 7700X,32000,8,16,4.5,5.4,40,105,NVIDIA GTX 1650,7000,4,1485,1665,75,128,4K,2.5,4.5714,180,512,26.36,GPU,9
Intel Core i5-13600K,28000,14,20,3.5,5.1,24,125,NVIDIA RTX 3080,25000,10,1440,1710,320,320,1080p,1.0,1.12,445,3200,10.27,GPU,89
AMD Ryzen 9 7950X,42000,16,32,4.5,5.7,80,170,NVIDIA GTX 1660 SUPER,10000,6,1530,1785,125,192,1080p,1.0,4.2,295,1152,77.64,GPU,22
Intel Core i9-13900K,40000,24,32,3.0,5.8,36,125,AMD RX 7900 XTX,34000,24,1855,2499,355,384,1440p,1.5,1.1765,480,9216,31.43,CPU,77
Intel Core i5-13600K,28000,14,20,3.5,5.1,24,125,AMD RX 6600,14000,8,1626,2491,132,128,4K,2.5,2.0,257,1024,40.25,CPU,17
Intel Core i5-12400F,19000,6,12,2.5,4.4,18,65,NVIDIA RTX 3060 Ti,19000,8,1410,1665,200,256,1440p,1.5,1.0,265,2048,42.51,CPU,40
Intel Core i9-13900K,40000,24,32,3.0,5.8,36,125,NVIDIA RTX 3060 Ti,19000,8,1410,1665,200,256,1080p,1.0,2.1053,325,2048,51.35,GPU,50
Intel Core i7-14700K,37000,20,28,3.4,5.6,33,125,AMD RX 6600,14000,8,1626,2491,132,128,1440p,1.5,2.6429,257,1024,34.97,GPU,29
Intel Core i5-13600K,28000,14,20,3.5,5.1,24,125,NVIDIA RTX 3060,16000,12,1320,1777,170,192,1440p,1.5,1.75,295,2304,1.05,BALANCED,46
Intel Core i3-12100F,13000,4,8,3.3,4.3,12,58,AMD RX 6800 XT,24000,16,1825,2250,300,256,1440p,1.5,0.5417,358,4096,66.89,CPU,38
Intel Core i5-14400F,24000,10,16,2.5,4.7,20,65,AMD RX 7700 XT,21000,12,1700,2544,245,192,1440p,1.5,1.1429,310,2304,28.92,CPU,42
Intel Core i5-13600K,28000,14,20,3.5,5.1,24,125,AMD RX 7700 XT,21000,12,1700,2544,245,192,1080p,1.0,1.3333,370,2304,23.72,GPU,75
AMD Ryzen 7 7700X,32000,8,16,4.5,5.4,40,105,AMD RX 7900 XT,30000,20,1500,2394,315,320,1440p,1.5,1.0667,420,6400,38.48,CPU,58
AMD Ryzen 7 5700X,24000,8,16,3.4,4.6,36,65,NVIDIA RTX 3070,21000,8,1500,1730,220,256,4K,2.5,1.1429,285,2048,61.9,CPU,20
Intel Core i9-13900K,40000,24,32,3.0,5.8,36,125,AMD RX 6700 XT,18000,12,2321,2581,230,192,4K,2.5,2.2222,355,2304,32.56,CPU,24
Intel Core i7-14700K,37000,20,28,3.4,5.6,33,125,NVIDIA RTX 4090,38000,24,2235,2520,450,384,1440p,1.5,0.9737,575,9216,43.3,CPU,79
AMD Ryzen 5 7600X,27000,6,12,4.7,5.3,38,105,AMD RX 6900 XT,26000,16,1825,2250,300,256,1440p,1.5,1.0385,405,4096,40.26,CPU,51
Intel Core i5-13600K,28000,14,20,3.5,5.1,24,125,NVIDIA RTX 3090,27000,24,1395,1695,350,384,1080p,1.0,1.037,475,9216,3.94,BALANCED,108
Intel Core i9-14900K,41000,24,32,3.2,6.0,36,125,AMD RX 6500 XT,8000,4,2310,2815,107,64,1080p,1.0,5.125,232,256,80.67,GPU,17
AMD Ryzen 5 7600X,27000,6,12,4.7,5.3,38,105,NVIDIA GTX 1660 SUPER,10000,6,1530,1785,125,192,1080p,1.0,2.7,230,1152,59.27,GPU,23
Intel Core i5-12600K,25000,10,16,3.7,4.9,20,125,NVIDIA GT 1030,3000,2,1228,1468,30,64,4K,2.5,8.3333,155,128,60.51,GPU,5
AMD Ryzen 5 5500,18000,6,12,3.6,4.2,19,65,NVIDIA RTX 4070 Ti SUPER,29000,16,2340,2610,285,256,4K,2.5,0.6207,350,4096,78.99,CPU,23
AMD Ryzen 7 7700X,32000,8,16,4.5,5.4,40,105,NVIDIA RTX 4070 SUPER,26000,12,1980,2475,220,192,4K,2.5,1.2308,325,2304,61.43,CPU,25
AMD Ryzen 5 7600X,27000,6,12,4.7,5.3,38,105,AMD RX 6800 XT,24000,16,1825,2250,300,256,1440p,1.5,1.125,405,4096,31.04,CPU,50
Intel Core i9-13900K,40000,24,32,3.0,5.8,36,125,NVIDIA RTX 3070,21000,8,1500,1730,220,256,1080p,1.0,1.9048,345,2048,47.45,GPU,57
Intel Core i5-14600K,30000,14,20,3.5,5.3,24,125,NVIDIA RTX 3090,27000,24,1395,1695,350,384,1080p,1.0,1.1111,475,9216,11.09,GPU,102
AMD Ryzen 7 7800X3D,34000,8,16,4.2,5.0,104,120,NVIDIA RTX 4070,23000,12,1920,2475,200,192,4K,2.5,1.4783,320,2304,55.28,CPU,23
AMD Ryzen 5 7600,25000,6,12,3.8,5.1,38,65,NVIDIA RTX 3050,12000,8,1552,1777,130,128,1080p,1.0,2.0833,195,1024,54.51,GPU,34
Intel Core i5-13600K,28000,14,20,3.5,5.1,24,125,NVIDIA RTX 4060,18000,8,1830,2460,115,128,1440p,1.5,1.5556,240,1024,10.13,CPU,44
Intel Core i9-13900K,40000,24,32,3.0,5.8,36,125,AMD RX 7800 XT,24000,16,1295,2430,263,256,1440p,1.5,1.6667,388,4096,0.77,BALANCED,63
AMD Ryzen 5 7600,25000,6,12,3.8,5.1,38,65,AMD RX 6700 XT,18000,12,2321,2581,230,192,1080p,1.0,1.3889,295,2304,27.03,GPU,61
Intel Core i7-13700K,35000,16,24,3.4,5.4,30,125,AMD RX 7900 XTX,34000,24,1855,2499,355,384,4K,2.5,1.0294,480,9216,68.48,CPU,30
AMD Ryzen 9 5950X,32000,16,32,3.4,4.9,72,105,AMD RX 6900 XT,26000,16,1825,2250,300,256,1440p,1.5,1.2308,405,4096,27.31,CPU,60
AMD Ryzen 7 7800X3D,34000,8,16,4.2,5.0,104,120,AMD RX 7600,16000,8,1720,2655,165,128,1080p,1.0,2.125,285,1024,50.4,GPU,41
Intel Core i3-10100F,10000,4,8,3.6,4.3,6,65,NVIDIA RTX 4060,18000,8,1830,2460,115,128,4K,2.5,0.5556,180,1024,78.57,CPU,14
Intel Core i7-13700K,35000,16,24,3.4,5.4,30,125,NVIDIA GTX 1660 SUPER,10000,6,1530,1785,125,192,1080p,1.0,3.5,250,1152,71.17,GPU,24
AMD Ryzen 9 7950X,42000,16,32,4.5,5.7,80,170,NVIDIA RTX 3060 Ti,19000,8,1410,1665,200,256,4K,2.5,2.2105,370,2048,33.38,CPU,24
Intel Core i5-10400F,14000,6,12,2.9,4.3,12,65,NVIDIA RTX 3060,16000,12,1320,1777,170,192,1080p,1.0,0.875,235,2304,10.24,CPU,58
Intel Core i3-12100F,13000,4,8,3.3,4.3,12,58,AMD RX 7900 XTX,34000,24,1855,2499,355,384,4K,2.5,0.3824,413,9216,89.36,CPU,24
AMD Ryzen 5 7600,25000,6,12,3.8,5.1,38,65,AMD RX 6700 XT,18000,12,2321,2581,230,192,1440p,1.5,1.3889,295,2304,16.84,CPU,41
AMD Ryzen 5 5600,20000,6,12,3.5,4.4,35,65,AMD RX 6800 XT,24000,16,1825,2250,300,256,1440p,1.5,0.8333,365,4096,50.48,CPU,43
AMD Ryzen 7 7800X3D,34000,8,16,4.2,5.0,104,120,AMD RX 580,9000,8,1257,1340,185,256,4K,2.5,3.7778,305,2048,8.75,GPU,14
AMD Ryzen 5 7600X,27000,6,12,4.7,5.3,38,105,NVIDIA RTX 4070 Ti,27000,12,2310,2610,285,192,4K,2.5,1.0,390,2304,67.16,CPU,27
AMD Ryzen 7 5700X,24000,8,16,3.4,4.6,36,65,NVIDIA RTX 4080,32000,16,2205,2505,320,256,1080p,1.0,0.75,385,4096,21.15,CPU,113
AMD Ryzen 5 5500,18000,6,12,3.6,4.2,19,65,NVIDIA GTX 1660 SUPER,10000,6,1530,1785,125,192,1080p,1.0,1.8,190,1152,47.68,GPU,29
AMD Ryzen 7 7700X,32000,8,16,4.5,5.4,40,105,NVIDIA GT 1030,3000,2,1228,1468,30,64,4K,2.5,10.6667,135,128,70.77,GPU,5
Intel Core i7-14700K,37000,20,28,3.4,5.6,33,125,NVIDIA RTX 4070,23000,12,1920,2475,200,192,1080p,1.0,1.6087,325,2304,38.23,GPU,72
AMD Ryzen 9 7900X,38000,12,24,4.7,5.6,76,170,NVIDIA RTX 3060 Ti,19000,8,1410,1665,200,256,1080p,1.0,2.0,370,2048,50.6,GPU,56
AMD Ryzen 7 5700X,24000,8,16,3.4,4.6,36,65,AMD RX 7900 XT,30000,20,1500,2394,315,320,1080p,1.0,0.8,380,6400,22.6,CPU,110
AMD Ryzen 7 7800X3D,34000,8,16,4.2,5.0,104,120,NVIDIA RTX 3060 Ti,19000,8,1410,1665,200,256,1080p,1.0,1.7895,320,2048,43.25,GPU,52
Intel Core i3-10100F,10000,4,8,3.6,4.3,6,65,NVIDIA RTX 3080,25000,10,1440,1710,320,320,1080p,1.0,0.4,385,3200,57.1,CPU,61
Intel Core i7-14700K,37000,20,28,3.4,5.6,33,125,NVIDIA GTX 1660 SUPER,10000,6,1530,1785,125,192,4K,2.5,3.7,250,1152,10.94,GPU,16
AMD Ryzen 9 7900X,38000,12,24,4.7,5.6,76,170,AMD RX 6900 XT,26000,16,1825,2250,300,256,1080p,1.0,1.4615,470,4096,30.37,GPU,83
AMD Ryzen 7 5800X,26000,8,16,3.8,4.7,36,105,NVIDIA GTX 1660 SUPER,10000,6,1530,1785,125,192,4K,2.5,2.6,230,1152,21.34,CPU,14
Intel Core i9-12900K,35000,16,24,3.2,5.2,30,125,NVIDIA RTX 3080,25000,10,1440,1710,320,320,4K,2.5,1.4,445,3200,58.95,CPU,25
Intel Core i5-13600K,28000,14,20,3.5,5.1,24,125,NVIDIA RTX 4070 Ti,27000,12,2310,2610,285,192,1440p,1.5,1.037,410,2304,39.84,CPU,51
Intel Core i3-10100F,10000,4,8,3.6,4.3,6,65,NVIDIA RTX 4090,38000,24,2235,2520,450,384,4K,2.5,0.2632,515,9216,93.39,CPU,29
Intel Core i7-12700K,30000,12,20,3.6,5.0,25,125,NVIDIA RTX 3090,27000,24,1395,1695,350,384,1080p,1.0,1.1111,475,9216,9.09,GPU,97
Intel Core i5-12600K,25000,10,16,3.7,4.9,20,125,AMD RX 6700 XT,18000,12,2321,2581,230,192,1440p,1.5,1.3889,355,2304,22.34,CPU,42
Intel Core i5-14600K,30000,14,20,3.5,5.3,24,125,NVIDIA RTX 3090,27000,24,1395,1695,350,384,4K,2.5,1.1111,475,9216,69.45,CPU,24
Intel Core i7-13700K,35000,16,24,3.4,5.4,30,125,AMD RX 7600,16000,8,1720,2655,165,128,4K,2.5,2.1875,290,1024,34.39,CPU,21
Intel Core i7-12700K,30000,12,20,3.6,5.0,25,125,NVIDIA RTX 3060 Ti,19000,8,1410,1665,200,256,1440p,1.5,1.5789,325,2048,5.26,CPU,52
AMD Ryzen 5 5600,20000,6,12,3.5,4.4,35,65,NVIDIA RTX 3090,27000,24,1395,1695,350,384,4K,2.5,0.7407,415,9216,81.93,CPU,23
AMD Ryzen 7 7700X,32000,8,16,4.5,5.4,40,105,NVIDIA GTX 1650,7000,4,1485,1665,75,128,1080p,1.0,4.5714,180,512,77.12,GPU,15
AMD Ryzen 5 5600,20000,6,12,3.5,4.4,35,65,NVIDIA RTX 4080,32000,16,2205,2505,320,256,1440p,1.5,0.625,385,4096,61.87,CPU,53
Intel Core i3-10100F,10000,4,8,3.6,4.3,6,65,NVIDIA GT 1030,3000,2,1228,1468,30,64,4K,2.5,3.3333,95,128,0.95,BALANCED,5
AMD Ryzen 9 5900X,29000,12,24,3.7,4.8,70,105,AMD RX 7900 XTX,34000,24,1855,2499,355,384,1440p,1.5,0.8529,460,9216,51.04,CPU,62
Intel Core i3-13100F,14000,4,8,3.4,4.5,12,58,NVIDIA RTX 3080,25000,10,1440,1710,320,320,1080p,1.0,0.56,378,3200,42.66,CPU,74
AMD Ryzen 5 5600,20000,6,12,3.5,4.4,35,65,AMD RX 580,9000,8,1257,1340,185,256,4K,2.5,2.2222,250,2048,30.34,CPU,12
Intel Core i5-14600K,30000,14,20,3.5,5.3,24,125,NVIDIA RTX 3060 Ti,19000,8,1410,1665,200,256,1440p,1.5,1.5789,325,2048,4.14,CPU,52
Intel Core i3-13100F,14000,4,8,3.4,4.5,12,58,NVIDIA RTX 3060 Ti,19000,8,1410,1665,200,256,1440p,1.5,0.7368,258,2048,53.78,CPU,34
AMD Ryzen 7 7800X3D,34000,8,16,4.2,5.0,104,120,NVIDIA GTX 1650,7000,4,1485,1665,75,128,4K,2.5,4.8571,195,512,31.84,GPU,9
Intel Core i9-13900K,40000,24,32,3.0,5.8,36,125,NVIDIA RTX 4070 SUPER,26000,12,1980,2475,220,192,4K,2.5,1.5385,345,2304,52.85,CPU,27
AMD Ryzen 9 7950X,42000,16,32,4.5,5.7,80,170,AMD RX 6900 XT,26000,16,1825,2250,300,256,1440p,1.5,1.6154,470,4096,0.77,BALANCED,75
AMD Ryzen 7 5700X,24000,8,16,3.4,4.6,36,65,AMD RX 580,9000,8,1257,1340,185,256,4K,2.5,2.6667,250,2048,20.78,CPU,13
Intel Core i9-12900K,35000,16,24,3.2,5.2,30,125,NVIDIA GT 1030,3000,2,1228,1468,30,64,1440p,1.5,11.6667,155,128,85.49,GPU,5
Intel Core i5-12600K,25000,10,16,3.7,4.9,20,125,AMD RX 6600,14000,8,1626,2491,132,128,1440p,1.5,1.7857,257,1024,3.06,BALANCED,40
Intel Core i5-14600K,30000,14,20,3.5,5.3,24,125,AMD RX 7600,16000,8,1720,2655,165,128,1080p,1.0,1.875,290,1024,42.89,GPU,44
AMD Ryzen 9 7900X,38000,12,24,4.7,5.6,76,170,NVIDIA RTX 4070,23000,12,1920,2475,200,192,1440p,1.5,1.6522,370,2304,3.51,BALANCED,66
Intel Core i5-13400F,22000,10,16,2.5,4.6,20,65,AMD RX 7800 XT,24000,16,1295,2430,263,256,4K,2.5,0.9167,328,4096,73.14,CPU,22
AMD Ryzen 7 7800X3D,34000,8,16,4.2,5.0,104,120,NVIDIA GT 1030,3000,2,1228,1468,30,64,4K,2.5,11.3333,150,128,70.01,GPU,5
AMD Ryzen 9 5900X,29000,12,24,3.7,4.8,70,105,NVIDIA GTX 1650,7000,4,1485,1665,75,128,4K,2.5,4.1429,180,512,19.98,GPU,9
AMD Ryzen 5 7600,25000,6,12,3.8,5.1,38,65,AMD RX 6500 XT,8000,4,2310,2815,107,64,1440p,1.5,3.125,172,256,44.08,GPU,16
AMD Ryzen 7 7700X,32000,8,16,4.5,5.4,40,105,AMD RX 7900 XT,30000,20,1500,2394,315,320,1080p,1.0,1.0667,420,6400,4.35,BALANCED,127
AMD Ryzen 7 7800X3D,34000,8,16,4.2,5.0,104,120,AMD RX 7600,16000,8,1720,2655,165,128,1440p,1.5,2.125,285,1024,20.26,GPU,39
Intel Core i5-13600K,28000,14,20,3.5,5.1,24,125,NVIDIA RTX 4070 Ti,27000,12,2310,2610,285,192,4K,2.5,1.037,410,2304,70.04,CPU,27
Intel Core i9-13900K,40000,24,32,3.0,5.8,36,125,NVIDIA RTX 4090,38000,24,2235,2520,450,384,4K,2.5,1.0526,575,9216,69.56,CPU,33
Intel Core i3-12100F,13000,4,8,3.3,4.3,12,58,AMD RX 580,9000,8,1257,1340,185,256,1440p,1.5,1.4444,243,2048,11.9,CPU,23
AMD Ryzen 9 7900X,38000,12,24,4.7,5.6,76,170,NVIDIA RTX 4090,38000,24,2235,2520,450,384,1440p,1.5,1.0,620,9216,40.09,CPU,75
Intel Core i5-14400F,24000,10,16,2.5,4.7,20,65,NVIDIA RTX 4070,23000,12,1920,2475,200,192,4K,2.5,1.0435,265,2304,66.05,CPU,22
AMD Ryzen 3 4100,11000,4,8,3.8,4.0,6,65,NVIDIA RTX 4070 Ti SUPER,29000,16,2340,2610,285,256,1440p,1.5,0.3793,350,4096,79.33,CPU,44
AMD Ryzen 7 5700X,24000,8,16,3.4,4.6,36,65,NVIDIA GTX 1660 SUPER,10000,6,1530,1785,125,192,1080p,1.0,2.4,190,1152,58.97,GPU,24
AMD Ryzen 3 4100,11000,4,8,3.8,4.0,6,65,AMD RX 7900 XT,30000,20,1500,2394,315,320,1080p,1.0,0.3667,380,6400,60.55,CPU,74
Intel Core i7-12700K,30000,12,20,3.6,5.0,25,125,NVIDIA RTX 4080 SUPER,33000,16,2295,2550,320,256,1080p,1.0,0.9091,445,4096,11.4,CPU,127
Intel Core i7-12700K,30000,12,20,3.6,5.0,25,125,NVIDIA RTX 4060 Ti,20000,8,2310,2535,160,128,1440p,1.5,1.5,285,1024,15.85,CPU,54
Intel Core i7-13700K,35000,16,24,3.4,5.4,30,125,AMD RX 6900 XT,26000,16,1825,2250,300,256,4K,2.5,1.3462,425,4096,57.69,CPU,25
Intel Core i7-14700K,37000,20,28,3.4,5.6,33,125,AMD RX 580,9000,8,1257,1340,185,256,1080p,1.0,4.1111,310,2048,75.73,GPU,21
Intel Core i3-12100F,13000,4,8,3.3,4.3,12,58,AMD RX 7900 XTX,34000,24,1855,2499,355,384,1080p,1.0,0.3824,413,9216,63.46,CPU,90
Intel Core i9-14900K,41000,24,32,3.2,6.0,36,125,AMD RX 7600,16000,8,1720,2655,165,128,1080p,1.0,2.5625,290,1024,61.38,GPU,40
AMD Ryzen 5 7600X,27000,6,12,4.7,5.3,38,105,AMD RX 6700 XT,18000,12,2321,2581,230,192,1440p,1.5,1.5,335,2304,7.19,CPU,46
Intel Core i5-14400F,24000,10,16,2.5,4.7,20,65,AMD RX 580,9000,8,1257,1340,185,256,1440p,1.5,2.6667,250,2048,34.32,GPU,19
AMD Ryzen 9 7950X,42000,16,32,4.5,5.7,80,170,NVIDIA RTX 4060 Ti,20000,8,2310,2535,160,128,1440p,1.5,2.1,330,1024,21.9,GPU,46
AMD Ryzen 9 5900X,29000,12,24,3.7,4.8,70,105,NVIDIA RTX 3060 Ti,19000,8,1410,1665,200,256,4K,2.5,1.5263,305,2048,51.66,CPU,21
AMD Ryzen 5 5600,20000,6,12,3.5,4.4,35,65,AMD RX 6500 XT,8000,4,2310,2815,107,64,1080p,1.0,2.5,172,256,59.9,GPU,21
Intel Core i5-14600K,30000,14,20,3.5,5.3,24,125,NVIDIA RTX 3060 Ti,19000,8,1410,1665,200,256,1080p,1.0,1.5789,325,2048,38.8,GPU,62
Intel Core i5-10400F,14000,6,12,2.9,4.3,12,65,NVIDIA RTX 3080,25000,10,1440,1710,320,320,1440p,1.5,0.56,385,3200,65.13,CPU,40
Intel Core i7-12700K,30000,12,20,3.6,5.0,25,125,AMD RX 6700 XT,18000,12,2321,2581,230,192,1440p,1.5,1.6667,355,2304,2.3,BALANCED,52
Intel Core i5-10400F,14000,6,12,2.9,4.3,12,65,NVIDIA GTX 1650,7000,4,1485,1665,75,128,1080p,1.0,2.0,140,512,48.16,GPU,20
Intel Core i7-13700K,35000,16,24,3.4,5.4,30,125,AMD RX 7900 XT,30000,20,1500,2394,315,320,1080p,1.0,1.1667,440,6400,12.29,GPU,118
Intel Core i3-10100F,10000,4,8,3.6,4.3,6,65,AMD RX 6700 XT,18000,12,2321,2581,230,192,4K,2.5,0.5556,295,2304,81.22,CPU,15
AMD Ryzen 7 5800X,26000,8,16,3.8,4.7,36,105,NVIDIA RTX 4060,18000,8,1830,2460,115,128,1440p,1.5,1.4444,220,1024,14.2,CPU,47
Intel Core i9-12900K,35000,16,24,3.2,5.2,30,125,AMD RX 6500 XT,8000,4,2310,2815,107,64,1440p,1.5,4.375,232,256,61.96,GPU,14
Intel Core i9-14900K,41000,24,32,3.2,6.0,36,125,NVIDIA RTX 3080,25000,10,1440,1710,320,320,1080p,1.0,1.64,445,3200,40.41,GPU,72
Intel Core i5-14600K,30000,14,20,3.5,5.3,24,125,NVIDIA GTX 1650,7000,4,1485,1665,75,128,4K,2.5,4.2857,200,512,25.99,GPU,10
AMD Ryzen 9 5900X,29000,12,24,3.7,4.8,70,105,AMD RX 7700 XT,21000,12,1700,2544,245,192,4K,2.5,1.381,350,2304,60.05,CPU,21
AMD Ryzen 7 5800X,26000,8,16,3.8,4.7,36,105,NVIDIA GT 1030,3000,2,1228,1468,30,64,1080p,1.0,8.6667,135,128,87.85,GPU,5
Intel Core i5-14400F,24000,10,16,2.5,4.7,20,65,NVIDIA RTX 3060 Ti,19000,8,1410,1665,200,256,1080p,1.0,1.2632,265,2048,22.29,GPU,66
Intel Core i5-10400F,14000,6,12,2.9,4.3,12,65,AMD RX 7800 XT,24000,16,1295,2430,263,256,4K,2.5,0.5833,328,4096,79.52,CPU,19
Intel Core i5-12600K,25000,10,16,3.7,4.9,20,125,AMD RX 580,9000,8,1257,1340,185,256,1440p,1.5,2.7778,310,2048,38.2,GPU,19
Intel Core i3-13100F,14000,4,8,3.4,4.5,12,58,NVIDIA RTX 3050,12000,8,1552,1777,130,128,1440p,1.5,1.1667,188,1024,32.82,CPU,26
Intel Core i7-12700K,30000,12,20,3.6,5.0,25,125,AMD RX 7800 XT,24000,16,1295,2430,263,256,1080p,1.0,1.25,388,4096,19.79,GPU,87
AMD Ryzen 5 5500,18000,6,12,3.6,4.2,19,65,NVIDIA RTX 3060 Ti,19000,8,1410,1665,200,256,4K,2.5,0.9474,265,2048,72.26,CPU,18
Intel Core i5-14400F,24000,10,16,2.5,4.7,20,65,AMD RX 6700 XT,18000,12,2321,2581,230,192,1440p,1.5,1.3333,295,2304,20.86,CPU,40
AMD Ryzen 5 5600X,21000,6,12,3.7,4.6,35,65,AMD RX 6800 XT,24000,16,1825,2250,300,256,4K,2.5,0.875,365,4096,72.44,CPU,22
AMD Ryzen 5 7600,25000,6,12,3.8,5.1,38,65,AMD RX 7900 XTX,34000,24,1855,2499,355,384,1080p,1.0,0.7353,420,9216,23.22,CPU,118
AMD Ryzen 3 4100,11000,4,8,3.8,4.0,6,65,AMD RX 6500 XT,8000,4,2310,2815,107,64,4K,2.5,1.375,172,256,57.24,CPU,8
Intel Core i5-12600K,25000,10,16,3.7,4.9,20,125,NVIDIA RTX 3060,16000,12,1320,1777,170,192,1440p,1.5,1.5625,295,2304,10.06,CPU,39
AMD Ryzen 7 7700X,32000,8,16,4.5,5.4,40,105,AMD RX 6700 XT,18000,12,2321,2581,230,192,1080p,1.0,1.7778,335,2304,45.29,GPU,54
Intel Core i5-13400F,22000,10,16,2.5,4.6,20,65,NVIDIA RTX 3090,27000,24,1395,1695,350,384,1080p,1.0,0.8148,415,9216,15.86,CPU,103
AMD Ryzen 9 5900X,29000,12,24,3.7,4.8,70,105,AMD RX 6600,14000,8,1626,2491,132,128,1440p,1.5,2.0714,237,1024,19.21,GPU,33
Intel Core i7-14700K,37000,20,28,3.4,5.6,33,125,NVIDIA RTX 3070,21000,8,1500,1730,220,256,1080p,1.0,1.7619,345,2048,43.95,GPU,61
Intel Core i5-13400F,22000,10,16,2.5,4.6,20,65,NVIDIA RTX 4070 SUPER,26000,12,1980,2475,220,192,1440p,1.5,0.8462,285,2304,51.4,CPU,49
AMD Ryzen 5 7600X,27000,6,12,4.7,5.3,38,105,AMD RX 580,9000,8,1257,1340,185,256,1080p,1.0,3.0,290,2048,65.87,GPU,21
AMD Ryzen 9 5950X,32000,16,32,3.4,4.9,72,105,NVIDIA GT 1030,3000,2,1228,1468,30,64,1080p,1.0,10.6667,135,128,94.54,GPU,5
Intel Core i7-14700K,37000,20,28,3.4,5.6,33,125,AMD RX 580,9000,8,1257,1340,185,256,1440p,1.5,4.1111,310,2048,60.44,GPU,16
AMD Ryzen 5 5600,20000,6,12,3.5,4.4,35,65,AMD RX 6500 XT,8000,4,2310,2815,107,64,4K,2.5,2.5,172,256,23.13,CPU,11
AMD Ryzen 9 7950X,42000,16,32,4.5,5.7,80,170,NVIDIA RTX 4080 SUPER,33000,16,2295,2550,320,256,1080p,1.0,1.2727,490,4096,22.8,GPU,116
Intel Core i5-14400F,24000,10,16,2.5,4.7,20,65,AMD RX 580,9000,8,1257,1340,185,256,1080p,1.0,2.6667,250,2048,64.76,GPU,24
Intel Core i3-10100F,10000,4,8,3.6,4.3,6,65,AMD RX 6600,14000,8,1626,2491,132,128,1080p,1.0,0.7143,197,1024,29.06,CPU,45
AMD Ryzen 9 5950X,32000,16,32,3.4,4.9,72,105,NVIDIA GTX 1650,7000,4,1485,1665,75,128,1440p,1.5,4.5714,180,512,60.78,GPU,12
Intel Core i5-14400F,24000,10,16,2.5,4.7,20,65,NVIDIA RTX 4090,38000,24,2235,2520,450,384,1440p,1.5,0.6316,515,9216,61.09,CPU,64
Intel Core i9-13900K,40000,24,32,3.0,5.8,36,125,NVIDIA RTX 3050,12000,8,1552,1777,130,128,1080p,1.0,3.3333,255,1024,68.64,GPU,27
AMD Ryzen 3 4100,11000,4,8,3.8,4.0,6,65,NVIDIA RTX 4070 Ti SUPER,29000,16,2340,2610,285,256,1080p,1.0,0.3793,350,4096,63.17,CPU,74
AMD Ryzen 7 7700X,32000,8,16,4.5,5.4,40,105,AMD RX 6800 XT,24000,16,1825,2250,300,256,4K,2.5,1.3333,405,4096,59.88,CPU,25
Intel Core i5-10400F,14000,6,12,2.9,4.3,12,65,NVIDIA RTX 3060 Ti,19000,8,1410,1665,200,256,1440p,1.5,0.7368,265,2048,59.14,CPU,32
AMD Ryzen 9 5950X,32000,16,32,3.4,4.9,72,105,AMD RX 6800 XT,24000,16,1825,2250,300,256,4K,2.5,1.3333,405,4096,61.08,CPU,25
Intel Core i5-10400F,14000,6,12,2.9,4.3,12,65,AMD RX 580,9000,8,1257,1340,185,256,1440p,1.5,1.5556,250,2048,5.59,CPU,23
AMD Ryzen 9 5900X,29000,12,24,3.7,4.8,70,105,NVIDIA RTX 3080,25000,10,1440,1710,320,320,4K,2.5,1.16,425,3200,62.09,CPU,24
Intel Core i5-12400F,19000,6,12,2.5,4.4,18,65,AMD RX 7800 XT,24000,16,1295,2430,263,256,1080p,1.0,0.7917,328,4096,20.33,CPU,85
AMD Ryzen 7 5800X,26000,8,16,3.8,4.7,36,105,AMD RX 6600,14000,8,1626,2491,132,128,1080p,1.0,1.8571,237,1024,47.61,GPU,43
AMD Ryzen 9 7950X,42000,16,32,4.5,5.7,80,170,NVIDIA RTX 4070 SUPER,26000,12,1980,2475,220,192,1440p,1.5,1.6154,390,2304,2.15,BALANCED,74
AMD Ryzen 5 5600,20000,6,12,3.5,4.4,35,65,AMD RX 7600,16000,8,1720,2655,165,128,4K,2.5,1.25,230,1024,64.82,CPU,15
Intel Core i5-13600K,28000,14,20,3.5,5.1,24,125,AMD RX 7900 XTX,34000,24,1855,2499,355,384,4K,2.5,0.8235,480,9216,77.89,CPU,30
AMD Ryzen 7 5700X,24000,8,16,3.4,4.6,36,65,NVIDIA RTX 4060,18000,8,1830,2460,115,128,1440p,1.5,1.3333,180,1024,19.67,CPU,40
AMD Ryzen 5 5600X,21000,6,12,3.7,4.6,35,65,AMD RX 7600,16000,8,1720,2655,165,128,4K,2.5,1.3125,230,1024,61.04,CPU,16
Intel Core i9-13900K,40000,24,32,3.0,5.8,36,125,NVIDIA RTX 3090,27000,24,1395,1695,350,384,1080p,1.0,1.4815,475,9216,33.47,GPU,84
Intel Core i3-13100F,14000,4,8,3.4,4.5,12,58,NVIDIA RTX 3060,16000,12,1320,1777,170,192,1440p,1.5,0.875,228,2304,44.18,CPU,29
Intel Core i5-12400F,19000,6,12,2.5,4.4,18,65,NVIDIA GTX 1660 SUPER,10000,6,1530,1785,125,192,1440p,1.5,1.9,190,1152,8.79,GPU,24
AMD Ryzen 5 7600X,27000,6,12,4.7,5.3,38,105,NVIDIA RTX 3080,25000,10,1440,1710,320,320,1440p,1.5,1.08,425,3200,34.12,CPU,54
Intel Core i5-14600K,30000,14,20,3.5,5.3,24,125,AMD RX 7800 XT,24000,16,1295,2430,263,256,4K,2.5,1.25,388,4096,59.05,CPU,23
AMD Ryzen 5 5600,20000,6,12,3.5,4.4,35,65,NVIDIA RTX 4060 Ti,20000,8,2310,2535,160,128,4K,2.5,1.0,225,1024,72.03,CPU,18
Intel Core i3-13100F,14000,4,8,3.4,4.5,12,58,NVIDIA RTX 4070 Ti SUPER,29000,16,2340,2610,285,256,1440p,1.5,0.4828,343,4096,71.91,CPU,47
Intel Core i9-12900K,35000,16,24,3.2,5.2,30,125,NVIDIA RTX 4070,23000,12,1920,2475,200,192,1080p,1.0,1.5217,325,2304,31.62,GPU,72
Intel Core i5-13600K,28000,14,20,3.5,5.1,24,125,NVIDIA GTX 1660 SUPER,10000,6,1530,1785,125,192,1080p,1.0,2.8,250,1152,66.24,GPU,23
Intel Core i3-12100F,13000,4,8,3.3,4.3,12,58,NVIDIA RTX 4070 SUPER,26000,12,1980,2475,220,192,4K,2.5,0.5,278,2304,87.61,CPU,21
AMD Ryzen 9 5900X,29000,12,24,3.7,4.8,70,105,NVIDIA GTX 1660 SUPER,10000,6,1530,1785,125,192,1440p,1.5,2.9,230,1152,41.6,GPU,19
Intel Core i5-14400F,24000,10,16,2.5,4.7,20,65,NVIDIA RTX 3060,16000,12,1320,1777,170,192,1440p,1.5,1.5,235,2304,7.99,CPU,38
Intel Core i9-12900K,35000,16,24,3.2,5.2,30,125,AMD RX 6800 XT,24000,16,1825,2250,300,256,4K,2.5,1.4583,425,4096,52.38,CPU,25
AMD Ryzen 3 4100,11000,4,8,3.8,4.0,6,65,AMD RX 6700 XT,18000,12,2321,2581,230,192,4K,2.5,0.6111,295,2304,80.81,CPU,15
AMD Ryzen 9 5900X,29000,12,24,3.7,4.8,70,105,NVIDIA RTX 3080,25000,10,1440,1710,320,320,1080p,1.0,1.16,425,3200,12.79,GPU,86
Intel Core i3-10100F,10000,4,8,3.6,4.3,6,65,NVIDIA RTX 4070,23000,12,1920,2475,200,192,4K,2.5,0.4348,265,2304,87.4,CPU,18
AMD Ryzen 5 5600,20000,6,12,3.5,4.4,35,65,AMD RX 6600,14000,8,1626,2491,132,128,1080p,1.0,1.4286,197,1024,31.35,GPU,45
Intel Core i9-13900K,40000,24,32,3.0,5.8,36,125,AMD RX 7800 XT,24000,16,1295,2430,263,256,4K,2.5,1.6667,388,4096,53.44,CPU,27
Intel Core i7-14700K,37000,20,28,3.4,5.6,33,125,NVIDIA RTX 3080,25000,10,1440,1710,320,320,4K,2.5,1.48,445,3200,55.42,CPU,25
AMD Ryzen 7 5800X,26000,8,16,3.8,4.7,36,105,NVIDIA RTX 4070 Ti SUPER,29000,16,2340,2610,285,256,1080p,1.0,0.8966,390,4096,10.85,CPU,113
AMD Ryzen 5 7600X,27000,6,12,4.7,5.3,38,105,AMD RX 580,9000,8,1257,1340,185,256,1440p,1.5,3.0,290,2048,42.37,GPU,18
Intel Core i3-13100F,14000,4,8,3.4,4.5,12,58,NVIDIA GTX 1650,7000,4,1485,1665,75,128,1440p,1.5,2.0,133,512,15.57,GPU,18
AMD Ryzen 5 5600,20000,6,12,3.5,4.4,35,65,AMD RX 6900 XT,26000,16,1825,2250,300,256,4K,2.5,0.7692,365,4096,75.1,CPU,22
AMD Ryzen 5 7600,25000,6,12,3.8,5.1,38,65,AMD RX 6900 XT,26000,16,1825,2250,300,256,1080p,1.0,0.9615,365,4096,3.59,BALANCED,104
Intel Core i3-10100F,10000,4,8,3.6,4.3,6,65,AMD RX 580,9000,8,1257,1340,185,256,1440p,1.5,1.1111,250,2048,31.98,CPU,18
Intel Core i5-12600K,25000,10,16,3.7,4.9,20,125,AMD RX 7800 XT,24000,16,1295,2430,263,256,4K,2.5,1.0417,388,4096,66.7,CPU,24
Intel Core i7-12700K,30000,12,20,3.6,5.0,25,125,AMD RX 7900 XTX,34000,24,1855,2499,355,384,1440p,1.5,0.8824,480,9216,47.9,CPU,68
AMD Ryzen 5 5600,20000,6,12,3.5,4.4,35,65,AMD RX 580,9000,8,1257,1340,185,256,1440p,1.5,2.2222,250,2048,23.33,GPU,21
AMD Ryzen 9 7950X,42000,16,32,4.5,5.7,80,170,NVIDIA RTX 3070,21000,8,1500,1730,220,256,1440p,1.5,2.0,390,2048,13.85,GPU,54
AMD Ryzen 9 5950X,32000,16,32,3.4,4.9,72,105,NVIDIA RTX 3060 Ti,19000,8,1410,1665,200,256,1440p,1.5,1.6842,305,2048,0,BALANCED,52
AMD Ryzen 9 7950X,42000,16,32,4.5,5.7,80,170,NVIDIA GTX 1650,7000,4,1485,1665,75,128,1440p,1.5,6.0,245,512,69.28,GPU,11
AMD Ryzen 7 7700X,32000,8,16,4.5,5.4,40,105,AMD RX 7900 XTX,34000,24,1855,2499,355,384,1080p,1.0,0.9412,460,9216,1.93,CPU,135
AMD Ryzen 9 5950X,32000,16,32,3.4,4.9,72,105,NVIDIA RTX 4080 SUPER,33000,16,2295,2550,320,256,4K,2.5,0.9697,425,4096,67.38,CPU,32
Intel Core i9-12900K,35000,16,24,3.2,5.2,30,125,NVIDIA GTX 1650,7000,4,1485,1665,75,128,4K,2.5,5.0,200,512,34.34,GPU,9
AMD Ryzen 7 7800X3D,34000,8,16,4.2,5.0,104,120,AMD RX 6500 XT,8000,4,2310,2815,107,64,1080p,1.0,4.25,227,256,77.64,GPU,17
Intel Core i9-13900K,40000,24,32,3.0,5.8,36,125,NVIDIA GT 1030,3000,2,1228,1468,30,64,1080p,1.0,13.3333,155,128,92.47,GPU,6
AMD Ryzen 3 4100,11000,4,8,3.8,4.0,6,65,NVIDIA RTX 3050,12000,8,1552,1777,130,128,1440p,1.5,0.9167,195,1024,47.08,CPU,22
AMD Ryzen 5 5500,18000,6,12,3.6,4.2,19,65,NVIDIA RTX 4080,32000,16,2205,2505,320,256,1080p,1.0,0.5625,385,4096,41.29,CPU,97
Intel Core i5-13400F,22000,10,16,2.5,4.6,20,65,AMD RX 6600,14000,8,1626,2491,132,128,1080p,1.0,1.5714,197,1024,36.2,GPU,46
Intel Core i7-12700K,30000,12,20,3.6,5.0,25,125,AMD RX 580,9000,8,1257,1340,185,256,1080p,1.0,3.3333,310,2048,73.34,GPU,21
AMD Ryzen 5 5500,18000,6,12,3.6,4.2,19,65,NVIDIA GTX 1650,7000,4,1485,1665,75,128,1440p,1.5,2.5714,140,512,36.3,GPU,15
Intel Core i3-12100F,13000,4,8,3.3,4.3,12,58,NVIDIA RTX 4070 SUPER,26000,12,1980,2475,220,192,1440p,1.5,0.5,278,2304,68.5,CPU,40
AMD Ryzen 3 4100,11000,4,8,3.8,4.0,6,65,NVIDIA RTX 3060,16000,12,1320,1777,170,192,4K,2.5,0.6875,235,2304,76.85,CPU,14
AMD Ryzen 5 7600X,27000,6,12,4.7,5.3,38,105,NVIDIA RTX 4090,38000,24,2235,2520,450,384,1440p,1.5,0.7105,555,9216,58.18,CPU,68
Intel Core i9-13900K,40000,24,32,3.0,5.8,36,125,NVIDIA RTX 4080 SUPER,33000,16,2295,2550,320,256,1440p,1.5,1.2121,445,4096,31.66,CPU,69
Intel Core i5-12600K,25000,10,16,3.7,4.9,20,125,NVIDIA RTX 3060 Ti,19000,8,1410,1665,200,256,1440p,1.5,1.3158,325,2048,23.49,CPU,42
AMD Ryzen 9 7900X,38000,12,24,4.7,5.6,76,170,NVIDIA RTX 4060 Ti,20000,8,2310,2535,160,128,1080p,1.0,1.9,330,1024,46.59,GPU,58
AMD Ryzen 9 7950X,42000,16,32,4.5,5.7,80,170,AMD RX 7900 XTX,34000,24,1855,2499,355,384,1440p,1.5,1.2353,525,9216,29.46,CPU,75
Intel Core i9-14900K,41000,24,32,3.2,6.0,36,125,AMD RX 6700 XT,18000,12,2321,2581,230,192,1440p,1.5,2.2778,355,2304,25.81,GPU,43
AMD Ryzen 9 5900X,29000,12,24,3.7,4.8,70,105,AMD RX 6600,14000,8,1626,2491,132,128,4K,2.5,2.0714,237,1024,37.34,CPU,17
Intel Core i9-12900K,35000,16,24,3.2,5.2,30,125,AMD RX 6500 XT,8000,4,2310,2815,107,64,4K,2.5,4.375,232,256,21.68,GPU,11
AMD Ryzen 5 7600X,27000,6,12,4.7,5.3,38,105,NVIDIA RTX 4070 SUPER,26000,12,1980,2475,220,192,1440p,1.5,1.0385,325,2304,37.87,CPU,49
Intel Core i5-12400F,19000,6,12,2.5,4.4,18,65,AMD RX 6600,14000,8,1626,2491,132,128,4K,2.5,1.3571,197,1024,60.98,CPU,15
Intel Core i7-12700K,30000,12,20,3.6,5.0,25,125,AMD RX 7600,16000,8,1720,2655,165,128,4K,2.5,1.875,290,1024,45.47,CPU,18
Intel Core i5-13400F,22000,10,16,2.5,4.6,20,65,NVIDIA GTX 1650,7000,4,1485,1665,75,128,4K,2.5,3.1429,140,512,1.54,BALANCED,12
Intel Core i5-12400F,19000,6,12,2.5,4.4,18,65,NVIDIA RTX 3050,12000,8,1552,1777,130,128,4K,2.5,1.5833,195,1024,50.29,CPU,13
Intel Core i5-14600K,30000,14,20,3.5,5.3,24,125,NVIDIA GTX 1650,7000,4,1485,1665,75,128,1440p,1.5,4.2857,200,512,57.19,GPU,12
Intel Core i5-14400F,24000,10,16,2.5,4.7,20,65,NVIDIA RTX 3090,27000,24,1395,1695,350,384,1440p,1.5,0.8889,415,9216,50.14,CPU,52
Intel Core i9-12900K,35000,16,24,3.2,5.2,30,125,NVIDIA RTX 3050,12000,8,1552,1777,130,128,1080p,1.0,2.9167,255,1024,67.34,GPU,28
AMD Ryzen 7 7800X3D,34000,8,16,4.2,5.0,104,120,AMD RX 7800 XT,24000,16,1295,2430,263,256,1080p,1.0,1.4167,383,4096,27.77,GPU,77
Intel Core i5-12400F,19000,6,12,2.5,4.4,18,65,NVIDIA RTX 4070,23000,12,1920,2475,200,192,1080p,1.0,0.8261,265,2304,18.81,CPU,78
Intel Core i5-12400F,19000,6,12,2.5,4.4,18,65,AMD RX 7900 XTX,34000,24,1855,2499,355,384,4K,2.5,0.5588,420,9216,84.26,CPU,28
Intel Core i9-14900K,41000,24,32,3.2,6.0,36,125,AMD RX 6500 XT,8000,4,2310,2815,107,64,4K,2.5,5.125,232,256,35.31,GPU,10
Intel Core i9-14900K,41000,24,32,3.2,6.0,36,125,AMD RX 6600,14000,8,1626,2491,132,128,1440p,1.5,2.9286,257,1024,42.75,GPU,28
AMD Ryzen 5 5500,18000,6,12,3.6,4.2,19,65,NVIDIA RTX 4080 SUPER,33000,16,2295,2550,320,256,1080p,1.0,0.5455,385,4096,44.19,CPU,99
Intel Core i3-13100F,14000,4,8,3.4,4.5,12,58,NVIDIA RTX 3090,27000,24,1395,1695,350,384,4K,2.5,0.5185,408,9216,86.5,CPU,23
Intel Core i5-14600K,30000,14,20,3.5,5.3,24,125,NVIDIA RTX 4060 Ti,20000,8,2310,2535,160,128,1080p,1.0,1.5,285,1024,31.26,GPU,68
Intel Core i5-10400F,14000,6,12,2.9,4.3,12,65,AMD RX 7900 XTX,34000,24,1855,2499,355,384,4K,2.5,0.4118,420,9216,84.5,CPU,28
AMD Ryzen 7 7800X3D,34000,8,16,4.2,5.0,104,120,NVIDIA RTX 3060,16000,12,1320,1777,170,192,1080p,1.0,2.125,290,2304,52.99,GPU,41
AMD Ryzen 7 5800X,26000,8,16,3.8,4.7,36,105,NVIDIA RTX 4090,38000,24,2235,2520,450,384,1080p,1.0,0.6842,555,9216,31.81,CPU,118
Intel Core i9-12900K,35000,16,24,3.2,5.2,30,125,NVIDIA RTX 4060,18000,8,1830,2460,115,128,1440p,1.5,1.9444,240,1024,14.03,GPU,45
Intel Core i5-12600K,25000,10,16,3.7,4.9,20,125,NVIDIA RTX 4060 Ti,20000,8,2310,2535,160,128,1080p,1.0,1.25,285,1024,18.39,GPU,71
Intel Core i5-14400F,24000,10,16,2.5,4.7,20,65,NVIDIA RTX 3090,27000,24,1395,1695,350,384,1080p,1.0,0.8889,415,9216,10.34,CPU,96
AMD Ryzen 7 7700X,32000,8,16,4.5,5.4,40,105,NVIDIA RTX 4080 SUPER,33000,16,2295,2550,320,256,1440p,1.5,0.9697,425,4096,41.51,CPU,66
AMD Ryzen 3 4100,11000,4,8,3.8,4.0,6,65,AMD RX 7800 XT,24000,16,1295,2430,263,256,1440p,1.5,0.4583,328,4096,74.63,CPU,35
AMD Ryzen 3 4100,11000,4,8,3.8,4.0,6,65,NVIDIA RTX 3070,21000,8,1500,1730,220,256,4K,2.5,0.5238,285,2048,86.05,CPU,18
Intel Core i5-13600K,28000,14,20,3.5,5.1,24,125,NVIDIA RTX 4080 SUPER,33000,16,2295,2550,320,256,1440p,1.5,0.8485,445,4096,47.81,CPU,59
AMD Ryzen 7 5700X,24000,8,16,3.4,4.6,36,65,NVIDIA RTX 3060 Ti,19000,8,1410,1665,200,256,1440p,1.5,1.2632,265,2048,28.2,CPU,45
AMD Ryzen 5 7600,25000,6,12,3.8,5.1,38,65,NVIDIA RTX 3070,21000,8,1500,1730,220,256,4K,2.5,1.1905,285,2048,64.23,CPU,21
AMD Ryzen 3 4100,11000,4,8,3.8,4.0,6,65,NVIDIA RTX 4090,38000,24,2235,2520,450,384,1440p,1.5,0.2895,515,9216,87.73,CPU,50
AMD Ryzen 5 5500,18000,6,12,3.6,4.2,19,65,AMD RX 7600,16000,8,1720,2655,165,128,1440p,1.5,1.125,230,1024,35.73,CPU,35
AMD Ryzen 5 5500,18000,6,12,3.6,4.2,19,65,AMD RX 6700 XT,18000,12,2321,2581,230,192,4K,2.5,1.0,295,2304,69.9,CPU,18
Intel Core i7-13700K,35000,16,24,3.4,5.4,30,125,AMD RX 6700 XT,18000,12,2321,2581,230,192,1080p,1.0,1.9444,355,2304,47.5,GPU,49
AMD Ryzen 7 7800X3D,34000,8,16,4.2,5.0,104,120,NVIDIA RTX 4080,32000,16,2205,2505,320,256,1080p,1.0,1.0625,440,4096,2.53,BALANCED,133
Intel Core i3-12100F,13000,4,8,3.3,4.3,12,58,AMD RX 7600,16000,8,1720,2655,165,128,4K,2.5,0.8125,223,1024,74.52,CPU,14
Intel Core i3-12100F,13000,4,8,3.3,4.3,12,58,NVIDIA RTX 4070 Ti,27000,12,2310,2610,285,192,1440p,1.5,0.4815,343,2304,71.38,CPU,43
Intel Core i3-10100F,10000,4,8,3.6,4.3,6,65,AMD RX 6600,14000,8,1626,2491,132,128,4K,2.5,0.7143,197,1024,76.34,CPU,12
Intel Core i5-13400F,22000,10,16,2.5,4.6,20,65,AMD RX 6900 XT,26000,16,1825,2250,300,256,1440p,1.5,0.8462,365,4096,51.39,CPU,47
Intel Core i7-12700K,30000,12,20,3.6,5.0,25,125,NVIDIA RTX 3050,12000,8,1552,1777,130,128,1440p,1.5,2.5,255,1024,31.04,GPU,24
AMD Ryzen 5 7600,25000,6,12,3.8,5.1,38,65,NVIDIA RTX 3060 Ti,19000,8,1410,1665,200,256,1440p,1.5,1.3158,265,2048,19.66,CPU,43
AMD Ryzen 7 7700X,32000,8,16,4.5,5.4,40,105,NVIDIA RTX 3080,25000,10,1440,1710,320,320,4K,2.5,1.28,425,3200,62.98,CPU,26
AMD Ryzen 5 5600,20000,6,12,3.5,4.4,35,65,AMD RX 7900 XT,30000,20,1500,2394,315,320,4K,2.5,0.6667,380,6400,76.83,CPU,24
Intel Core i5-10400F,14000,6,12,2.9,4.3,12,65,NVIDIA RTX 4080 SUPER,33000,16,2295,2550,320,256,1080p,1.0,0.4242,385,4096,60.12,CPU,85
AMD Ryzen 5 5500,18000,6,12,3.6,4.2,19,65,AMD RX 6800 XT,24000,16,1825,2250,300,256,1080p,1.0,0.75,365,4096,25.0,CPU,86
Intel Core i7-13700K,35000,16,24,3.4,5.4,30,125,NVIDIA RTX 3090,27000,24,1395,1695,350,384,4K,2.5,1.2963,475,9216,61.49,CPU,26
AMD Ryzen 5 5600,20000,6,12,3.5,4.4,35,65,NVIDIA RTX 4070 Ti,27000,12,2310,2610,285,192,4K,2.5,0.7407,350,2304,76.83,CPU,23
AMD Ryzen 9 5950X,32000,16,32,3.4,4.9,72,105,AMD RX 7700 XT,21000,12,1700,2544,245,192,4K,2.5,1.5238,350,2304,54.08,CPU,22
AMD Ryzen 9 5900X,29000,12,24,3.7,4.8,70,105,NVIDIA RTX 3050,12000,8,1552,1777,130,128,1080p,1.0,2.4167,235,1024,54.56,GPU,31
Intel Core i9-12900K,35000,16,24,3.2,5.2,30,125,NVIDIA RTX 4090,38000,24,2235,2520,450,384,1080p,1.0,0.9211,575,9216,10.38,CPU,152
AMD Ryzen 9 5900X,29000,12,24,3.7,4.8,70,105,NVIDIA RTX 4060 Ti,20000,8,2310,2535,160,128,1440p,1.5,1.45,265,1024,17.44,CPU,48
Intel Core i5-13400F,22000,10,16,2.5,4.6,20,65,NVIDIA RTX 3070,21000,8,1500,1730,220,256,4K,2.5,1.0476,285,2048,70.4,CPU,21
Intel Core i9-14900K,41000,24,32,3.2,6.0,36,125,NVIDIA RTX 4070,23000,12,1920,2475,200,192,4K,2.5,1.7826,325,2304,43.48,CPU,27
AMD Ryzen 5 5600X,21000,6,12,3.7,4.6,35,65,NVIDIA RTX 4060 Ti,20000,8,2310,2535,160,128,1440p,1.5,1.05,225,1024,38.52,CPU,40
AMD Ryzen 7 5800X,26000,8,16,3.8,4.7,36,105,NVIDIA RTX 3080,25000,10,1440,1710,320,320,1440p,1.5,1.04,425,3200,37.48,CPU,49
AMD Ryzen 9 7950X,42000,16,32,4.5,5.7,80,170,NVIDIA GTX 1650,7000,4,1485,1665,75,128,4K,2.5,6.0,245,512,41.89,GPU,9
Intel Core i3-12100F,13000,4,8,3.3,4.3,12,58,AMD RX 580,9000,8,1257,1340,185,256,4K,2.5,1.4444,243,2048,62.04,CPU,9
AMD Ryzen 5 7600X,27000,6,12,4.7,5.3,38,105,NVIDIA RTX 3090,27000,24,1395,1695,350,384,1080p,1.0,1.0,455,9216,2.59,BALANCED,119
Intel Core i9-14900K,41000,24,32,3.2,6.0,36,125,NVIDIA RTX 4070,23000,12,1920,2475,200,192,1080p,1.0,1.7826,325,2304,43.78,GPU,67
AMD Ryzen 5 7600X,27000,6,12,4.7,5.3,38,105,NVIDIA RTX 4090,38000,24,2235,2520,450,384,1080p,1.0,0.7105,555,9216,27.25,CPU,130
Intel Core i3-12100F,13000,4,8,3.3,4.3,12,58,NVIDIA RTX 3080,25000,10,1440,1710,320,320,1440p,1.5,0.52,378,3200,71.8,CPU,39
AMD Ryzen 7 5800X,26000,8,16,3.8,4.7,36,105,AMD RX 6900 XT,26000,16,1825,2250,300,256,4K,2.5,1.0,405,4096,74.09,CPU,25
AMD Ryzen 7 5700X,24000,8,16,3.4,4.6,36,65,NVIDIA RTX 4090,38000,24,2235,2520,450,384,4K,2.5,0.6316,515,9216,81.93,CPU,31
AMD Ryzen 7 7700X,32000,8,16,4.5,5.4,40,105,NVIDIA RTX 4070 Ti SUPER,29000,16,2340,2610,285,256,1440p,1.5,1.1034,390,4096,31.1,CPU,61
Intel Core i9-13900K,40000,24,32,3.0,5.8,36,125,AMD RX 6700 XT,18000,12,2321,2581,230,192,1080p,1.0,2.2222,355,2304,55.41,GPU,47
AMD Ryzen 9 5900X,29000,12,24,3.7,4.8,70,105,NVIDIA RTX 4070 Ti,27000,12,2310,2610,285,192,1080p,1.0,1.0741,390,2304,1.6,BALANCED,112
AMD Ryzen 5 5500,18000,6,12,3.6,4.2,19,65,AMD RX 7800 XT,24000,16,1295,2430,263,256,1080p,1.0,0.75,328,4096,23.49,CPU,77
Intel Core i7-14700K,37000,20,28,3.4,5.6,33,125,AMD RX 6800 XT,24000,16,1825,2250,300,256,1080p,1.0,1.5417,425,4096,38.21,GPU,71
AMD Ryzen 9 5900X,29000,12,24,3.7,4.8,70,105,AMD RX 7800 XT,24000,16,1295,2430,263,256,1440p,1.5,1.2083,368,4096,30.5,CPU,56
Intel Core i9-14900K,41000,24,32,3.2,6.0,36,125,AMD RX 580,9000,8,1257,1340,185,256,1440p,1.5,4.5556,310,2048,60.66,GPU,16
AMD Ryzen 7 7800X3D,34000,8,16,4.2,5.0,104,120,AMD RX 580,9000,8,1257,1340,185,256,1080p,1.0,3.7778,305,2048,72.43,GPU,20
Intel Core i3-12100F,13000,4,8,3.3,4.3,12,58,NVIDIA GTX 1660 SUPER,10000,6,1530,1785,125,192,1080p,1.0,1.3,183,1152,20.26,GPU,32
Intel Core i9-13900K,40000,24,32,3.0,5.8,36,125,AMD RX 7700 XT,21000,12,1700,2544,245,192,4K,2.5,1.9048,370,2304,43.96,CPU,23
Intel Core i3-13100F,14000,4,8,3.4,4.5,12,58,NVIDIA RTX 4070 Ti,27000,12,2310,2610,285,192,1440p,1.5,0.5185,343,2304,67.44,CPU,42
Intel Core i3-10100F,10000,4,8,3.6,4.3,6,65,NVIDIA RTX 4070 Ti,27000,12,2310,2610,285,192,1440p,1.5,0.3704,350,2304,79.08,CPU,41
AMD Ryzen 5 7600,25000,6,12,3.8,5.1,38,65,NVIDIA RTX 4070,23000,12,1920,2475,200,192,1080p,1.0,1.087,265,2304,11.06,GPU,89
Intel Core i7-14700K,37000,20,28,3.4,5.6,33,125,NVIDIA RTX 3060,16000,12,1320,1777,170,192,1440p,1.5,2.3125,295,2304,23.67,GPU,33
Intel Core i5-13400F,22000,10,16,2.5,4.6,20,65,NVIDIA RTX 3080,25000,10,1440,1710,320,320,4K,2.5,0.88,385,3200,70.61,CPU,22
Intel Core i5-14400F,24000,10,16,2.5,4.7,20,65,NVIDIA RTX 3050,12000,8,1552,1777,130,128,4K,2.5,2.0,195,1024,40.66,CPU,14
AMD Ryzen 5 5600X,21000,6,12,3.7,4.6,35,65,AMD RX 7700 XT,21000,12,1700,2544,245,192,4K,2.5,1.0,310,2304,72.31,CPU,20
AMD Ryzen 9 7900X,38000,12,24,4.7,5.6,76,170,NVIDIA GTX 1650,7000,4,1485,1665,75,128,1080p,1.0,5.4286,245,512,81.19,GPU,14
Intel Core i7-12700K,30000,12,20,3.6,5.0,25,125,AMD RX 6800 XT,24000,16,1825,2250,300,256,1080p,1.0,1.25,425,4096,19.08,GPU,89
Intel Core i9-13900K,40000,24,32,3.0,5.8,36,125,NVIDIA RTX 4070,23000,12,1920,2475,200,192,1440p,1.5,1.7391,325,2304,0.01,BALANCED,60
Intel Core i5-14400F,24000,10,16,2.5,4.7,20,65,AMD RX 6800 XT,24000,16,1825,2250,300,256,1440p,1.5,1.0,365,4096,43.09,CPU,45
Intel Core i5-10400F,14000,6,12,2.9,4.3,12,65,NVIDIA GT 1030,3000,2,1228,1468,30,64,1440p,1.5,4.6667,95,128,66.69,GPU,5
AMD Ryzen 5 7600,25000,6,12,3.8,5.1,38,65,NVIDIA RTX 4080 SUPER,33000,16,2295,2550,320,256,1440p,1.5,0.7576,385,4096,55.46,CPU,61
Intel Core i5-14600K,30000,14,20,3.5,5.3,24,125,AMD RX 6500 XT,8000,4,2310,2815,107,64,1440p,1.5,3.75,232,256,56.03,GPU,14
AMD Ryzen 5 7600,25000,6,12,3.8,5.1,38,65,NVIDIA RTX 3060 Ti,19000,8,1410,1665,200,256,1080p,1.0,1.3158,265,2048,24.12,GPU,67
Intel Core i3-10100F,10000,4,8,3.6,4.3,6,65,AMD RX 7600,16000,8,1720,2655,165,128,4K,2.5,0.625,230,1024,83.22,CPU,13
AMD Ryzen 5 7600X,27000,6,12,4.7,5.3,38,105,NVIDIA RTX 3060 Ti,19000,8,1410,1665,200,256,1080p,1.0,1.4211,305,2048,26.79,GPU,65
AMD Ryzen 5 5500,18000,6,12,3.6,4.2,19,65,NVIDIA RTX 3070,21000,8,1500,1730,220,256,4K,2.5,0.8571,285,2048,72.34,CPU,19
AMD Ryzen 9 5950X,32000,16,32,3.4,4.9,72,105,NVIDIA RTX 4070 Ti SUPER,29000,16,2340,2610,285,256,1080p,1.0,1.1034,390,4096,5.97,GPU,116
AMD Ryzen 7 5800X,26000,8,16,3.8,4.7,36,105,AMD RX 580,9000,8,1257,1340,185,256,1440p,1.5,2.8889,290,2048,39.54,GPU,18
AMD Ryzen 7 7800X3D,34000,8,16,4.2,5.0,104,120,AMD RX 6600,14000,8,1626,2491,132,128,4K,2.5,2.4286,252,1024,29.33,CPU,18
AMD Ryzen 7 7700X,32000,8,16,4.5,5.4,40,105,NVIDIA RTX 4090,38000,24,2235,2520,450,384,1440p,1.5,0.8421,555,9216,48.13,CPU,74
AMD Ryzen 7 7800X3D,34000,8,16,4.2,5.0,104,120,AMD RX 6500 XT,8000,4,2310,2815,107,64,4K,2.5,4.25,227,256,23.27,GPU,10
Intel Core i7-12700K,30000,12,20,3.6,5.0,25,125,NVIDIA RTX 3050,12000,8,1552,1777,130,128,1080p,1.0,2.5,255,1024,62.65,GPU,32
AMD Ryzen 9 5950X,32000,16,32,3.4,4.9,72,105,AMD RX 7800 XT,24000,16,1295,2430,263,256,4K,2.5,1.3333,368,4096,58.87,CPU,23
Intel Core i5-14400F,24000,10,16,2.5,4.7,20,65,AMD RX 7800 XT,24000,16,1295,2430,263,256,1440p,1.5,1.0,328,4096,44.74,CPU,50
Intel Core i5-14400F,24000,10,16,2.5,4.7,20,65,NVIDIA RTX 4070 Ti SUPER,29000,16,2340,2610,285,256,1440p,1.5,0.8276,350,4096,52.69,CPU,55
AMD Ryzen 7 5700X,24000,8,16,3.4,4.6,36,65,NVIDIA GTX 1650,7000,4,1485,1665,75,128,4K,2.5,3.4286,140,512,1.22,BALANCED,11
AMD Ryzen 9 5950X,32000,16,32,3.4,4.9,72,105,NVIDIA RTX 4070 SUPER,26000,12,1980,2475,220,192,4K,2.5,1.2308,325,2304,60.13,CPU,26
AMD Ryzen 5 5600X,21000,6,12,3.7,4.6,35,65,NVIDIA RTX 3050,12000,8,1552,1777,130,128,1080p,1.0,1.75,195,1024,42.19,GPU,35
Intel Core i3-10100F,10000,4,8,3.6,4.3,6,65,NVIDIA RTX 4070 SUPER,26000,12,1980,2475,220,192,1080p,1.0,0.3846,285,2304,62.01,CPU,68
AMD Ryzen 9 7900X,38000,12,24,4.7,5.6,76,170,NVIDIA RTX 3080,25000,10,1440,1710,320,320,4K,2.5,1.52,490,3200,53.96,CPU,28
Intel Core i5-12600K,25000,10,16,3.7,4.9,20,125,AMD RX 6900 XT,26000,16,1825,2250,300,256,1440p,1.5,0.9615,425,4096,45.1,CPU,49
AMD Ryzen 5 5500,18000,6,12,3.6,4.2,19,65,NVIDIA RTX 4080 SUPER,33000,16,2295,2550,320,256,4K,2.5,0.5455,385,4096,86.56,CPU,28
Intel Core i9-12900K,35000,16,24,3.2,5.2,30,125,AMD RX 6900 XT,26000,16,1825,2250,300,256,4K,2.5,1.3462,425,4096,60.0,CPU,27
AMD Ryzen 3 4100,11000,4,8,3.8,4.0,6,65,AMD RX 6800 XT,24000,16,1825,2250,300,256,1440p,1.5,0.4583,365,4096,77.63,CPU,37
AMD Ryzen 9 7900X,38000,12,24,4.7,5.6,76,170,AMD RX 7900 XT,30000,20,1500,2394,315,320,4K,2.5,1.2667,485,6400,61.53,CPU,29
Intel Core i5-10400F,14000,6,12,2.9,4.3,12,65,NVIDIA RTX 4060 Ti,20000,8,2310,2535,160,128,1080p,1.0,0.7,225,1024,31.17,CPU,63
Intel Core i9-14900K,41000,24,32,3.2,6.0,36,125,NVIDIA GTX 1650,7000,4,1485,1665,75,128,1080p,1.0,5.8571,200,512,83.29,GPU,15
Intel Core i5-14400F,24000,10,16,2.5,4.7,20,65,NVIDIA RTX 3060,16000,12,1320,1777,170,192,4K,2.5,1.5,235,2304,55.39,CPU,16
Intel Core i7-12700K,30000,12,20,3.6,5.0,25,125,NVIDIA RTX 4070 SUPER,26000,12,1980,2475,220,192,4K,2.5,1.1538,345,2304,62.95,CPU,26
AMD Ryzen 9 5900X,29000,12,24,3.7,4.8,70,105,NVIDIA RTX 4070,23000,12,1920,2475,200,192,1440p,1.5,1.2609,305,2304,24.62,CPU,50
Intel Core i5-12600K,25000,10,16,3.7,4.9,20,125,AMD RX 7900 XTX,34000,24,1855,2499,355,384,1440p,1.5,0.7353,480,9216,60.02,CPU,62
Intel Core i3-10100F,10000,4,8,3.6,4.3,6,65,AMD RX 6500 XT,8000,4,2310,2815,107,64,1440p,1.5,1.25,172,256,23.62,CPU,17
Intel Core i5-14600K,30000,14,20,3.5,5.3,24,125,NVIDIA RTX 4070 SUPER,26000,12,1980,2475,220,192,4K,2.5,1.1538,345,2304,63.74,CPU,24
AMD Ryzen 9 5950X,32000,16,32,3.4,4.9,72,105,NVIDIA RTX 4080,32000,16,2205,2505,320,256,1080p,1.0,1.0,425,4096,0.96,BALANCED,130
Intel Core i7-13700K,35000,16,24,3.4,5.4,30,125,AMD RX 7900 XTX,34000,24,1855,2499,355,384,1080p,1.0,1.0294,480,9216,0,BALANCED,148
Intel Core i5-10400F,14000,6,12,2.9,4.3,12,65,NVIDIA RTX 3060,16000,12,1320,1777,170,192,4K,2.5,0.875,235,2304,73.3,CPU,15
Intel Core i5-14400F,24000,10,16,2.5,4.7,20,65,NVIDIA RTX 4080 SUPER,33000,16,2295,2550,320,256,1080p,1.0,0.7273,385,4096,26.79,CPU,107
Intel Core i7-13700K,35000,16,24,3.4,5.4,30,125,NVIDIA RTX 3090,27000,24,1395,1695,350,384,1080p,1.0,1.2963,475,9216,22.78,GPU,95
AMD Ryzen 7 7700X,32000,8,16,4.5,5.4,40,105,AMD RX 6500 XT,8000,4,2310,2815,107,64,4K,2.5,4.0,212,256,20.24,GPU,12
AMD Ryzen 9 5900X,29000,12,24,3.7,4.8,70,105,NVIDIA RTX 4080,32000,16,2205,2505,320,256,1440p,1.5,0.9062,425,4096,47.03,CPU,62
Intel Core i5-10400F,14000,6,12,2.9,4.3,12,65,NVIDIA RTX 4070 SUPER,26000,12,1980,2475,220,192,4K,2.5,0.5385,285,2304,85.26,CPU,21
AMD Ryzen 5 7600X,27000,6,12,4.7,5.3,38,105,NVIDIA RTX 4060 Ti,20000,8,2310,2535,160,128,4K,2.5,1.35,265,1024,62.33,CPU,21
Intel Core i7-13700K,35000,16,24,3.4,5.4,30,125,AMD RX 6600,14000,8,1626,2491,132,128,1440p,1.5,2.5,257,1024,27.15,GPU,28
AMD Ryzen 5 5500,18000,6,12,3.6,4.2,19,65,AMD RX 6600,14000,8,1626,2491,132,128,1440p,1.5,1.2857,197,1024,23.45,CPU,32
Intel Core i7-13700K,35000,16,24,3.4,5.4,30,125,NVIDIA RTX 4060 Ti,20000,8,2310,2535,160,128,1440p,1.5,1.75,285,1024,1.77,BALANCED,58
Intel Core i3-13100F,14000,4,8,3.4,4.5,12,58,NVIDIA RTX 3090,27000,24,1395,1695,350,384,1080p,1.0,0.5185,408,9216,48.07,CPU,71
AMD Ryzen 9 5900X,29000,12,24,3.7,4.8,70,105,AMD RX 6500 XT,8000,4,2310,2815,107,64,4K,2.5,3.625,212,256,5.77,GPU,12
Intel Core i5-12400F,19000,6,12,2.5,4.4,18,65,NVIDIA RTX 4070,23000,12,1920,2475,200,192,4K,2.5,0.8261,265,2304,71.6,CPU,22
Intel Core i5-12400F,19000,6,12,2.5,4.4,18,65,AMD RX 7800 XT,24000,16,1295,2430,263,256,4K,2.5,0.7917,328,4096,77.48,CPU,21
Intel Core i3-10100F,10000,4,8,3.6,4.3,6,65,NVIDIA GT 1030,3000,2,1228,1468,30,64,1440p,1.5,3.3333,95,128,50.14,GPU,6
AMD Ryzen 9 5950X,32000,16,32,3.4,4.9,72,105,NVIDIA RTX 4080 SUPER,33000,16,2295,2550,320,256,1440p,1.5,0.9697,425,4096,41.37,CPU,61
Intel Core i7-14700K,37000,20,28,3.4,5.6,33,125,AMD RX 7800 XT,24000,16,1295,2430,263,256,1080p,1.0,1.5417,388,4096,34.41,GPU,73
Intel Core i3-13100F,14000,4,8,3.4,4.5,12,58,AMD RX 7700 XT,21000,12,1700,2544,245,192,1440p,1.5,0.6667,303,2304,62.51,CPU,34
Intel Core i5-14400F,24000,10,16,2.5,4.7,20,65,NVIDIA RTX 4070,23000,12,1920,2475,200,192,1440p,1.5,1.0435,265,2304,37.96,CPU,48
Intel Core i5-12600K,25000,10,16,3.7,4.9,20,125,AMD RX 6800 XT,24000,16,1825,2250,300,256,1440p,1.5,1.0417,425,4096,36.03,CPU,50
AMD Ryzen 5 7600X,27000,6,12,4.7,5.3,38,105,NVIDIA RTX 3070,21000,8,1500,1730,220,256,4K,2.5,1.2857,325,2048,59.49,CPU,22
AMD Ryzen 5 7600X,27000,6,12,4.7,5.3,38,105,NVIDIA RTX 4070,23000,12,1920,2475,200,192,1440p,1.5,1.1739,305,2304,33.97,CPU,52
AMD Ryzen 3 4100,11000,4,8,3.8,4.0,6,65,NVIDIA RTX 4090,38000,24,2235,2520,450,384,4K,2.5,0.2895,515,9216,95,CPU,28
Intel Core i3-13100F,14000,4,8,3.4,4.5,12,58,NVIDIA RTX 4070,23000,12,1920,2475,200,192,4K,2.5,0.6087,258,2304,80.72,CPU,19
Intel Core i5-14400F,24000,10,16,2.5,4.7,20,65,AMD RX 580,9000,8,1257,1340,185,256,4K,2.5,2.6667,250,2048,22.21,CPU,12
AMD Ryzen 7 5700X,24000,8,16,3.4,4.6,36,65,AMD RX 6900 XT,26000,16,1825,2250,300,256,1440p,1.5,0.9231,365,4096,42.57,CPU,49
Intel Core i5-10400F,14000,6,12,2.9,4.3,12,65,AMD RX 7600,16000,8,1720,2655,165,128,1080p,1.0,0.875,230,1024,16.12,CPU,56
AMD Ryzen 9 7950X,42000,16,32,4.5,5.7,80,170,NVIDIA GTX 1650,7000,4,1485,1665,75,128,1080p,1.0,6.0,245,512,86.11,GPU,14
Intel Core i7-14700K,37000,20,28,3.4,5.6,33,125,AMD RX 6900 XT,26000,16,1825,2250,300,256,4K,2.5,1.4231,425,4096,57.73,CPU,28
Intel Core i5-10400F,14000,6,12,2.9,4.3,12,65,NVIDIA RTX 4070 Ti,27000,12,2310,2610,285,192,1440p,1.5,0.5185,350,2304,71.81,CPU,42
AMD Ryzen 9 5900X,29000,12,24,3.7,4.8,70,105,NVIDIA RTX 4080,32000,16,2205,2505,320,256,4K,2.5,0.9062,425,4096,73.41,CPU,27
AMD Ryzen 5 5600,20000,6,12,3.5,4.4,35,65,NVIDIA GT 1030,3000,2,1228,1468,30,64,1440p,1.5,6.6667,95,128,75.85,GPU,5
Intel Core i5-13600K,28000,14,20,3.5,5.1,24,125,NVIDIA GT 1030,3000,2,1228,1468,30,64,4K,2.5,9.3333,155,128,65.11,GPU,5
AMD Ryzen 5 5500,18000,6,12,3.6,4.2,19,65,NVIDIA RTX 4060 Ti,20000,8,2310,2535,160,128,1440p,1.5,0.9,225,1024,46.48,CPU,40
AMD Ryzen 5 7600X,27000,6,12,4.7,5.3,38,105,AMD RX 580,9000,8,1257,1340,185,256,4K,2.5,3.0,290,2048,12.91,CPU,14
AMD Ryzen 5 5500,18000,6,12,3.6,4.2,19,65,AMD RX 7900 XT,30000,20,1500,2394,315,320,4K,2.5,0.6,380,6400,79.47,CPU,24
Intel Core i3-13100F,14000,4,8,3.4,4.5,12,58,AMD RX 580,9000,8,1257,1340,185,256,1080p,1.0,1.5556,243,2048,32.02,GPU,29
Intel Core i5-10400F,14000,6,12,2.9,4.3,12,65,NVIDIA RTX 3070,21000,8,1500,1730,220,256,1440p,1.5,0.6667,285,2048,62.01,CPU,33
AMD Ryzen 5 7600X,27000,6,12,4.7,5.3,38,105,NVIDIA RTX 4060 Ti,20000,8,2310,2535,160,128,1440p,1.5,1.35,265,1024,18.04,CPU,47
Intel Core i9-13900K,40000,24,32,3.0,5.8,36,125,NVIDIA RTX 4070 SUPER,26000,12,1980,2475,220,192,1440p,1.5,1.5385,345,2304,8.26,CPU,67
AMD Ryzen 7 7700X,32000,8,16,4.5,5.4,40,105,AMD RX 580,9000,8,1257,1340,185,256,1440p,1.5,3.5556,290,2048,50.4,GPU,17
AMD Ryzen 9 7950X,42000,16,32,4.5,5.7,80,170,AMD RX 6600,14000,8,1626,2491,132,128,1080p,1.0,3.0,302,1024,65.77,GPU,31
AMD Ryzen 9 7950X,42000,16,32,4.5,5.7,80,170,AMD RX 580,9000,8,1257,1340,185,256,1080p,1.0,4.6667,355,2048,79.29,GPU,18
AMD Ryzen 9 7900X,38000,12,24,4.7,5.6,76,170,AMD RX 6600,14000,8,1626,2491,132,128,1080p,1.0,2.7143,302,1024,66.81,GPU,33
AMD Ryzen 9 7950X,42000,16,32,4.5,5.7,80,170,AMD RX 7600,16000,8,1720,2655,165,128,1080p,1.0,2.625,335,1024,61.02,GPU,37
AMD Ryzen 5 5600X,21000,6,12,3.7,4.6,35,65,NVIDIA RTX 3060,16000,12,1320,1777,170,192,4K,2.5,1.3125,235,2304,60.7,CPU,17
Intel Core i7-12700K,30000,12,20,3.6,5.0,25,125,NVIDIA RTX 4060,18000,8,1830,2460,115,128,1440p,1.5,1.6667,240,1024,2.19,BALANCED,51
Intel Core i7-13700K,35000,16,24,3.4,5.4,30,125,NVIDIA RTX 4080,32000,16,2205,2505,320,256,1440p,1.5,1.0938,445,4096,35.16,CPU,67
AMD Ryzen 7 7700X,32000,8,16,4.5,5.4,40,105,AMD RX 6600,14000,8,1626,2491,132,128,4K,2.5,2.2857,237,1024,31.49,CPU,18
Intel Core i5-10400F,14000,6,12,2.9,4.3,12,65,AMD RX 6700 XT,18000,12,2321,2581,230,192,1440p,1.5,0.7778,295,2304,56.19,CPU,34
AMD Ryzen 5 5600X,21000,6,12,3.7,4.6,35,65,NVIDIA RTX 3070,21000,8,1500,1730,220,256,1440p,1.5,1.0,285,2048,38.94,CPU,41
Intel Core i3-13100F,14000,4,8,3.4,4.5,12,58,AMD RX 6700 XT,18000,12,2321,2581,230,192,4K,2.5,0.7778,288,2304,74.99,CPU,15
Intel Core i5-12600K,25000,10,16,3.7,4.9,20,125,AMD RX 7600,16000,8,1720,2655,165,128,1440p,1.5,1.5625,290,1024,12.7,CPU,40
AMD Ryzen 5 5500,18000,6,12,3.6,4.2,19,65,NVIDIA RTX 3070,21000,8,1500,1730,220,256,1440p,1.5,0.8571,285,2048,48.9,CPU,41
Intel Core i5-12600K,25000,10,16,3.7,4.9,20,125,NVIDIA RTX 4080,32000,16,2205,2505,320,256,1440p,1.5,0.7812,445,4096,55.85,CPU,54
Intel Core i3-13100F,14000,4,8,3.4,4.5,12,58,AMD RX 7900 XTX,34000,24,1855,2499,355,384,1080p,1.0,0.4118,413,9216,55.94,CPU,83
Intel Core i5-13400F,22000,10,16,2.5,4.6,20,65,AMD RX 7900 XT,30000,20,1500,2394,315,320,1440p,1.5,0.7333,380,6400,54.43,CPU,54
AMD Ryzen 9 5900X,29000,12,24,3.7,4.8,70,105,AMD RX 7800 XT,24000,16,1295,2430,263,256,4K,2.5,1.2083,368,4096,63.57,CPU,24
AMD Ryzen 5 5600,20000,6,12,3.5,4.4,35,65,AMD RX 7600,16000,8,1720,2655,165,128,1440p,1.5,1.25,230,1024,24.44,CPU,36
Intel Core i5-12600K,25000,10,16,3.7,4.9,20,125,NVIDIA RTX 4070 SUPER,26000,12,1980,2475,220,192,1080p,1.0,0.9615,345,2304,0,BALANCED,110
AMD Ryzen 9 7950X,42000,16,32,4.5,5.7,80,170,NVIDIA RTX 4070 Ti,27000,12,2310,2610,285,192,1440p,1.5,1.5556,455,2304,4.2,CPU,66
AMD Ryzen 5 5600,20000,6,12,3.5,4.4,35,65,NVIDIA RTX 4080 SUPER,33000,16,2295,2550,320,256,1080p,1.0,0.6061,385,4096,40.3,CPU,98
AMD Ryzen 5 5600,20000,6,12,3.5,4.4,35,65,NVIDIA GTX 1650,7000,4,1485,1665,75,128,1440p,1.5,2.8571,140,512,38.89,GPU,15
AMD Ryzen 5 5600X,21000,6,12,3.7,4.6,35,65,NVIDIA RTX 4070 Ti,27000,12,2310,2610,285,192,4K,2.5,0.7778,350,2304,76.38,CPU,23
AMD Ryzen 5 5600X,21000,6,12,3.7,4.6,35,65,AMD RX 6700 XT,18000,12,2321,2581,230,192,1080p,1.0,1.1667,295,2304,12.98,GPU,68
Intel Core i7-14700K,37000,20,28,3.4,5.6,33,125,NVIDIA RTX 3090,27000,24,1395,1695,350,384,4K,2.5,1.3704,475,9216,60.22,CPU,29
Intel Core i5-14400F,24000,10,16,2.5,4.7,20,65,NVIDIA RTX 3080,25000,10,1440,1710,320,320,1080p,1.0,0.96,385,3200,4.36,BALANCED,100
AMD Ryzen 9 7900X,38000,12,24,4.7,5.6,76,170,AMD RX 7800 XT,24000,16,1295,2430,263,256,1440p,1.5,1.5833,433,4096,7.18,CPU,59
AMD Ryzen 9 5950X,32000,16,32,3.4,4.9,72,105,AMD RX 7800 XT,24000,16,1295,2430,263,256,1440p,1.5,1.3333,368,4096,20.82,CPU,54
Intel Core i5-14400F,24000,10,16,2.5,4.7,20,65,NVIDIA GTX 1660 SUPER,10000,6,1530,1785,125,192,1440p,1.5,2.4,190,1152,29.4,GPU,21
Intel Core i5-10400F,14000,6,12,2.9,4.3,12,65,NVIDIA GTX 1650,7000,4,1485,1665,75,128,4K,2.5,2.0,140,512,38.03,CPU,9
AMD Ryzen 9 7950X,42000,16,32,4.5,5.7,80,170,AMD RX 6700 XT,18000,12,2321,2581,230,192,1440p,1.5,2.3333,400,2304,28.06,GPU,42
Intel Core i9-12900K,35000,16,24,3.2,5.2,30,125,NVIDIA RTX 3060,16000,12,1320,1777,170,192,4K,2.5,2.1875,295,2304,33.71,CPU,21
Intel Core i7-13700K,35000,16,24,3.4,5.4,30,125,NVIDIA RTX 3080,25000,10,1440,1710,320,320,4K,2.5,1.4,445,3200,61.32,CPU,25
Intel Core i7-13700K,35000,16,24,3.4,5.4,30,125,NVIDIA RTX 4060 Ti,20000,8,2310,2535,160,128,1080p,1.0,1.75,285,1024,44.09,GPU,62
AMD Ryzen 5 5600,20000,6,12,3.5,4.4,35,65,AMD RX 6700 XT,18000,12,2321,2581,230,192,1440p,1.5,1.1111,295,2304,39.38,CPU,39
Intel Core i7-13700K,35000,16,24,3.4,5.4,30,125,NVIDIA RTX 4060 Ti,20000,8,2310,2535,160,128,4K,2.5,1.75,285,1024,45.51,CPU,22
AMD Ryzen 5 5500,18000,6,12,3.6,4.2,19,65,AMD RX 7900 XT,30000,20,1500,2394,315,320,1080p,1.0,0.6,380,6400,43.17,CPU,85
Intel Core i9-12900K,35000,16,24,3.2,5.2,30,125,NVIDIA RTX 4090,38000,24,2235,2520,450,384,1440p,1.5,0.9211,575,9216,46.71,CPU,74
Intel Core i5-12600K,25000,10,16,3.7,4.9,20,125,NVIDIA RTX 4070 SUPER,26000,12,1980,2475,220,192,1440p,1.5,0.9615,345,2304,42.9,CPU,52
AMD Ryzen 5 5500,18000,6,12,3.6,4.2,19,65,NVIDIA GTX 1650,7000,4,1485,1665,75,128,1080p,1.0,2.5714,140,512,64.29,GPU,18
Intel Core i5-14400F,24000,10,16,2.5,4.7,20,65,AMD RX 7700 XT,21000,12,1700,2544,245,192,4K,2.5,1.1429,310,2304,64.8,CPU,19
AMD Ryzen 5 5500,18000,6,12,3.6,4.2,19,65,NVIDIA RTX 3050,12000,8,1552,1777,130,128,1080p,1.0,1.5,195,1024,32.51,GPU,36
Intel Core i5-13400F,22000,10,16,2.5,4.6,20,65,AMD RX 7700 XT,21000,12,1700,2544,245,192,1080p,1.0,1.0476,310,2304,0,BALANCED,87
Intel Core i5-13600K,28000,14,20,3.5,5.1,24,125,NVIDIA RTX 4080,32000,16,2205,2505,320,256,1440p,1.5,0.875,445,4096,47.52,CPU,63
Intel Core i9-13900K,40000,24,32,3.0,5.8,36,125,NVIDIA RTX 3080,25000,10,1440,1710,320,320,1080p,1.0,1.6,445,3200,38.33,GPU,78
AMD Ryzen 9 7900X,38000,12,24,4.7,5.6,76,170,NVIDIA RTX 4060 Ti,20000,8,2310,2535,160,128,4K,2.5,1.9,330,1024,46.71,CPU,24
AMD Ryzen 5 7600X,27000,6,12,4.7,5.3,38,105,NVIDIA RTX 4070,23000,12,1920,2475,200,192,1080p,1.0,1.1739,305,2304,14.91,GPU,89
AMD Ryzen 3 4100,11000,4,8,3.8,4.0,6,65,AMD RX 6900 XT,26000,16,1825,2250,300,256,4K,2.5,0.4231,365,4096,89.88,CPU,20
Intel Core i5-14400F,24000,10,16,2.5,4.7,20,65,NVIDIA RTX 4060,18000,8,1830,2460,115,128,1080p,1.0,1.3333,180,1024,26.75,GPU,58
Intel Core i9-12900K,35000,16,24,3.2,5.2,30,125,AMD RX 7900 XT,30000,20,1500,2394,315,320,1440p,1.5,1.1667,440,6400,31.62,CPU,67
Intel Core i5-12600K,25000,10,16,3.7,4.9,20,125,AMD RX 6600,14000,8,1626,2491,132,128,1080p,1.0,1.7857,257,1024,42.87,GPU,42
Intel Core i7-13700K,35000,16,24,3.4,5.4,30,125,NVIDIA RTX 4080,32000,16,2205,2505,320,256,1080p,1.0,1.0938,445,4096,7.41,GPU,123
AMD Ryzen 7 5700X,24000,8,16,3.4,4.6,36,65,NVIDIA GT 1030,3000,2,1228,1468,30,64,4K,2.5,8.0,95,128,58.11,GPU,5
Intel Core i5-14600K,30000,14,20,3.5,5.3,24,125,NVIDIA RTX 3070,21000,8,1500,1730,220,256,1080p,1.0,1.4286,345,2048,30.18,GPU,68
AMD Ryzen 3 4100,11000,4,8,3.8,4.0,6,65,AMD RX 6500 XT,8000,4,2310,2815,107,64,1440p,1.5,1.375,172,256,18.74,CPU,18
Intel Core i3-10100F,10000,4,8,3.6,4.3,6,65,NVIDIA RTX 4080 SUPER,33000,16,2295,2550,320,256,4K,2.5,0.303,385,4096,91.88,CPU,23
Intel Core i7-13700K,35000,16,24,3.4,5.4,30,125,AMD RX 7600,16000,8,1720,2655,165,128,1440p,1.5,2.1875,290,1024,19.08,GPU,38
Intel Core i7-13700K,35000,16,24,3.4,5.4,30,125,NVIDIA RTX 3060,16000,12,1320,1777,170,192,1080p,1.0,2.1875,295,2304,56.39,GPU,44
Intel Core i5-14400F,24000,10,16,2.5,4.7,20,65,NVIDIA RTX 3070,21000,8,1500,1730,220,256,4K,2.5,1.1429,285,2048,63.72,CPU,20
AMD Ryzen 9 7950X,42000,16,32,4.5,5.7,80,170,NVIDIA RTX 4060 Ti,20000,8,2310,2535,160,128,1080p,1.0,2.1,330,1024,53.64,GPU,55
Intel Core i7-12700K,30000,12,20,3.6,5.0,25,125,AMD RX 7700 XT,21000,12,1700,2544,245,192,1080p,1.0,1.4286,370,2304,29.43,GPU,69
AMD Ryzen 5 7600,25000,6,12,3.8,5.1,38,65,NVIDIA RTX 3070,21000,8,1500,1730,220,256,1440p,1.5,1.1905,285,2048,31.12,CPU,43
Intel Core i5-13600K,28000,14,20,3.5,5.1,24,125,NVIDIA RTX 4060 Ti,20000,8,2310,2535,160,128,1080p,1.0,1.4,285,1024,28.22,GPU,68
AMD Ryzen 5 7600,25000,6,12,3.8,5.1,38,65,AMD RX 580,9000,8,1257,1340,185,256,4K,2.5,2.7778,250,2048,14.78,CPU,14
AMD Ryzen 7 7700X,32000,8,16,4.5,5.4,40,105,AMD RX 7700 XT,21000,12,1700,2544,245,192,4K,2.5,1.5238,350,2304,49.49,CPU,22
Intel Core i7-13700K,35000,16,24,3.4,5.4,30,125,NVIDIA GTX 1660 SUPER,10000,6,1530,1785,125,192,4K,2.5,3.5,250,1152,5.71,BALANCED,17
AMD Ryzen 3 4100,11000,4,8,3.8,4.0,6,65,NVIDIA GTX 1650,7000,4,1485,1665,75,128,1440p,1.5,1.5714,140,512,10.27,CPU,19
Intel Core i5-10400F,14000,6,12,2.9,4.3,12,65,NVIDIA RTX 4070,23000,12,1920,2475,200,192,1080p,1.0,0.6087,265,2304,40.36,CPU,70
Intel Core i5-13600K,28000,14,20,3.5,5.1,24,125,AMD RX 6800 XT,24000,16,1825,2250,300,256,4K,2.5,1.1667,425,4096,60.77,CPU,24
Intel Core i5-14600K,30000,14,20,3.5,5.3,24,125,AMD RX 7600,16000,8,1720,2655,165,128,1440p,1.5,1.875,290,1024,11.41,GPU,43
Intel Core i5-10400F,14000,6,12,2.9,4.3,12,65,NVIDIA RTX 3060 Ti,19000,8,1410,1665,200,256,1080p,1.0,0.7368,265,2048,23.87,CPU,63
Intel Core i9-14900K,41000,24,32,3.2,6.0,36,125,NVIDIA RTX 4080 SUPER,33000,16,2295,2550,320,256,4K,2.5,1.2424,445,4096,60.77,CPU,33
Intel Core i5-14400F,24000,10,16,2.5,4.7,20,65,NVIDIA RTX 3090,27000,24,1395,1695,350,384,4K,2.5,0.8889,415,9216,71.7,CPU,25
AMD Ryzen 7 5800X,26000,8,16,3.8,4.7,36,105,AMD RX 6600,14000,8,1626,2491,132,128,4K,2.5,1.8571,237,1024,44.77,CPU,17
AMD Ryzen 7 5800X,26000,8,16,3.8,4.7,36,105,NVIDIA RTX 3060 Ti,19000,8,1410,1665,200,256,1080p,1.0,1.3684,305,2048,26.62,GPU,66
AMD Ryzen 5 5600X,21000,6,12,3.7,4.6,35,65,NVIDIA GT 1030,3000,2,1228,1468,30,64,1440p,1.5,7.0,95,128,73.23,GPU,5
Intel Core i7-13700K,35000,16,24,3.4,5.4,30,125,NVIDIA RTX 4070 SUPER,26000,12,1980,2475,220,192,1080p,1.0,1.3462,345,2304,26.18,GPU,93
AMD Ryzen 9 5950X,32000,16,32,3.4,4.9,72,105,NVIDIA RTX 4070 Ti SUPER,29000,16,2340,2610,285,256,4K,2.5,1.1034,390,4096,66.94,CPU,28
Intel Core i5-13400F,22000,10,16,2.5,4.6,20,65,NVIDIA RTX 4070 Ti SUPER,29000,16,2340,2610,285,256,4K,2.5,0.7586,350,4096,77.53,CPU,26
AMD Ryzen 9 5950X,32000,16,32,3.4,4.9,72,105,NVIDIA RTX 4070 SUPER,26000,12,1980,2475,220,192,1440p,1.5,1.2308,325,2304,28.09,CPU,57
Intel Core i9-14900K,41000,24,32,3.2,6.0,36,125,NVIDIA GTX 1660 SUPER,10000,6,1530,1785,125,192,4K,2.5,4.1,250,1152,19.18,GPU,15
Intel Core i5-13600K,28000,14,20,3.5,5.1,24,125,AMD RX 7800 XT,24000,16,1295,2430,263,256,4K,2.5,1.1667,388,4096,67.97,CPU,24
Intel Core i5-12600K,25000,10,16,3.7,4.9,20,125,AMD RX 7600,16000,8,1720,2655,165,128,4K,2.5,1.5625,290,1024,53.75,CPU,18
Intel Core i9-12900K,35000,16,24,3.2,5.2,30,125,NVIDIA RTX 4070,23000,12,1920,2475,200,192,4K,2.5,1.5217,325,2304,49.79,CPU,26
AMD Ryzen 9 7900X,38000,12,24,4.7,5.6,76,170,AMD RX 6700 XT,18000,12,2321,2581,230,192,4K,2.5,2.1111,400,2304,35.58,CPU,21
Intel Core i5-14400F,24000,10,16,2.5,4.7,20,65,NVIDIA RTX 3070,21000,8,1500,1730,220,256,1440p,1.5,1.1429,285,2048,30.21,CPU,45
AMD Ryzen 9 5950X,32000,16,32,3.4,4.9,72,105,NVIDIA GT 1030,3000,2,1228,1468,30,64,1440p,1.5,10.6667,135,128,83.3,GPU,5
Intel Core i9-14900K,41000,24,32,3.2,6.0,36,125,NVIDIA RTX 3060 Ti,19000,8,1410,1665,200,256,1440p,1.5,2.1579,325,2048,21.39,GPU,44
Intel Core i7-12700K,30000,12,20,3.6,5.0,25,125,AMD RX 6900 XT,26000,16,1825,2250,300,256,1440p,1.5,1.1538,425,4096,30.94,CPU,57
Intel Core i5-14600K,30000,14,20,3.5,5.3,24,125,NVIDIA RTX 4070,23000,12,1920,2475,200,192,1080p,1.0,1.3043,325,2304,23.35,GPU,80
AMD Ryzen 5 5600X,21000,6,12,3.7,4.6,35,65,AMD RX 7800 XT,24000,16,1295,2430,263,256,4K,2.5,0.875,328,4096,71.64,CPU,23
Intel Core i9-12900K,35000,16,24,3.2,5.2,30,125,AMD RX 6700 XT,18000,12,2321,2581,230,192,1080p,1.0,1.9444,355,2304,50.63,GPU,50
AMD Ryzen 9 7900X,38000,12,24,4.7,5.6,76,170,NVIDIA RTX 4070 SUPER,26000,12,1980,2475,220,192,4K,2.5,1.4615,390,2304,58.1,CPU,28
Intel Core i5-14400F,24000,10,16,2.5,4.7,20,65,AMD RX 6800 XT,24000,16,1825,2250,300,256,4K,2.5,1.0,365,4096,67.71,CPU,22
Intel Core i3-13100F,14000,4,8,3.4,4.5,12,58,NVIDIA GTX 1650,7000,4,1485,1665,75,128,1080p,1.0,2.0,133,512,51.72,GPU,19
Intel Core i3-13100F,14000,4,8,3.4,4.5,12,58,NVIDIA RTX 3080,25000,10,1440,1710,320,320,1440p,1.5,0.56,378,3200,67.75,CPU,40
AMD Ryzen 5 7600,25000,6,12,3.8,5.1,38,65,NVIDIA GTX 1650,7000,4,1485,1665,75,128,1080p,1.0,3.5714,140,512,74.84,GPU,17
Intel Core i5-13400F,22000,10,16,2.5,4.6,20,65,NVIDIA RTX 4090,38000,24,2235,2520,450,384,4K,2.5,0.5789,515,9216,82.14,CPU,30
AMD Ryzen 7 5700X,24000,8,16,3.4,4.6,36,65,NVIDIA RTX 4070 SUPER,26000,12,1980,2475,220,192,4K,2.5,0.9231,285,2304,74.84,CPU,22
Intel Core i5-10400F,14000,6,12,2.9,4.3,12,65,NVIDIA RTX 4060,18000,8,1830,2460,115,128,1440p,1.5,0.7778,180,1024,52.56,CPU,31
Intel Core i5-14600K,30000,14,20,3.5,5.3,24,125,AMD RX 7900 XTX,34000,24,1855,2499,355,384,1440p,1.5,0.8824,480,9216,50.24,CPU,64
AMD Ryzen 9 7900X,38000,12,24,4.7,5.6,76,170,AMD RX 7800 XT,24000,16,1295,2430,263,256,1080p,1.0,1.5833,433,4096,35.88,GPU,71
Intel Core i5-13600K,28000,14,20,3.5,5.1,24,125,AMD RX 580,9000,8,1257,1340,185,256,1440p,1.5,3.1111,310,2048,42.36,GPU,17
Intel Core i7-13700K,35000,16,24,3.4,5.4,30,125,NVIDIA GTX 1650,7000,4,1485,1665,75,128,4K,2.5,5.0,200,512,33.5,GPU,8
Intel Core i3-12100F,13000,4,8,3.3,4.3,12,58,AMD RX 7700 XT,21000,12,1700,2544,245,192,1440p,1.5,0.619,303,2304,60.72,CPU,33
AMD Ryzen 3 4100,11000,4,8,3.8,4.0,6,65,AMD RX 7700 XT,21000,12,1700,2544,245,192,1440p,1.5,0.5238,310,2304,72.57,CPU,34
AMD Ryzen 5 5600,20000,6,12,3.5,4.4,35,65,NVIDIA RTX 4070 SUPER,26000,12,1980,2475,220,192,4K,2.5,0.7692,285,2304,79.0,CPU,22
Intel Core i5-13600K,28000,14,20,3.5,5.1,24,125,NVIDIA RTX 3060 Ti,19000,8,1410,1665,200,256,1080p,1.0,1.4737,325,2048,32.01,GPU,63
Intel Core i9-13900K,40000,24,32,3.0,5.8,36,125,NVIDIA RTX 4070 Ti SUPER,29000,16,2340,2610,285,256,1080p,1.0,1.3793,410,4096,27.96,GPU,99
AMD Ryzen 3 4100,11000,4,8,3.8,4.0,6,65,NVIDIA RTX 4070 Ti,27000,12,2310,2610,285,192,1440p,1.5,0.4074,350,2304,76.39,CPU,37
Intel Core i9-13900K,40000,24,32,3.0,5.8,36,125,AMD RX 7900 XT,30000,20,1500,2394,315,320,4K,2.5,1.3333,440,6400,59.88,CPU,31
Intel Core i5-12600K,25000,10,16,3.7,4.9,20,125,AMD RX 7900 XT,30000,20,1500,2394,315,320,1080p,1.0,0.8333,440,6400,17.82,CPU,104
Intel Core i7-13700K,35000,16,24,3.4,5.4,30,125,AMD RX 6600,14000,8,1626,2491,132,128,4K,2.5,2.5,257,1024,21.94,CPU,20
AMD Ryzen 5 7600X,27000,6,12,4.7,5.3,38,105,AMD RX 6600,14000,8,1626,2491,132,128,1440p,1.5,1.9286,237,1024,10.69,GPU,34
Intel Core i5-14400F,24000,10,16,2.5,4.7,20,65,NVIDIA RTX 4070 SUPER,26000,12,1980,2475,220,192,1080p,1.0,0.9231,285,2304,9.09,CPU,99
Intel Core i5-12400F,19000,6,12,2.5,4.4,18,65,NVIDIA GTX 1660 SUPER,10000,6,1530,1785,125,192,4K,2.5,1.9,190,1152,37.48,CPU,12
AMD Ryzen 9 7900X,38000,12,24,4.7,5.6,76,170,NVIDIA RTX 3060,16000,12,1320,1777,170,192,1080p,1.0,2.375,340,2304,58.41,GPU,41
Intel Core i5-13600K,28000,14,20,3.5,5.1,24,125,NVIDIA RTX 3080,25000,10,1440,1710,320,320,4K,2.5,1.12,445,3200,66.98,CPU,24
AMD Ryzen 9 5950X,32000,16,32,3.4,4.9,72,105,NVIDIA RTX 4060,18000,8,1830,2460,115,128,4K,2.5,1.7778,220,1024,46.04,CPU,22
Intel Core i3-10100F,10000,4,8,3.6,4.3,6,65,NVIDIA RTX 4090,38000,24,2235,2520,450,384,1440p,1.5,0.2632,515,9216,79.87,CPU,48
AMD Ryzen 5 5500,18000,6,12,3.6,4.2,19,65,NVIDIA RTX 4060 Ti,20000,8,2310,2535,160,128,4K,2.5,0.9,225,1024,66.16,CPU,18
Intel Core i7-12700K,30000,12,20,3.6,5.0,25,125,NVIDIA RTX 4070,23000,12,1920,2475,200,192,4K,2.5,1.3043,325,2304,61.88,CPU,22
AMD Ryzen 5 5500,18000,6,12,3.6,4.2,19,65,AMD RX 6500 XT,8000,4,2310,2815,107,64,4K,2.5,2.25,172,256,31.97,CPU,10
AMD Ryzen 9 5950X,32000,16,32,3.4,4.9,72,105,NVIDIA RTX 4060 Ti,20000,8,2310,2535,160,128,1080p,1.0,1.6,265,1024,40.15,GPU,58
AMD Ryzen 9 5900X,29000,12,24,3.7,4.8,70,105,NVIDIA RTX 3080,25000,10,1440,1710,320,320,1440p,1.5,1.16,425,3200,31.94,CPU,55
AMD Ryzen 7 7800X3D,34000,8,16,4.2,5.0,104,120,NVIDIA GTX 1650,7000,4,1485,1665,75,128,1080p,1.0,4.8571,195,512,82.62,GPU,15
AMD Ryzen 5 5500,18000,6,12,3.6,4.2,19,65,NVIDIA RTX 3060,16000,12,1320,1777,170,192,4K,2.5,1.125,235,2304,64.64,CPU,16
Intel Core i5-13600K,28000,14,20,3.5,5.1,24,125,AMD RX 6500 XT,8000,4,2310,2815,107,64,1440p,1.5,3.5,232,256,50.38,GPU,15
Intel Core i7-12700K,30000,12,20,3.6,5.0,25,125,AMD RX 6700 XT,18000,12,2321,2581,230,192,4K,2.5,1.6667,355,2304,52.47,CPU,21
AMD Ryzen 7 5700X,24000,8,16,3.4,4.6,36,65,NVIDIA RTX 4070 Ti,27000,12,2310,2610,285,192,1080p,1.0,0.8889,350,2304,10.48,CPU,107
AMD Ryzen 5 7600,25000,6,12,3.8,5.1,38,65,AMD RX 6900 XT,26000,16,1825,2250,300,256,1440p,1.5,0.9615,365,4096,43.84,CPU,49
AMD Ryzen 9 5950X,32000,16,32,3.4,4.9,72,105,AMD RX 6500 XT,8000,4,2310,2815,107,64,4K,2.5,4.0,212,256,17.99,GPU,12
AMD Ryzen 5 5500,18000,6,12,3.6,4.2,19,65,AMD RX 580,9000,8,1257,1340,185,256,4K,2.5,2.0,250,2048,43.23,CPU,11
Intel Core i5-12600K,25000,10,16,3.7,4.9,20,125,NVIDIA RTX 3090,27000,24,1395,1695,350,384,4K,2.5,0.9259,475,9216,71.18,CPU,23
Intel Core i3-10100F,10000,4,8,3.6,4.3,6,65,AMD RX 6900 XT,26000,16,1825,2250,300,256,1440p,1.5,0.3846,365,4096,76.39,CPU,37
Intel Core i5-13600K,28000,14,20,3.5,5.1,24,125,NVIDIA RTX 4070 Ti,27000,12,2310,2610,285,192,1080p,1.0,1.037,410,2304,0.97,BALANCED,114
AMD Ryzen 9 7900X,38000,12,24,4.7,5.6,76,170,NVIDIA RTX 4070 Ti,27000,12,2310,2610,285,192,1440p,1.5,1.4074,455,2304,16.92,CPU,66
Intel Core i9-14900K,41000,24,32,3.2,6.0,36,125,NVIDIA RTX 3060 Ti,19000,8,1410,1665,200,256,1080p,1.0,2.1579,325,2048,53.17,GPU,52
AMD Ryzen 5 7600,25000,6,12,3.8,5.1,38,65,AMD RX 580,9000,8,1257,1340,185,256,1440p,1.5,2.7778,250,2048,38.68,GPU,17
AMD Ryzen 5 5600X,21000,6,12,3.7,4.6,35,65,NVIDIA RTX 4060,18000,8,1830,2460,115,128,4K,2.5,1.1667,180,1024,64.16,CPU,16
AMD Ryzen 5 7600,25000,6,12,3.8,5.1,38,65,NVIDIA GTX 1660 SUPER,10000,6,1530,1785,125,192,1080p,1.0,2.5,190,1152,56.1,GPU,27
AMD Ryzen 9 5900X,29000,12,24,3.7,4.8,70,105,NVIDIA RTX 4080 SUPER,33000,16,2295,2550,320,256,1080p,1.0,0.8788,425,4096,12.57,CPU,120
Intel Core i5-14600K,30000,14,20,3.5,5.3,24,125,NVIDIA RTX 4060 Ti,20000,8,2310,2535,160,128,4K,2.5,1.5,285,1024,52.81,CPU,22
Intel Core i5-13400F,22000,10,16,2.5,4.6,20,65,NVIDIA RTX 4070 Ti,27000,12,2310,2610,285,192,1440p,1.5,0.8148,350,2304,50.51,CPU,47
Intel Core i5-14400F,24000,10,16,2.5,4.7,20,65,AMD RX 7900 XT,30000,20,1500,2394,315,320,4K,2.5,0.8,380,6400,73.27,CPU,26
Intel Core i5-13600K,28000,14,20,3.5,5.1,24,125,AMD RX 6700 XT,18000,12,2321,2581,230,192,1080p,1.0,1.5556,355,2304,36.38,GPU,55
AMD Ryzen 7 5800X,26000,8,16,3.8,4.7,36,105,NVIDIA RTX 4080 SUPER,33000,16,2295,2550,320,256,1080p,1.0,0.7879,425,4096,21.59,CPU,119
AMD Ryzen 7 7700X,32000,8,16,4.5,5.4,40,105,AMD RX 6700 XT,18000,12,2321,2581,230,192,4K,2.5,1.7778,335,2304,46.01,CPU,22
Intel Core i9-13900K,40000,24,32,3.0,5.8,36,125,NVIDIA RTX 4070 Ti,27000,12,2310,2610,285,192,4K,2.5,1.4815,410,2304,50.57,CPU,30
Intel Core i5-12600K,25000,10,16,3.7,4.9,20,125,NVIDIA GT 1030,3000,2,1228,1468,30,64,1440p,1.5,8.3333,155,128,80.07,GPU,5
Intel Core i5-12400F,19000,6,12,2.5,4.4,18,65,NVIDIA RTX 3090,27000,24,1395,1695,350,384,1440p,1.5,0.7037,415,9216,60.74,CPU,48
Intel Core i5-12600K,25000,10,16,3.7,4.9,20,125,NVIDIA RTX 4060,18000,8,1830,2460,115,128,4K,2.5,1.3889,240,1024,54.2,CPU,20
AMD Ryzen 7 7700X,32000,8,16,4.5,5.4,40,105,NVIDIA RTX 4080 SUPER,33000,16,2295,2550,320,256,4K,2.5,0.9697,425,4096,70.5,CPU,31
AMD Ryzen 7 5700X,24000,8,16,3.4,4.6,36,65,NVIDIA GTX 1650,7000,4,1485,1665,75,128,1080p,1.0,3.4286,140,512,73.51,GPU,15
Intel Core i3-13100F,14000,4,8,3.4,4.5,12,58,NVIDIA RTX 4070 Ti SUPER,29000,16,2340,2610,285,256,4K,2.5,0.4828,343,4096,87.31,CPU,23
AMD Ryzen 5 7600,25000,6,12,3.8,5.1,38,65,NVIDIA RTX 4060 Ti,20000,8,2310,2535,160,128,1440p,1.5,1.25,225,1024,26.51,CPU,44
Intel Core i7-13700K,35000,16,24,3.4,5.4,30,125,NVIDIA RTX 4070 Ti SUPER,29000,16,2340,2610,285,256,1440p,1.5,1.2069,410,4096,29.36,CPU,66
Intel Core i9-14900K,41000,24,32,3.2,6.0,36,125,NVIDIA GT 1030,3000,2,1228,1468,30,64,4K,2.5,13.6667,155,128,75.98,GPU,5
AMD Ryzen 9 5950X,32000,16,32,3.4,4.9,72,105,AMD RX 580,9000,8,1257,1340,185,256,4K,2.5,3.5556,290,2048,5.6,GPU,14
Intel Core i3-12100F,13000,4,8,3.3,4.3,12,58,AMD RX 7900 XT,30000,20,1500,2394,315,320,1080p,1.0,0.4333,373,6400,56.45,CPU,81
Intel Core i7-13700K,35000,16,24,3.4,5.4,30,125,NVIDIA RTX 4060,18000,8,1830,2460,115,128,1080p,1.0,1.9444,240,1024,46.46,GPU,49
AMD Ryzen 7 5800X,26000,8,16,3.8,4.7,36,105,AMD RX 7700 XT,21000,12,1700,2544,245,192,4K,2.5,1.2381,350,2304,62.16,CPU,20
AMD Ryzen 9 5950X,32000,16,32,3.4,4.9,72,105,NVIDIA RTX 4070,23000,12,1920,2475,200,192,1440p,1.5,1.3913,305,2304,16.13,CPU,56
AMD Ryzen 7 7700X,32000,8,16,4.5,5.4,40,105,AMD RX 6500 XT,8000,4,2310,2815,107,64,1440p,1.5,4.0,212,256,54.95,GPU,14
AMD Ryzen 7 7700X,32000,8,16,4.5,5.4,40,105,NVIDIA RTX 4070 SUPER,26000,12,1980,2475,220,192,1440p,1.5,1.2308,325,2304,27.79,CPU,58
Intel Core i7-12700K,30000,12,20,3.6,5.0,25,125,AMD RX 6900 XT,26000,16,1825,2250,300,256,1080p,1.0,1.1538,425,4096,14.63,GPU,102
Intel Core i5-13600K,28000,14,20,3.5,5.1,24,125,NVIDIA GT 1030,3000,2,1228,1468,30,64,1080p,1.0,9.3333,155,128,88.08,GPU,6
Intel Core i5-14600K,30000,14,20,3.5,5.3,24,125,AMD RX 7900 XTX,34000,24,1855,2499,355,384,4K,2.5,0.8824,480,9216,69.6,CPU,31
Intel Core i7-13700K,35000,16,24,3.4,5.4,30,125,NVIDIA RTX 4090,38000,24,2235,2520,450,384,4K,2.5,0.9211,575,9216,70.35,CPU,33
AMD Ryzen 3 4100,11000,4,8,3.8,4.0,6,65,NVIDIA RTX 4070 SUPER,26000,12,1980,2475,220,192,4K,2.5,0.4231,285,2304,87.51,CPU,19
AMD Ryzen 7 5700X,24000,8,16,3.4,4.6,36,65,NVIDIA RTX 4070,23000,12,1920,2475,200,192,1080p,1.0,1.0435,265,2304,1.32,BALANCED,94
Intel Core i7-12700K,30000,12,20,3.6,5.0,25,125,NVIDIA RTX 3090,27000,24,1395,1695,350,384,1440p,1.5,1.1111,475,9216,31.67,CPU,60
AMD Ryzen 7 7700X,32000,8,16,4.5,5.4,40,105,AMD RX 7900 XTX,34000,24,1855,2499,355,384,1440p,1.5,0.9412,460,9216,43.88,CPU,64
Intel Core i7-14700K,37000,20,28,3.4,5.6,33,125,NVIDIA RTX 4070 Ti,27000,12,2310,2610,285,192,1080p,1.0,1.3704,410,2304,27.83,GPU,86
AMD Ryzen 9 7900X,38000,12,24,4.7,5.6,76,170,NVIDIA RTX 4080 SUPER,33000,16,2295,2550,320,256,1440p,1.5,1.1515,490,4096,31.54,CPU,74
AMD Ryzen 5 5600,20000,6,12,3.5,4.4,35,65,NVIDIA RTX 3090,27000,24,1395,1695,350,384,1080p,1.0,0.7407,415,9216,26.84,CPU,85
Intel Core i5-14600K,30000,14,20,3.5,5.3,24,125,NVIDIA RTX 4070 SUPER,26000,12,1980,2475,220,192,1080p,1.0,1.1538,345,2304,12.49,GPU,95
AMD Ryzen 7 5800X,26000,8,16,3.8,4.7,36,105,NVIDIA GTX 1660 SUPER,10000,6,1530,1785,125,192,1440p,1.5,2.6,230,1152,34.0,GPU,20
Intel Core i3-10100F,10000,4,8,3.6,4.3,6,65,AMD RX 6800 XT,24000,16,1825,2250,300,256,1440p,1.5,0.4167,365,4096,76.08,CPU,37
Intel Core i7-13700K,35000,16,24,3.4,5.4,30,125,NVIDIA RTX 4070 Ti SUPER,29000,16,2340,2610,285,256,4K,2.5,1.2069,410,4096,63.23,CPU,29
Intel Core i9-14900K,41000,24,32,3.2,6.0,36,125,AMD RX 6900 XT,26000,16,1825,2250,300,256,1080p,1.0,1.5769,425,4096,39.39,GPU,80
Intel Core i9-14900K,41000,24,32,3.2,6.0,36,125,AMD RX 6800 XT,24000,16,1825,2250,300,256,1080p,1.0,1.7083,425,4096,38.64,GPU,74
Intel Core i5-14400F,24000,10,16,2.5,4.7,20,65,NVIDIA GTX 1650,7000,4,1485,1665,75,128,1440p,1.5,3.4286,140,512,52.67,GPU,12
AMD Ryzen 5 5600X,21000,6,12,3.7,4.6,35,65,AMD RX 580,9000,8,1257,1340,185,256,1440p,1.5,2.3333,250,2048,29.68,GPU,19
AMD Ryzen 9 7900X,38000,12,24,4.7,5.6,76,170,NVIDIA RTX 4070 Ti SUPER,29000,16,2340,2610,285,256,1440p,1.5,1.3103,455,4096,23.22,CPU,69
AMD Ryzen 3 4100,11000,4,8,3.8,4.0,6,65,NVIDIA RTX 3050,12000,8,1552,1777,130,128,1080p,1.0,0.9167,195,1024,6.77,CPU,45
Intel Core i7-13700K,35000,16,24,3.4,5.4,30,125,NVIDIA RTX 4080 SUPER,33000,16,2295,2550,320,256,4K,2.5,1.0606,445,4096,66.17,CPU,30
AMD Ryzen 5 7600X,27000,6,12,4.7,5.3,38,105,AMD RX 7900 XTX,34000,24,1855,2499,355,384,1440p,1.5,0.7941,460,9216,56.99,CPU,62
Intel Core i7-12700K,30000,12,20,3.6,5.0,25,125,AMD RX 7800 XT,24000,16,1295,2430,263,256,4K,2.5,1.25,388,4096,59.02,CPU,22
AMD Ryzen 5 5500,18000,6,12,3.6,4.2,19,65,AMD RX 6800 XT,24000,16,1825,2250,300,256,4K,2.5,0.75,365,4096,77.12,CPU,21
Intel Core i5-14400F,24000,10,16,2.5,4.7,20,65,NVIDIA RTX 4060,18000,8,1830,2460,115,128,4K,2.5,1.3333,180,1024,59.68,CPU,19
Intel Core i3-10100F,10000,4,8,3.6,4.3,6,65,NVIDIA GTX 1650,7000,4,1485,1665,75,128,1080p,1.0,1.4286,140,512,28.61,GPU,22
AMD Ryzen 7 5800X,26000,8,16,3.8,4.7,36,105,NVIDIA RTX 3060,16000,12,1320,1777,170,192,4K,2.5,1.625,275,2304,49.91,CPU,17
Intel Core i5-12400F,19000,6,12,2.5,4.4,18,65,NVIDIA RTX 4070 Ti,27000,12,2310,2610,285,192,1080p,1.0,0.7037,350,2304,30.23,CPU,91
Intel Core i5-12600K,25000,10,16,3.7,4.9,20,125,NVIDIA RTX 4080,32000,16,2205,2505,320,256,4K,2.5,0.7812,445,4096,74.77,CPU,28
Intel Core i7-12700K,30000,12,20,3.6,5.0,25,125,AMD RX 7700 XT,21000,12,1700,2544,245,192,1440p,1.5,1.4286,370,2304,17.73,CPU,48
Intel Core i9-14900K,41000,24,32,3.2,6.0,36,125,NVIDIA GTX 1660 SUPER,10000,6,1530,1785,125,192,1080p,1.0,4.1,250,1152,73.96,GPU,21
AMD Ryzen 5 5500,18000,6,12,3.6,4.2,19,65,NVIDIA RTX 3080,25000,10,1440,1710,320,320,4K,2.5,0.72,385,3200,77.89,CPU,22
Intel Core i5-10400F,14000,6,12,2.9,4.3,12,65,NVIDIA RTX 4070 Ti SUPER,29000,16,2340,2610,285,256,1440p,1.5,0.4828,350,4096,71.02,CPU,47
AMD Ryzen 3 4100,11000,4,8,3.8,4.0,6,65,NVIDIA RTX 4060,18000,8,1830,2460,115,128,1440p,1.5,0.6111,180,1024,62.86,CPU,31
AMD Ryzen 9 7900X,38000,12,24,4.7,5.6,76,170,NVIDIA RTX 3080,25000,10,1440,1710,320,320,1440p,1.5,1.52,490,3200,14.4,CPU,68
Intel Core i3-13100F,14000,4,8,3.4,4.5,12,58,AMD RX 6500 XT,8000,4,2310,2815,107,64,1080p,1.0,1.75,165,256,40.29,GPU,22
Intel Core i9-12900K,35000,16,24,3.2,5.2,30,125,AMD RX 6900 XT,26000,16,1825,2250,300,256,1440p,1.5,1.3462,425,4096,19.15,CPU,57
Intel Core i9-14900K,41000,24,32,3.2,6.0,36,125,AMD RX 6900 XT,26000,16,1825,2250,300,256,1440p,1.5,1.5769,425,4096,7.33,CPU,69
Intel Core i9-13900K,40000,24,32,3.0,5.8,36,125,NVIDIA GTX 1650,7000,4,1485,1665,75,128,1080p,1.0,5.7143,200,512,81.12,GPU,14
Intel Core i5-12400F,19000,6,12,2.5,4.4,18,65,NVIDIA RTX 4080 SUPER,33000,16,2295,2550,320,256,1080p,1.0,0.5758,385,4096,47.71,CPU,100
AMD Ryzen 7 7700X,32000,8,16,4.5,5.4,40,105,AMD RX 7600,16000,8,1720,2655,165,128,4K,2.5,2.0,270,1024,41.73,CPU,19
AMD Ryzen 3 4100,11000,4,8,3.8,4.0,6,65,NVIDIA RTX 4060 Ti,20000,8,2310,2535,160,128,1080p,1.0,0.55,225,1024,42.37,CPU,58
Intel Core i3-13100F,14000,4,8,3.4,4.5,12,58,NVIDIA RTX 3060 Ti,19000,8,1410,1665,200,256,1080p,1.0,0.7368,258,2048,28.54,CPU,64
AMD Ryzen 9 7950X,42000,16,32,4.5,5.7,80,170,AMD RX 7600,16000,8,1720,2655,165,128,4K,2.5,2.625,335,1024,18.11,CPU,24
Intel Core i7-13700K,35000,16,24,3.4,5.4,30,125,NVIDIA GT 1030,3000,2,1228,1468,30,64,1440p,1.5,11.6667,155,128,86.01,GPU,5
Intel Core i7-14700K,37000,20,28,3.4,5.6,33,125,NVIDIA RTX 4060,18000,8,1830,2460,115,128,1440p,1.5,2.0556,240,1024,13.58,GPU,43
Intel Core i5-12400F,19000,6,12,2.5,4.4,18,65,NVIDIA GTX 1660 SUPER,10000,6,1530,1785,125,192,1080p,1.0,1.9,190,1152,43.95,GPU,28
Intel Core i5-13600K,28000,14,20,3.5,5.1,24,125,AMD RX 7900 XT,30000,20,1500,2394,315,320,4K,2.5,0.9333,440,6400,70.71,CPU,26
Intel Core i5-10400F,14000,6,12,2.9,4.3,12,65,NVIDIA RTX 3090,27000,24,1395,1695,350,384,1080p,1.0,0.5185,415,9216,48.15,CPU,74
AMD Ryzen 7 5700X,24000,8,16,3.4,4.6,36,65,NVIDIA RTX 4070,23000,12,1920,2475,200,192,1440p,1.5,1.0435,265,2304,38.18,CPU,45
Intel Core i9-12900K,35000,16,24,3.2,5.2,30,125,NVIDIA RTX 4070 Ti SUPER,29000,16,2340,2610,285,256,1440p,1.5,1.2069,410,4096,32.04,CPU,65
AMD Ryzen 7 5800X,26000,8,16,3.8,4.7,36,105,AMD RX 6800 XT,24000,16,1825,2250,300,256,1440p,1.5,1.0833,405,4096,37.74,CPU,49
AMD Ryzen 5 5600,20000,6,12,3.5,4.4,35,65,AMD RX 7800 XT,24000,16,1295,2430,263,256,1080p,1.0,0.8333,328,4096,17.94,CPU,86
Intel Core i9-12900K,35000,16,24,3.2,5.2,30,125,NVIDIA RTX 4060,18000,8,1830,2460,115,128,4K,2.5,1.9444,240,1024,39.66,CPU,20
Intel Core i5-14600K,30000,14,20,3.5,5.3,24,125,AMD RX 6600,14000,8,1626,2491,132,128,1440p,1.5,2.1429,257,1024,18.14,GPU,31
Intel Core i5-13600K,28000,14,20,3.5,5.1,24,125,AMD RX 7600,16000,8,1720,2655,165,128,1080p,1.0,1.75,290,1024,40.27,GPU,49
Intel Core i5-14600K,30000,14,20,3.5,5.3,24,125,AMD RX 6600,14000,8,1626,2491,132,128,4K,2.5,2.1429,257,1024,37.08,CPU,18
Intel Core i9-13900K,40000,24,32,3.0,5.8,36,125,NVIDIA RTX 4090,38000,24,2235,2520,450,384,1440p,1.5,1.0526,575,9216,36.94,CPU,73
AMD Ryzen 9 5900X,29000,12,24,3.7,4.8,70,105,NVIDIA RTX 3060,16000,12,1320,1777,170,192,4K,2.5,1.8125,275,2304,47.36,CPU,19
Intel Core i9-12900K,35000,16,24,3.2,5.2,30,125,NVIDIA RTX 3070,21000,8,1500,1730,220,256,4K,2.5,1.6667,345,2048,46.52,CPU,23
Intel Core i3-10100F,10000,4,8,3.6,4.3,6,65,NVIDIA RTX 4070 Ti SUPER,29000,16,2340,2610,285,256,1440p,1.5,0.3448,350,4096,76.64,CPU,42
AMD Ryzen 9 7950X,42000,16,32,4.5,5.7,80,170,NVIDIA GT 1030,3000,2,1228,1468,30,64,1440p,1.5,14.0,200,128,84.44,GPU,5
Intel Core i5-10400F,14000,6,12,2.9,4.3,12,65,NVIDIA RTX 4070 Ti SUPER,29000,16,2340,2610,285,256,1080p,1.0,0.4828,350,4096,47.99,CPU,76
Intel Core i5-12400F,19000,6,12,2.5,4.4,18,65,AMD RX 7600,16000,8,1720,2655,165,128,1440p,1.5,1.1875,230,1024,29.87,CPU,35
Intel Core i5-12400F,19000,6,12,2.5,4.4,18,65,NVIDIA RTX 4060 Ti,20000,8,2310,2535,160,128,1080p,1.0,0.95,225,1024,0,BALANCED,87
AMD Ryzen 9 7900X,38000,12,24,4.7,5.6,76,170,NVIDIA RTX 4060,18000,8,1830,2460,115,128,1080p,1.0,2.1111,285,1024,54.84,GPU,49
Intel Core i9-12900K,35000,16,24,3.2,5.2,30,125,AMD RX 7900 XTX,34000,24,1855,2499,355,384,1080p,1.0,1.0294,480,9216,3.52,BALANCED,133
AMD Ryzen 9 7900X,38000,12,24,4.7,5.6,76,170,NVIDIA GTX 1650,7000,4,1485,1665,75,128,4K,2.5,5.4286,245,512,40.02,GPU,8
Intel Core i5-13600K,28000,14,20,3.5,5.1,24,125,NVIDIA RTX 3060,16000,12,1320,1777,170,192,1080p,1.0,1.75,295,2304,42.86,GPU,44
AMD Ryzen 7 5800X,26000,8,16,3.8,4.7,36,105,NVIDIA RTX 4080 SUPER,33000,16,2295,2550,320,256,1440p,1.5,0.7879,425,4096,57.68,CPU,61
Intel Core i7-12700K,30000,12,20,3.6,5.0,25,125,NVIDIA RTX 4070 Ti SUPER,29000,16,2340,2610,285,256,1080p,1.0,1.0345,410,4096,0.3,BALANCED,117
AMD Ryzen 9 7950X,42000,16,32,4.5,5.7,80,170,NVIDIA RTX 4070 SUPER,26000,12,1980,2475,220,192,1080p,1.0,1.6154,390,2304,36.41,GPU,82
AMD Ryzen 5 5600,20000,6,12,3.5,4.4,35,65,NVIDIA GTX 1660 SUPER,10000,6,1530,1785,125,192,1440p,1.5,2.0,190,1152,17.52,GPU,23
AMD Ryzen 5 5600X,21000,6,12,3.7,4.6,35,65,NVIDIA RTX 4060 Ti,20000,8,2310,2535,160,128,1080p,1.0,1.05,225,1024,2.37,BALANCED,88
Intel Core i5-14400F,24000,10,16,2.5,4.7,20,65,NVIDIA RTX 4090,38000,24,2235,2520,450,384,1080p,1.0,0.6316,515,9216,38.34,CPU,122
AMD Ryzen 7 5700X,24000,8,16,3.4,4.6,36,65,AMD RX 6500 XT,8000,4,2310,2815,107,64,1440p,1.5,3.0,172,256,45.5,GPU,15
Intel Core i3-13100F,14000,4,8,3.4,4.5,12,58,NVIDIA RTX 3070,21000,8,1500,1730,220,256,4K,2.5,0.6667,278,2048,78.51,CPU,17
Intel Core i7-14700K,37000,20,28,3.4,5.6,33,125,NVIDIA RTX 4060 Ti,20000,8,2310,2535,160,128,4K,2.5,1.85,285,1024,44.95,CPU,23
AMD Ryzen 3 4100,11000,4,8,3.8,4.0,6,65,NVIDIA RTX 3060 Ti,19000,8,1410,1665,200,256,4K,2.5,0.5789,265,2048,82.53,CPU,15
AMD Ryzen 7 7700X,32000,8,16,4.5,5.4,40,105,NVIDIA RTX 3060 Ti,19000,8,1410,1665,200,256,1080p,1.0,1.6842,305,2048,40.89,GPU,55
AMD Ryzen 3 4100,11000,4,8,3.8,4.0,6,65,NVIDIA RTX 3090,27000,24,1395,1695,350,384,1080p,1.0,0.4074,415,9216,59.18,CPU,66
AMD Ryzen 5 7600X,27000,6,12,4.7,5.3,38,105,NVIDIA GTX 1650,7000,4,1485,1665,75,128,4K,2.5,3.8571,180,512,13.57,GPU,10
Intel Core i5-12600K,25000,10,16,3.7,4.9,20,125,AMD RX 7900 XT,30000,20,1500,2394,315,320,1440p,1.5,0.8333,440,6400,49.53,CPU,52
Intel Core i3-12100F,13000,4,8,3.3,4.3,12,58,NVIDIA RTX 4080 SUPER,33000,16,2295,2550,320,256,4K,2.5,0.3939,378,4096,83.91,CPU,25
Intel Core i5-12600K,25000,10,16,3.7,4.9,20,125,NVIDIA RTX 4070 Ti,27000,12,2310,2610,285,192,4K,2.5,0.9259,410,2304,72.79,CPU,24
Intel Core i3-13100F,14000,4,8,3.4,4.5,12,58,NVIDIA GT 1030,3000,2,1228,1468,30,64,1440p,1.5,4.6667,88,128,59.65,GPU,5
AMD Ryzen 5 5600X,21000,6,12,3.7,4.6,35,65,NVIDIA GTX 1660 SUPER,10000,6,1530,1785,125,192,4K,2.5,2.1,190,1152,32.47,CPU,13
Intel Core i3-12100F,13000,4,8,3.3,4.3,12,58,AMD RX 7800 XT,24000,16,1295,2430,263,256,1440p,1.5,0.5417,321,4096,66.31,CPU,38
AMD Ryzen 3 4100,11000,4,8,3.8,4.0,6,65,NVIDIA RTX 4060 Ti,20000,8,2310,2535,160,128,1440p,1.5,0.55,225,1024,65.54,CPU,33
Intel Core i9-13900K,40000,24,32,3.0,5.8,36,125,NVIDIA RTX 4060,18000,8,1830,2460,115,128,1080p,1.0,2.2222,240,1024,56.49,GPU,46
Intel Core i3-12100F,13000,4,8,3.3,4.3,12,58,AMD RX 7900 XTX,34000,24,1855,2499,355,384,1440p,1.5,0.3824,413,9216,74.79,CPU,51
Intel Core i5-14400F,24000,10,16,2.5,4.7,20,65,NVIDIA RTX 3060 Ti,19000,8,1410,1665,200,256,4K,2.5,1.2632,265,2048,60.09,CPU,19
Intel Core i3-10100F,10000,4,8,3.6,4.3,6,65,AMD RX 7900 XT,30000,20,1500,2394,315,320,1440p,1.5,0.3333,380,6400,77.09,CPU,44
AMD Ryzen 5 5500,18000,6,12,3.6,4.2,19,65,NVIDIA RTX 4060,18000,8,1830,2460,115,128,1080p,1.0,1.0,180,1024,0,BALANCED,75
Intel Core i7-13700K,35000,16,24,3.4,5.4,30,125,NVIDIA RTX 3070,21000,8,1500,1730,220,256,1440p,1.5,1.6667,345,2048,2.08,BALANCED,62
AMD Ryzen 5 5600,20000,6,12,3.5,4.4,35,65,NVIDIA RTX 4080,32000,16,2205,2505,320,256,1080p,1.0,0.625,385,4096,38.74,CPU,103
Intel Core i3-13100F,14000,4,8,3.4,4.5,12,58,NVIDIA RTX 4090,38000,24,2235,2520,450,384,1080p,1.0,0.3684,508,9216,62.06,CPU,88
AMD Ryzen 7 7700X,32000,8,16,4.5,5.4,40,105,NVIDIA RTX 4070 SUPER,26000,12,1980,2475,220,192,1080p,1.0,1.2308,325,2304,16.67,GPU,86
AMD Ryzen 9 7900X,38000,12,24,4.7,5.6,76,170,NVIDIA RTX 4090,38000,24,2235,2520,450,384,4K,2.5,1.0,620,9216,65.24,CPU,37
AMD Ryzen 9 5950X,32000,16,32,3.4,4.9,72,105,NVIDIA RTX 4090,38000,24,2235,2520,450,384,1080p,1.0,0.8421,555,9216,14.57,CPU,138
AMD Ryzen 9 7900X,38000,12,24,4.7,5.6,76,170,NVIDIA RTX 4090,38000,24,2235,2520,450,384,1080p,1.0,1.0,620,9216,0,BALANCED,162
Intel Core i5-13400F,22000,10,16,2.5,4.6,20,65,AMD RX 7600,16000,8,1720,2655,165,128,1080p,1.0,1.375,230,1024,27.09,GPU,56
AMD Ryzen 5 5500,18000,6,12,3.6,4.2,19,65,NVIDIA GTX 1660 SUPER,10000,6,1530,1785,125,192,1440p,1.5,1.8,190,1152,2.36,BALANCED,25
Intel Core i7-13700K,35000,16,24,3.4,5.4,30,125,AMD RX 7900 XTX,34000,24,1855,2499,355,384,1440p,1.5,1.0294,480,9216,42.22,CPU,65
Intel Core i5-14600K,30000,14,20,3.5,5.3,24,125,AMD RX 6700 XT,18000,12,2321,2581,230,192,1080p,1.0,1.6667,355,2304,39.29,GPU,53
AMD Ryzen 9 7900X,38000,12,24,4.7,5.6,76,170,NVIDIA RTX 3060 Ti,19000,8,1410,1665,200,256,1440p,1.5,2.0,370,2048,16.82,GPU,45
AMD Ryzen 5 5600,20000,6,12,3.5,4.4,35,65,NVIDIA RTX 3050,12000,8,1552,1777,130,128,4K,2.5,1.6667,195,1024,47.66,CPU,14
Intel Core i7-14700K,37000,20,28,3.4,5.6,33,125,NVIDIA RTX 4070 Ti,27000,12,2310,2610,285,192,4K,2.5,1.3704,410,2304,55.81,CPU,29
Intel Core i7-14700K,37000,20,28,3.4,5.6,33,125,NVIDIA RTX 3060 Ti,19000,8,1410,1665,200,256,1440p,1.5,1.9474,325,2048,14.16,GPU,46
AMD Ryzen 9 5950X,32000,16,32,3.4,4.9,72,105,NVIDIA RTX 3060,16000,12,1320,1777,170,192,1080p,1.0,2.0,275,2304,51.91,GPU,42
AMD Ryzen 5 7600,25000,6,12,3.8,5.1,38,65,NVIDIA RTX 4070 SUPER,26000,12,1980,2475,220,192,1440p,1.5,0.9615,285,2304,42.82,CPU,54
AMD Ryzen 9 5950X,32000,16,32,3.4,4.9,72,105,AMD RX 6900 XT,26000,16,1825,2250,300,256,1080p,1.0,1.2308,405,4096,14.8,GPU,90
Intel Core i9-12900K,35000,16,24,3.2,5.2,30,125,NVIDIA RTX 4060,18000,8,1830,2460,115,128,1080p,1.0,1.9444,240,1024,52.13,GPU,47
Intel Core i5-13600K,28000,14,20,3.5,5.1,24,125,NVIDIA RTX 4070 Ti SUPER,29000,16,2340,2610,285,256,4K,2.5,0.9655,410,4096,69.66,CPU,27
Intel Core i5-14600K,30000,14,20,3.5,5.3,24,125,AMD RX 7900 XTX,34000,24,1855,2499,355,384,1080p,1.0,0.8824,480,9216,14.22,CPU,131
AMD Ryzen 7 7800X3D,34000,8,16,4.2,5.0,104,120,NVIDIA RTX 4060,18000,8,1830,2460,115,128,4K,2.5,1.8889,235,1024,41.7,CPU,21
Intel Core i9-12900K,35000,16,24,3.2,5.2,30,125,NVIDIA RTX 3070,21000,8,1500,1730,220,256,1080p,1.0,1.6667,345,2048,40.52,GPU,67
Intel Core i3-10100F,10000,4,8,3.6,4.3,6,65,NVIDIA RTX 4080 SUPER,33000,16,2295,2550,320,256,1440p,1.5,0.303,385,4096,80.59,CPU,42
AMD Ryzen 5 5600X,21000,6,12,3.7,4.6,35,65,AMD RX 7900 XTX,34000,24,1855,2499,355,384,1440p,1.5,0.6176,420,9216,65.54,CPU,55
Intel Core i5-14600K,30000,14,20,3.5,5.3,24,125,AMD RX 580,9000,8,1257,1340,185,256,1440p,1.5,3.3333,310,2048,46.48,GPU,16
Intel Core i7-13700K,35000,16,24,3.4,5.4,30,125,AMD RX 6500 XT,8000,4,2310,2815,107,64,4K,2.5,4.375,232,256,22.85,GPU,10
Intel Core i9-12900K,35000,16,24,3.2,5.2,30,125,NVIDIA RTX 3060 Ti,19000,8,1410,1665,200,256,1080p,1.0,1.8421,325,2048,47.09,GPU,54
AMD Ryzen 7 5800X,26000,8,16,3.8,4.7,36,105,NVIDIA RTX 3060 Ti,19000,8,1410,1665,200,256,1440p,1.5,1.3684,305,2048,19.47,CPU,42
AMD Ryzen 7 7800X3D,34000,8,16,4.2,5.0,104,120,NVIDIA GTX 1660 SUPER,10000,6,1530,1785,125,192,1080p,1.0,3.4,245,1152,70.94,GPU,23
Intel Core i7-12700K,30000,12,20,3.6,5.0,25,125,NVIDIA RTX 3080,25000,10,1440,1710,320,320,4K,2.5,1.2,445,3200,64.66,CPU,25
AMD Ryzen 9 5900X,29000,12,24,3.7,4.8,70,105,AMD RX 580,9000,8,1257,1340,185,256,1080p,1.0,3.2222,290,2048,68.68,GPU,20
Intel Core i7-13700K,35000,16,24,3.4,5.4,30,125,NVIDIA RTX 3060 Ti,19000,8,1410,1665,200,256,1080p,1.0,1.8421,325,2048,46.92,GPU,53
AMD Ryzen 7 5700X,24000,8,16,3.4,4.6,36,65,NVIDIA RTX 3060,16000,12,1320,1777,170,192,4K,2.5,1.5,235,2304,57.41,CPU,16
AMD Ryzen 7 7700X,32000,8,16,4.5,5.4,40,105,AMD RX 7800 XT,24000,16,1295,2430,263,256,4K,2.5,1.3333,368,4096,57.07,CPU,25
Intel Core i5-13400F,22000,10,16,2.5,4.6,20,65,NVIDIA RTX 3060,16000,12,1320,1777,170,192,4K,2.5,1.375,235,2304,59.2,CPU,16
AMD Ryzen 3 4100,11000,4,8,3.8,4.0,6,65,NVIDIA RTX 4070 SUPER,26000,12,1980,2475,220,192,1440p,1.5,0.4231,285,2304,76.26,CPU,36
AMD Ryzen 5 5500,18000,6,12,3.6,4.2,19,65,NVIDIA RTX 3070,21000,8,1500,1730,220,256,1080p,1.0,0.8571,285,2048,10.29,CPU,73
AMD Ryzen 5 7600X,27000,6,12,4.7,5.3,38,105,AMD RX 7800 XT,24000,16,1295,2430,263,256,1440p,1.5,1.125,368,4096,33.35,CPU,48
Intel Core i9-14900K,41000,24,32,3.2,6.0,36,125,AMD RX 7600,16000,8,1720,2655,165,128,4K,2.5,2.5625,290,1024,20.38,CPU,21
Intel Core i3-13100F,14000,4,8,3.4,4.5,12,58,AMD RX 6800 XT,24000,16,1825,2250,300,256,4K,2.5,0.5833,358,4096,85.35,CPU,19
AMD Ryzen 7 5700X,24000,8,16,3.4,4.6,36,65,NVIDIA RTX 4080 SUPER,33000,16,2295,2550,320,256,1080p,1.0,0.7273,385,4096,24.69,CPU,106
AMD Ryzen 7 7700X,32000,8,16,4.5,5.4,40,105,NVIDIA RTX 4090,38000,24,2235,2520,450,384,1080p,1.0,0.8421,555,9216,17.3,CPU,147
Intel Core i7-12700K,30000,12,20,3.6,5.0,25,125,NVIDIA RTX 3060,16000,12,1320,1777,170,192,4K,2.5,1.875,295,2304,41.96,CPU,17
Intel Core i7-14700K,37000,20,28,3.4,5.6,33,125,NVIDIA RTX 4080,32000,16,2205,2505,320,256,1440p,1.5,1.1562,445,4096,32.17,CPU,73
AMD Ryzen 9 5950X,32000,16,32,3.4,4.9,72,105,NVIDIA RTX 3070,21000,8,1500,1730,220,256,1080p,1.0,1.5238,325,2048,35.55,GPU,63
Intel Core i9-14900K,41000,24,32,3.2,6.0,36,125,NVIDIA RTX 3050,12000,8,1552,1777,130,128,4K,2.5,3.4167,255,1024,5.13,BALANCED,21
Intel Core i3-12100F,13000,4,8,3.3,4.3,12,58,AMD RX 6800 XT,24000,16,1825,2250,300,256,1080p,1.0,0.5417,358,4096,44.91,CPU,65
AMD Ryzen 7 7700X,32000,8,16,4.5,5.4,40,105,AMD RX 6600,14000,8,1626,2491,132,128,1080p,1.0,2.2857,237,1024,55.02,GPU,36
AMD Ryzen 7 5700X,24000,8,16,3.4,4.6,36,65,AMD RX 7700 XT,21000,12,1700,2544,245,192,1080p,1.0,1.1429,310,2304,14.48,GPU,74
AMD Ryzen 7 7800X3D,34000,8,16,4.2,5.0,104,120,AMD RX 7700 XT,21000,12,1700,2544,245,192,1440p,1.5,1.619,365,2304,0,BALANCED,55
Intel Core i5-13400F,22000,10,16,2.5,4.6,20,65,NVIDIA RTX 4070 Ti,27000,12,2310,2610,285,192,1080p,1.0,0.8148,350,2304,15.98,CPU,97
AMD Ryzen 7 5700X,24000,8,16,3.4,4.6,36,65,NVIDIA GTX 1650,7000,4,1485,1665,75,128,1440p,1.5,3.4286,140,512,49.6,GPU,13
Intel Core i5-14600K,30000,14,20,3.5,5.3,24,125,NVIDIA RTX 3080,25000,10,1440,1710,320,320,1440p,1.5,1.2,445,3200,27.1,CPU,54
AMD Ryzen 7 5800X,26000,8,16,3.8,4.7,36,105,AMD RX 6800 XT,24000,16,1825,2250,300,256,1080p,1.0,1.0833,405,4096,6.61,GPU,90
Intel Core i5-10400F,14000,6,12,2.9,4.3,12,65,AMD RX 6600,14000,8,1626,2491,132,128,4K,2.5,1.0,197,1024,70.22,CPU,13
Intel Core i5-12600K,25000,10,16,3.7,4.9,20,125,NVIDIA RTX 4070 Ti SUPER,29000,16,2340,2610,285,256,4K,2.5,0.8621,410,4096,72.35,CPU,25
Intel Core i7-14700K,37000,20,28,3.4,5.6,33,125,AMD RX 6700 XT,18000,12,2321,2581,230,192,1440p,1.5,2.0556,355,2304,15.9,GPU,43
AMD Ryzen 5 7600X,27000,6,12,4.7,5.3,38,105,NVIDIA RTX 3080,25000,10,1440,1710,320,320,1080p,1.0,1.08,425,3200,5.61,BALANCED,97
Intel Core i5-10400F,14000,6,12,2.9,4.3,12,65,NVIDIA RTX 3060,16000,12,1320,1777,170,192,1440p,1.5,0.875,235,2304,49.71,CPU,32
Intel Core i5-14600K,30000,14,20,3.5,5.3,24,125,NVIDIA RTX 4080 SUPER,33000,16,2295,2550,320,256,1080p,1.0,0.9091,445,4096,6.35,CPU,119
AMD Ryzen 7 5700X,24000,8,16,3.4,4.6,36,65,NVIDIA RTX 3050,12000,8,1552,1777,130,128,4K,2.5,2.0,195,1024,38.91,CPU,15
Intel Core i9-14900K,41000,24,32,3.2,6.0,36,125,NVIDIA RTX 3060 Ti,19000,8,1410,1665,200,256,4K,2.5,2.1579,325,2048,36.02,CPU,25
AMD Ryzen 7 5700X,24000,8,16,3.4,4.6,36,65,NVIDIA RTX 4070 Ti SUPER,29000,16,2340,2610,285,256,1440p,1.5,0.8276,350,4096,51.93,CPU,54
AMD Ryzen 3 4100,11000,4,8,3.8,4.0,6,65,NVIDIA RTX 4060,18000,8,1830,2460,115,128,1080p,1.0,0.6111,180,1024,41.88,CPU,55
Intel Core i9-13900K,40000,24,32,3.0,5.8,36,125,NVIDIA RTX 4070 Ti,27000,12,2310,2610,285,192,1440p,1.5,1.4815,410,2304,12.29,CPU,70
Intel Core i3-13100F,14000,4,8,3.4,4.5,12,58,NVIDIA RTX 4070 Ti,27000,12,2310,2610,285,192,4K,2.5,0.5185,343,2304,86.29,CPU,23
Intel Core i5-14600K,30000,14,20,3.5,5.3,24,125,NVIDIA RTX 4060 Ti,20000,8,2310,2535,160,128,1440p,1.5,1.5,285,1024,11.15,CPU,48
AMD Ryzen 7 5800X,26000,8,16,3.8,4.7,36,105,NVIDIA RTX 3050,12000,8,1552,1777,130,128,4K,2.5,2.1667,235,1024,36.34,CPU,15
AMD Ryzen 7 7700X,32000,8,16,4.5,5.4,40,105,NVIDIA RTX 4070 Ti SUPER,29000,16,2340,2610,285,256,4K,2.5,1.1034,390,4096,64.44,CPU,30
AMD Ryzen 7 5700X,24000,8,16,3.4,4.6,36,65,NVIDIA RTX 4060,18000,8,1830,2460,115,128,4K,2.5,1.3333,180,1024,58.23,CPU,19
Intel Core i7-13700K,35000,16,24,3.4,5.4,30,125,NVIDIA RTX 4070 Ti,27000,12,2310,2610,285,192,1440p,1.5,1.2963,410,2304,27.09,CPU,63
Intel Core i5-10400F,14000,6,12,2.9,4.3,12,65,AMD RX 7700 XT,21000,12,1700,2544,245,192,1080p,1.0,0.6667,310,2304,33.36,CPU,63
AMD Ryzen 3 4100,11000,4,8,3.8,4.0,6,65,NVIDIA GTX 1660 SUPER,10000,6,1530,1785,125,192,1440p,1.5,1.1,190,1152,32.82,CPU,20
AMD Ryzen 9 5900X,29000,12,24,3.7,4.8,70,105,NVIDIA RTX 4070 SUPER,26000,12,1980,2475,220,192,1080p,1.0,1.1154,325,2304,10.64,GPU,94
AMD Ryzen 9 5950X,32000,16,32,3.4,4.9,72,105,NVIDIA RTX 3080,25000,10,1440,1710,320,320,1080p,1.0,1.28,425,3200,25.18,GPU,83
AMD Ryzen 7 7800X3D,34000,8,16,4.2,5.0,104,120,NVIDIA RTX 3050,12000,8,1552,1777,130,128,1440p,1.5,2.8333,250,1024,42.0,GPU,23
AMD Ryzen 5 5600X,21000,6,12,3.7,4.6,35,65,NVIDIA RTX 4070,23000,12,1920,2475,200,192,4K,2.5,0.913,265,2304,70.9,CPU,22
Intel Core i3-13100F,14000,4,8,3.4,4.5,12,58,NVIDIA RTX 4090,38000,24,2235,2520,450,384,4K,2.5,0.3684,508,9216,87.96,CPU,28
Intel Core i5-13400F,22000,10,16,2.5,4.6,20,65,AMD RX 580,9000,8,1257,1340,185,256,1440p,1.5,2.4444,250,2048,39.89,GPU,19
Intel Core i5-13600K,28000,14,20,3.5,5.1,24,125,NVIDIA GTX 1660 SUPER,10000,6,1530,1785,125,192,4K,2.5,2.8,250,1152,14.97,CPU,15
Intel Core i5-14600K,30000,14,20,3.5,5.3,24,125,NVIDIA RTX 3090,27000,24,1395,1695,350,384,1440p,1.5,1.1111,475,9216,31.83,CPU,56
Intel Core i3-10100F,10000,4,8,3.6,4.3,6,65,NVIDIA RTX 4090,38000,24,2235,2520,450,384,1080p,1.0,0.2632,515,9216,77.56,CPU,82
AMD Ryzen 5 5600X,21000,6,12,3.7,4.6,35,65,NVIDIA RTX 3080,25000,10,1440,1710,320,320,1080p,1.0,0.84,385,3200,14.68,CPU,85
Intel Core i3-10100F,10000,4,8,3.6,4.3,6,65,AMD RX 7800 XT,24000,16,1295,2430,263,256,1080p,1.0,0.4167,328,4096,53.56,CPU,63
AMD Ryzen 9 5900X,29000,12,24,3.7,4.8,70,105,NVIDIA GT 1030,3000,2,1228,1468,30,64,1080p,1.0,9.6667,135,128,89.66,GPU,6
Intel Core i9-14900K,41000,24,32,3.2,6.0,36,125,AMD RX 7900 XT,30000,20,1500,2394,315,320,4K,2.5,1.3667,440,6400,61.07,CPU,32
Intel Core i3-13100F,14000,4,8,3.4,4.5,12,58,AMD RX 7900 XT,30000,20,1500,2394,315,320,1080p,1.0,0.4667,373,6400,55.08,CPU,82
AMD Ryzen 5 5600X,21000,6,12,3.7,4.6,35,65,NVIDIA GTX 1660 SUPER,10000,6,1530,1785,125,192,1440p,1.5,2.1,190,1152,17.44,GPU,24
Intel Core i7-12700K,30000,12,20,3.6,5.0,25,125,NVIDIA RTX 4080,32000,16,2205,2505,320,256,1080p,1.0,0.9375,445,4096,9.29,CPU,121
Intel Core i7-12700K,30000,12,20,3.6,5.0,25,125,NVIDIA RTX 4080,32000,16,2205,2505,320,256,1440p,1.5,0.9375,445,4096,42.91,CPU,65
AMD Ryzen 7 5700X,24000,8,16,3.4,4.6,36,65,NVIDIA RTX 3090,27000,24,1395,1695,350,384,1440p,1.5,0.8889,415,9216,47.5,CPU,50
AMD Ryzen 3 4100,11000,4,8,3.8,4.0,6,65,AMD RX 6700 XT,18000,12,2321,2581,230,192,1440p,1.5,0.6111,295,2304,60.63,CPU,31
Intel Core i5-13600K,28000,14,20,3.5,5.1,24,125,NVIDIA RTX 3050,12000,8,1552,1777,130,128,4K,2.5,2.3333,255,1024,28.06,CPU,16
Intel Core i9-13900K,40000,24,32,3.0,5.8,36,125,NVIDIA RTX 4060,18000,8,1830,2460,115,128,4K,2.5,2.2222,240,1024,34.35,CPU,22
Intel Core i7-12700K,30000,12,20,3.6,5.0,25,125,NVIDIA RTX 3060 Ti,19000,8,1410,1665,200,256,4K,2.5,1.5789,325,2048,53.87,CPU,20
AMD Ryzen 5 7600X,27000,6,12,4.7,5.3,38,105,NVIDIA RTX 4080 SUPER,33000,16,2295,2550,320,256,4K,2.5,0.8182,425,4096,75.55,CPU,29
Intel Core i9-12900K,35000,16,24,3.2,5.2,30,125,NVIDIA RTX 3090,27000,24,1395,1695,350,384,1440p,1.5,1.2963,475,9216,24.74,CPU,59
Intel Core i5-10400F,14000,6,12,2.9,4.3,12,65,AMD RX 6600,14000,8,1626,2491,132,128,1440p,1.5,1.0,197,1024,40.11,CPU,29
Intel Core i3-13100F,14000,4,8,3.4,4.5,12,58,NVIDIA RTX 3080,25000,10,1440,1710,320,320,4K,2.5,0.56,378,3200,81.93,CPU,21
AMD Ryzen 9 7950X,42000,16,32,4.5,5.7,80,170,NVIDIA RTX 3090,27000,24,1395,1695,350,384,1080p,1.0,1.5556,520,9216,33.97,GPU,86
Intel Core i5-12600K,25000,10,16,3.7,4.9,20,125,NVIDIA RTX 3070,21000,8,1500,1730,220,256,4K,2.5,1.1905,345,2048,64.56,CPU,19
Intel Core i3-12100F,13000,4,8,3.3,4.3,12,58,NVIDIA GT 1030,3000,2,1228,1468,30,64,1440p,1.5,4.3333,88,128,62.9,GPU,5
Intel Core i3-12100F,13000,4,8,3.3,4.3,12,58,NVIDIA RTX 4070,23000,12,1920,2475,200,192,4K,2.5,0.5652,258,2304,82.54,CPU,19
Intel Core i5-14400F,24000,10,16,2.5,4.7,20,65,AMD RX 7900 XTX,34000,24,1855,2499,355,384,1440p,1.5,0.7059,420,9216,55.17,CPU,60
Intel Core i5-12400F,19000,6,12,2.5,4.4,18,65,NVIDIA RTX 4070 SUPER,26000,12,1980,2475,220,192,4K,2.5,0.7308,285,2304,77.96,CPU,23
AMD Ryzen 5 5600X,21000,6,12,3.7,4.6,35,65,NVIDIA RTX 4060,18000,8,1830,2460,115,128,1440p,1.5,1.1667,180,1024,32.65,CPU,40
AMD Ryzen 5 7600,25000,6,12,3.8,5.1,38,65,NVIDIA RTX 3080,25000,10,1440,1710,320,320,4K,2.5,1.0,385,3200,67.13,CPU,22
AMD Ryzen 9 5900X,29000,12,24,3.7,4.8,70,105,NVIDIA GTX 1650,7000,4,1485,1665,75,128,1440p,1.5,4.1429,180,512,60.27,GPU,11
Intel Core i9-13900K,40000,24,32,3.0,5.8,36,125,NVIDIA RTX 4080 SUPER,33000,16,2295,2550,320,256,4K,2.5,1.2121,445,4096,65.07,CPU,30
Intel Core i7-12700K,30000,12,20,3.6,5.0,25,125,AMD RX 7900 XTX,34000,24,1855,2499,355,384,1080p,1.0,0.8824,480,9216,11.47,CPU,128
AMD Ryzen 5 5600X,21000,6,12,3.7,4.6,35,65,NVIDIA GTX 1650,7000,4,1485,1665,75,128,4K,2.5,3.0,140,512,11.38,CPU,10
Intel Core i5-12600K,25000,10,16,3.7,4.9,20,125,NVIDIA RTX 4090,38000,24,2235,2520,450,384,1440p,1.5,0.6579,575,9216,62.11,CPU,60
Intel Core i5-13600K,28000,14,20,3.5,5.1,24,125,AMD RX 6700 XT,18000,12,2321,2581,230,192,4K,2.5,1.5556,355,2304,54.65,CPU,19
Intel Core i9-12900K,35000,16,24,3.2,5.2,30,125,NVIDIA RTX 4070,23000,12,1920,2475,200,192,1440p,1.5,1.5217,325,2304,12.33,CPU,58
Intel Core i5-12400F,19000,6,12,2.5,4.4,18,65,AMD RX 580,9000,8,1257,1340,185,256,1080p,1.0,2.1111,250,2048,51.08,GPU,25
Intel Core i7-14700K,37000,20,28,3.4,5.6,33,125,AMD RX 7700 XT,21000,12,1700,2544,245,192,4K,2.5,1.7619,370,2304,45.21,CPU,24
AMD Ryzen 5 5600,20000,6,12,3.5,4.4,35,65,NVIDIA RTX 4070,23000,12,1920,2475,200,192,1080p,1.0,0.8696,265,2304,15.43,CPU,81
AMD Ryzen 7 7700X,32000,8,16,4.5,5.4,40,105,AMD RX 6900 XT,26000,16,1825,2250,300,256,4K,2.5,1.2308,405,4096,63.74,CPU,25
Intel Core i9-13900K,40000,24,32,3.0,5.8,36,125,NVIDIA RTX 3070,21000,8,1500,1730,220,256,4K,2.5,1.9048,345,2048,45.5,CPU,23
Intel Core i5-12400F,19000,6,12,2.5,4.4,18,65,NVIDIA RTX 3050,12000,8,1552,1777,130,128,1080p,1.0,1.5833,195,1024,35.55,GPU,39
AMD Ryzen 5 7600,25000,6,12,3.8,5.1,38,65,AMD RX 7900 XTX,34000,24,1855,2499,355,384,4K,2.5,0.7353,420,9216,75.49,CPU,31
Intel Core i5-12600K,25000,10,16,3.7,4.9,20,125,NVIDIA RTX 4070 SUPER,26000,12,1980,2475,220,192,4K,2.5,0.9615,345,2304,70.6,CPU,23
AMD Ryzen 9 5950X,32000,16,32,3.4,4.9,72,105,NVIDIA RTX 3080,25000,10,1440,1710,320,320,1440p,1.5,1.28,425,3200,24.3,CPU,53
Intel Core i9-14900K,41000,24,32,3.2,6.0,36,125,NVIDIA RTX 4080 SUPER,33000,16,2295,2550,320,256,1440p,1.5,1.2424,445,4096,28.12,CPU,78
AMD Ryzen 9 7950X,42000,16,32,4.5,5.7,80,170,AMD RX 7900 XTX,34000,24,1855,2499,355,384,4K,2.5,1.2353,525,9216,61.09,CPU,35
AMD Ryzen 5 7600X,27000,6,12,4.7,5.3,38,105,NVIDIA RTX 3090,27000,24,1395,1695,350,384,1440p,1.5,1.0,455,9216,41.81,CPU,51
AMD Ryzen 7 7800X3D,34000,8,16,4.2,5.0,104,120,NVIDIA RTX 4090,38000,24,2235,2520,450,384,4K,2.5,0.8947,570,9216,70.68,CPU,35
AMD Ryzen 5 5500,18000,6,12,3.6,4.2,19,65,NVIDIA RTX 4070 Ti,27000,12,2310,2610,285,192,1080p,1.0,0.6667,350,2304,32.59,CPU,81
Intel Core i3-13100F,14000,4,8,3.4,4.5,12,58,NVIDIA RTX 4060,18000,8,1830,2460,115,128,1080p,1.0,0.7778,173,1024,20.74,CPU,59
Intel Core i5-12400F,19000,6,12,2.5,4.4,18,65,NVIDIA RTX 4060 Ti,20000,8,2310,2535,160,128,1440p,1.5,0.95,225,1024,47.35,CPU,36
AMD Ryzen 7 7700X,32000,8,16,4.5,5.4,40,105,AMD RX 6800 XT,24000,16,1825,2250,300,256,1080p,1.0,1.3333,405,4096,24.15,GPU,85
AMD Ryzen 7 5800X,26000,8,16,3.8,4.7,36,105,NVIDIA RTX 3060,16000,12,1320,1777,170,192,1080p,1.0,1.625,275,2304,38.97,GPU,48
Intel Core i3-13100F,14000,4,8,3.4,4.5,12,58,NVIDIA RTX 4070 SUPER,26000,12,1980,2475,220,192,4K,2.5,0.5385,278,2304,81.21,CPU,22
Intel Core i3-10100F,10000,4,8,3.6,4.3,6,65,AMD RX 7700 XT,21000,12,1700,2544,245,192,1080p,1.0,0.4762,310,2304,51.3,CPU,53
AMD Ryzen 9 5950X,32000,16,32,3.4,4.9,72,105,AMD RX 6900 XT,26000,16,1825,2250,300,256,4K,2.5,1.2308,405,4096,64.22,CPU,24
AMD Ryzen 9 7950X,42000,16,32,4.5,5.7,80,170,AMD RX 6800 XT,24000,16,1825,2250,300,256,1440p,1.5,1.75,470,4096,0,BALANCED,68
AMD Ryzen 7 5800X,26000,8,16,3.8,4.7,36,105,NVIDIA RTX 4080 SUPER,33000,16,2295,2550,320,256,4K,2.5,0.7879,425,4096,76.63,CPU,30
Intel Core i7-13700K,35000,16,24,3.4,5.4,30,125,AMD RX 6500 XT,8000,4,2310,2815,107,64,1440p,1.5,4.375,232,256,64.83,GPU,13
Intel Core i3-12100F,13000,4,8,3.3,4.3,12,58,NVIDIA RTX 4060 Ti,20000,8,2310,2535,160,128,4K,2.5,0.65,218,1024,78.67,CPU,18
Intel Core i9-12900K,35000,16,24,3.2,5.2,30,125,AMD RX 7600,16000,8,1720,2655,165,128,4K,2.5,2.1875,290,1024,35.07,CPU,21
Intel Core i5-12400F,19000,6,12,2.5,4.4,18,65,NVIDIA RTX 4080 SUPER,33000,16,2295,2550,320,256,4K,2.5,0.5758,385,4096,84.4,CPU,28
Intel Core i9-14900K,41000,24,32,3.2,6.0,36,125,NVIDIA RTX 3090,27000,24,1395,1695,350,384,1080p,1.0,1.5185,475,9216,32.39,GPU,84
Intel Core i7-13700K,35000,16,24,3.4,5.4,30,125,NVIDIA RTX 4090,38000,24,2235,2520,450,384,1080p,1.0,0.9211,575,9216,4.8,CPU,149
Intel Core i5-12400F,19000,6,12,2.5,4.4,18,65,AMD RX 6600,14000,8,1626,2491,132,128,1080p,1.0,1.3571,197,1024,25.4,GPU,48
AMD Ryzen 9 5950X,32000,16,32,3.4,4.9,72,105,NVIDIA RTX 3050,12000,8,1552,1777,130,128,1080p,1.0,2.6667,235,1024,64.03,GPU,29
Intel Core i5-13400F,22000,10,16,2.5,4.6,20,65,NVIDIA RTX 3060 Ti,19000,8,1410,1665,200,256,1080p,1.0,1.1579,265,2048,12.16,GPU,71
AMD Ryzen 7 7800X3D,34000,8,16,4.2,5.0,104,120,NVIDIA RTX 3060 Ti,19000,8,1410,1665,200,256,1440p,1.5,1.7895,320,2048,4.78,BALANCED,54
AMD Ryzen 5 7600,25000,6,12,3.8,5.1,38,65,AMD RX 7600,16000,8,1720,2655,165,128,1080p,1.0,1.5625,230,1024,34.64,GPU,53
